etfCode,name,missingField,coverageScore
0000D0,TIGER 엔비디아미국채커버드콜밸런스(합성),descriptions,0.55
0000D0,TIGER 엔비디아미국채커버드콜밸런스(합성),holdings,0.55
0000D0,TIGER 엔비디아미국채커버드콜밸런스(합성),sectorCountryWeights,0.55
0000J0,PLUS 한화그룹주,issuer,0.35
0000J0,PLUS 한화그룹주,benchmarkName,0.35
0000J0,PLUS 한화그룹주,descriptions,0.35
0000J0,PLUS 한화그룹주,strategyFacts,0.35
0000J0,PLUS 한화그룹주,distribution,0.35
0000J0,PLUS 한화그룹주,sectorCountryWeights,0.35
0000J0,PLUS 한화그룹주,feesAndAssets,0.35
0000Y0,HK 26-12 회사채(AA-이상)액티브,descriptions,0.55
0000Y0,HK 26-12 회사채(AA-이상)액티브,holdings,0.55
0000Y0,HK 26-12 회사채(AA-이상)액티브,sectorCountryWeights,0.55
0000Z0,RISE 바이오TOP10액티브,issuer,0.45
0000Z0,RISE 바이오TOP10액티브,benchmarkName,0.45
0000Z0,RISE 바이오TOP10액티브,descriptions,0.45
0000Z0,RISE 바이오TOP10액티브,distribution,0.45
0000Z0,RISE 바이오TOP10액티브,sectorCountryWeights,0.45
0000Z0,RISE 바이오TOP10액티브,feesAndAssets,0.45
0001P0,마이티 바이오시밀러&CDMO액티브,issuer,0.45
0001P0,마이티 바이오시밀러&CDMO액티브,benchmarkName,0.45
0001P0,마이티 바이오시밀러&CDMO액티브,descriptions,0.45
0001P0,마이티 바이오시밀러&CDMO액티브,distribution,0.45
0001P0,마이티 바이오시밀러&CDMO액티브,sectorCountryWeights,0.45
0001P0,마이티 바이오시밀러&CDMO액티브,feesAndAssets,0.45
0005D0,SOL 전고체배터리&실리콘음극재,issuer,0.35
0005D0,SOL 전고체배터리&실리콘음극재,benchmarkName,0.35
0005D0,SOL 전고체배터리&실리콘음극재,descriptions,0.35
0005D0,SOL 전고체배터리&실리콘음극재,strategyFacts,0.35
0005D0,SOL 전고체배터리&실리콘음극재,distribution,0.35
0005D0,SOL 전고체배터리&실리콘음극재,sectorCountryWeights,0.35
0005D0,SOL 전고체배터리&실리콘음극재,feesAndAssets,0.35
0005G0,IBK K-AI반도체코어테크,descriptions,0.75
0005G0,IBK K-AI반도체코어테크,sectorCountryWeights,0.75
0007N0,아이엠에셋 200,issuer,0.35
0007N0,아이엠에셋 200,benchmarkName,0.35
0007N0,아이엠에셋 200,descriptions,0.35
0007N0,아이엠에셋 200,strategyFacts,0.35
0007N0,아이엠에셋 200,distribution,0.35
0007N0,아이엠에셋 200,sectorCountryWeights,0.35
0007N0,아이엠에셋 200,feesAndAssets,0.35
0008T0,SOL 화장품TOP3플러스,issuer,0.35
0008T0,SOL 화장품TOP3플러스,benchmarkName,0.35
0008T0,SOL 화장품TOP3플러스,descriptions,0.35
0008T0,SOL 화장품TOP3플러스,strategyFacts,0.35
0008T0,SOL 화장품TOP3플러스,distribution,0.35
0008T0,SOL 화장품TOP3플러스,sectorCountryWeights,0.35
0008T0,SOL 화장품TOP3플러스,feesAndAssets,0.35
0018C0,PLUS 고배당주위클리고정커버드콜,issuer,0.45
0018C0,PLUS 고배당주위클리고정커버드콜,benchmarkName,0.45
0018C0,PLUS 고배당주위클리고정커버드콜,descriptions,0.45
0018C0,PLUS 고배당주위클리고정커버드콜,distribution,0.45
0018C0,PLUS 고배당주위클리고정커버드콜,sectorCountryWeights,0.45
0018C0,PLUS 고배당주위클리고정커버드콜,feesAndAssets,0.45
0026S0,1Q 미국S&P500,descriptions,0.55
0026S0,1Q 미국S&P500,holdings,0.55
0026S0,1Q 미국S&P500,sectorCountryWeights,0.55
0049K0,ACE 미국배당퀄리티채권혼합50,descriptions,0.55
0049K0,ACE 미국배당퀄리티채권혼합50,holdings,0.55
0049K0,ACE 미국배당퀄리티채권혼합50,sectorCountryWeights,0.55
0052D0,TIGER 코리아배당다우존스,issuer,0.35
0052D0,TIGER 코리아배당다우존스,benchmarkName,0.35
0052D0,TIGER 코리아배당다우존스,descriptions,0.35
0052D0,TIGER 코리아배당다우존스,strategyFacts,0.35
0052D0,TIGER 코리아배당다우존스,distribution,0.35
0052D0,TIGER 코리아배당다우존스,sectorCountryWeights,0.35
0052D0,TIGER 코리아배당다우존스,feesAndAssets,0.35
0053M0,더제이 중소형포커스액티브,issuer,0.45
0053M0,더제이 중소형포커스액티브,benchmarkName,0.45
0053M0,더제이 중소형포커스액티브,descriptions,0.45
0053M0,더제이 중소형포커스액티브,distribution,0.45
0053M0,더제이 중소형포커스액티브,sectorCountryWeights,0.45
0053M0,더제이 중소형포커스액티브,feesAndAssets,0.45
0074K0,KoAct K수출핵심기업TOP30액티브,issuer,0.45
0074K0,KoAct K수출핵심기업TOP30액티브,benchmarkName,0.45
0074K0,KoAct K수출핵심기업TOP30액티브,descriptions,0.45
0074K0,KoAct K수출핵심기업TOP30액티브,distribution,0.45
0074K0,KoAct K수출핵심기업TOP30액티브,sectorCountryWeights,0.45
0074K0,KoAct K수출핵심기업TOP30액티브,feesAndAssets,0.45
0080G0,KODEX 방산TOP10,descriptions,0.75
0080G0,KODEX 방산TOP10,sectorCountryWeights,0.75
0080Y0,SOL 조선TOP3플러스레버리지,descriptions,0.75
0080Y0,SOL 조선TOP3플러스레버리지,sectorCountryWeights,0.75
0086B0,TIGER 리츠부동산인프라TOP10액티브,issuer,0.45
0086B0,TIGER 리츠부동산인프라TOP10액티브,benchmarkName,0.45
0086B0,TIGER 리츠부동산인프라TOP10액티브,descriptions,0.45
0086B0,TIGER 리츠부동산인프라TOP10액티브,distribution,0.45
0086B0,TIGER 리츠부동산인프라TOP10액티브,sectorCountryWeights,0.45
0086B0,TIGER 리츠부동산인프라TOP10액티브,feesAndAssets,0.45
0086C0,TIGER 리츠부동산인프라10채권혼합액티브,issuer,0.45
0086C0,TIGER 리츠부동산인프라10채권혼합액티브,benchmarkName,0.45
0086C0,TIGER 리츠부동산인프라10채권혼합액티브,descriptions,0.45
0086C0,TIGER 리츠부동산인프라10채권혼합액티브,distribution,0.45
0086C0,TIGER 리츠부동산인프라10채권혼합액티브,sectorCountryWeights,0.45
0086C0,TIGER 리츠부동산인프라10채권혼합액티브,feesAndAssets,0.45
0088N0,WON K-글로벌수급상위,issuer,0.35
0088N0,WON K-글로벌수급상위,benchmarkName,0.35
0088N0,WON K-글로벌수급상위,descriptions,0.35
0088N0,WON K-글로벌수급상위,strategyFacts,0.35
0088N0,WON K-글로벌수급상위,distribution,0.35
0088N0,WON K-글로벌수급상위,sectorCountryWeights,0.35
0088N0,WON K-글로벌수급상위,feesAndAssets,0.35
0089D0,KODEX 금융고배당TOP10,issuer,0.35
0089D0,KODEX 금융고배당TOP10,benchmarkName,0.35
0089D0,KODEX 금융고배당TOP10,descriptions,0.35
0089D0,KODEX 금융고배당TOP10,strategyFacts,0.35
0089D0,KODEX 금융고배당TOP10,distribution,0.35
0089D0,KODEX 금융고배당TOP10,sectorCountryWeights,0.35
0089D0,KODEX 금융고배당TOP10,feesAndAssets,0.35
0090B0,PLUS K방산소부장,issuer,0.35
0090B0,PLUS K방산소부장,benchmarkName,0.35
0090B0,PLUS K방산소부장,descriptions,0.35
0090B0,PLUS K방산소부장,strategyFacts,0.35
0090B0,PLUS K방산소부장,distribution,0.35
0090B0,PLUS K방산소부장,sectorCountryWeights,0.35
0090B0,PLUS K방산소부장,feesAndAssets,0.35
0091P0,TIGER 코리아원자력,issuer,0.35
0091P0,TIGER 코리아원자력,benchmarkName,0.35
0091P0,TIGER 코리아원자력,descriptions,0.35
0091P0,TIGER 코리아원자력,strategyFacts,0.35
0091P0,TIGER 코리아원자력,distribution,0.35
0091P0,TIGER 코리아원자력,sectorCountryWeights,0.35
0091P0,TIGER 코리아원자력,feesAndAssets,0.35
0092B0,SOL 한국원자력SMR,issuer,0.35
0092B0,SOL 한국원자력SMR,benchmarkName,0.35
0092B0,SOL 한국원자력SMR,descriptions,0.35
0092B0,SOL 한국원자력SMR,strategyFacts,0.35
0092B0,SOL 한국원자력SMR,distribution,0.35
0092B0,SOL 한국원자력SMR,sectorCountryWeights,0.35
0092B0,SOL 한국원자력SMR,feesAndAssets,0.35
0093A0,RISE AI반도체TOP10,issuer,0.35
0093A0,RISE AI반도체TOP10,benchmarkName,0.35
0093A0,RISE AI반도체TOP10,descriptions,0.35
0093A0,RISE AI반도체TOP10,strategyFacts,0.35
0093A0,RISE AI반도체TOP10,distribution,0.35
0093A0,RISE AI반도체TOP10,sectorCountryWeights,0.35
0093A0,RISE AI반도체TOP10,feesAndAssets,0.35
0094M0,RISE 코리아밸류업위클리고정커버드콜,issuer,0.45
0094M0,RISE 코리아밸류업위클리고정커버드콜,benchmarkName,0.45
0094M0,RISE 코리아밸류업위클리고정커버드콜,descriptions,0.45
0094M0,RISE 코리아밸류업위클리고정커버드콜,distribution,0.45
0094M0,RISE 코리아밸류업위클리고정커버드콜,sectorCountryWeights,0.45
0094M0,RISE 코리아밸류업위클리고정커버드콜,feesAndAssets,0.45
0098F0,KODEX 원자력SMR,issuer,0.35
0098F0,KODEX 원자력SMR,benchmarkName,0.35
0098F0,KODEX 원자력SMR,descriptions,0.35
0098F0,KODEX 원자력SMR,strategyFacts,0.35
0098F0,KODEX 원자력SMR,distribution,0.35
0098F0,KODEX 원자력SMR,sectorCountryWeights,0.35
0098F0,KODEX 원자력SMR,feesAndAssets,0.35
0098N0,PLUS 자사주매입고배당주,issuer,0.35
0098N0,PLUS 자사주매입고배당주,benchmarkName,0.35
0098N0,PLUS 자사주매입고배당주,descriptions,0.35
0098N0,PLUS 자사주매입고배당주,strategyFacts,0.35
0098N0,PLUS 자사주매입고배당주,distribution,0.35
0098N0,PLUS 자사주매입고배당주,sectorCountryWeights,0.35
0098N0,PLUS 자사주매입고배당주,feesAndAssets,0.35
0098Z0,FOCUS 200,issuer,0.35
0098Z0,FOCUS 200,benchmarkName,0.35
0098Z0,FOCUS 200,descriptions,0.35
0098Z0,FOCUS 200,strategyFacts,0.35
0098Z0,FOCUS 200,distribution,0.35
0098Z0,FOCUS 200,sectorCountryWeights,0.35
0098Z0,FOCUS 200,feesAndAssets,0.35
0100K0,KODEX 방산TOP10레버리지,issuer,0.45
0100K0,KODEX 방산TOP10레버리지,benchmarkName,0.45
0100K0,KODEX 방산TOP10레버리지,descriptions,0.45
0100K0,KODEX 방산TOP10레버리지,distribution,0.45
0100K0,KODEX 방산TOP10레버리지,sectorCountryWeights,0.45
0100K0,KODEX 방산TOP10레버리지,feesAndAssets,0.45
0101N0,RISE AI전력인프라,issuer,0.35
0101N0,RISE AI전력인프라,benchmarkName,0.35
0101N0,RISE AI전력인프라,descriptions,0.35
0101N0,RISE AI전력인프라,strategyFacts,0.35
0101N0,RISE AI전력인프라,distribution,0.35
0101N0,RISE AI전력인프라,sectorCountryWeights,0.35
0101N0,RISE AI전력인프라,feesAndAssets,0.35
0103T0,1Q K소버린AI,issuer,0.35
0103T0,1Q K소버린AI,benchmarkName,0.35
0103T0,1Q K소버린AI,descriptions,0.35
0103T0,1Q K소버린AI,strategyFacts,0.35
0103T0,1Q K소버린AI,distribution,0.35
0103T0,1Q K소버린AI,sectorCountryWeights,0.35
0103T0,1Q K소버린AI,feesAndAssets,0.35
0104G0,PLUS K방산레버리지,issuer,0.45
0104G0,PLUS K방산레버리지,benchmarkName,0.45
0104G0,PLUS K방산레버리지,descriptions,0.45
0104G0,PLUS K방산레버리지,distribution,0.45
0104G0,PLUS K방산레버리지,sectorCountryWeights,0.45
0104G0,PLUS K방산레버리지,feesAndAssets,0.45
0104N0,TIGER 200타겟위클리커버드콜,issuer,0.45
0104N0,TIGER 200타겟위클리커버드콜,benchmarkName,0.45
0104N0,TIGER 200타겟위클리커버드콜,descriptions,0.45
0104N0,TIGER 200타겟위클리커버드콜,distribution,0.45
0104N0,TIGER 200타겟위클리커버드콜,sectorCountryWeights,0.45
0104N0,TIGER 200타겟위클리커버드콜,feesAndAssets,0.45
0104P0,TIGER 코리아배당다우존스위클리커버드콜,issuer,0.45
0104P0,TIGER 코리아배당다우존스위클리커버드콜,benchmarkName,0.45
0104P0,TIGER 코리아배당다우존스위클리커버드콜,descriptions,0.45
0104P0,TIGER 코리아배당다우존스위클리커버드콜,distribution,0.45
0104P0,TIGER 코리아배당다우존스위클리커버드콜,sectorCountryWeights,0.45
0104P0,TIGER 코리아배당다우존스위클리커버드콜,feesAndAssets,0.45
0105D0,SOL 한국AI소프트웨어,issuer,0.35
0105D0,SOL 한국AI소프트웨어,benchmarkName,0.35
0105D0,SOL 한국AI소프트웨어,descriptions,0.35
0105D0,SOL 한국AI소프트웨어,strategyFacts,0.35
0105D0,SOL 한국AI소프트웨어,distribution,0.35
0105D0,SOL 한국AI소프트웨어,sectorCountryWeights,0.35
0105D0,SOL 한국AI소프트웨어,feesAndAssets,0.35
0105E0,SOL 코리아고배당,issuer,0.35
0105E0,SOL 코리아고배당,benchmarkName,0.35
0105E0,SOL 코리아고배당,descriptions,0.35
0105E0,SOL 코리아고배당,strategyFacts,0.35
0105E0,SOL 코리아고배당,distribution,0.35
0105E0,SOL 코리아고배당,sectorCountryWeights,0.35
0105E0,SOL 코리아고배당,feesAndAssets,0.35
0111J0,HANARO 증권고배당TOP3플러스,issuer,0.35
0111J0,HANARO 증권고배당TOP3플러스,benchmarkName,0.35
0111J0,HANARO 증권고배당TOP3플러스,descriptions,0.35
0111J0,HANARO 증권고배당TOP3플러스,strategyFacts,0.35
0111J0,HANARO 증권고배당TOP3플러스,distribution,0.35
0111J0,HANARO 증권고배당TOP3플러스,sectorCountryWeights,0.35
0111J0,HANARO 증권고배당TOP3플러스,feesAndAssets,0.35
0112X0,마이티 200TR,issuer,0.35
0112X0,마이티 200TR,benchmarkName,0.35
0112X0,마이티 200TR,descriptions,0.35
0112X0,마이티 200TR,strategyFacts,0.35
0112X0,마이티 200TR,distribution,0.35
0112X0,마이티 200TR,sectorCountryWeights,0.35
0112X0,마이티 200TR,feesAndAssets,0.35
0115D0,KODEX 조선TOP10,issuer,0.35
0115D0,KODEX 조선TOP10,benchmarkName,0.35
0115D0,KODEX 조선TOP10,descriptions,0.35
0115D0,KODEX 조선TOP10,strategyFacts,0.35
0115D0,KODEX 조선TOP10,distribution,0.35
0115D0,KODEX 조선TOP10,sectorCountryWeights,0.35
0115D0,KODEX 조선TOP10,feesAndAssets,0.35
0115E0,KODEX 코리아소버린AI,issuer,0.35
0115E0,KODEX 코리아소버린AI,benchmarkName,0.35
0115E0,KODEX 코리아소버린AI,descriptions,0.35
0115E0,KODEX 코리아소버린AI,strategyFacts,0.35
0115E0,KODEX 코리아소버린AI,distribution,0.35
0115E0,KODEX 코리아소버린AI,sectorCountryWeights,0.35
0115E0,KODEX 코리아소버린AI,feesAndAssets,0.35
0117V0,TIGER 코리아AI전력기기TOP3플러스,issuer,0.35
0117V0,TIGER 코리아AI전력기기TOP3플러스,benchmarkName,0.35
0117V0,TIGER 코리아AI전력기기TOP3플러스,descriptions,0.35
0117V0,TIGER 코리아AI전력기기TOP3플러스,strategyFacts,0.35
0117V0,TIGER 코리아AI전력기기TOP3플러스,distribution,0.35
0117V0,TIGER 코리아AI전력기기TOP3플러스,sectorCountryWeights,0.35
0117V0,TIGER 코리아AI전력기기TOP3플러스,feesAndAssets,0.35
0120J0,BNK 카카오그룹포커스,issuer,0.35
0120J0,BNK 카카오그룹포커스,benchmarkName,0.35
0120J0,BNK 카카오그룹포커스,descriptions,0.35
0120J0,BNK 카카오그룹포커스,strategyFacts,0.35
0120J0,BNK 카카오그룹포커스,distribution,0.35
0120J0,BNK 카카오그룹포커스,sectorCountryWeights,0.35
0120J0,BNK 카카오그룹포커스,feesAndAssets,0.35
0138D0,RISE 동학개미,issuer,0.35
0138D0,RISE 동학개미,benchmarkName,0.35
0138D0,RISE 동학개미,descriptions,0.35
0138D0,RISE 동학개미,strategyFacts,0.35
0138D0,RISE 동학개미,distribution,0.35
0138D0,RISE 동학개미,sectorCountryWeights,0.35
0138D0,RISE 동학개미,feesAndAssets,0.35
0139P0,ACE 고배당주,issuer,0.35
0139P0,ACE 고배당주,benchmarkName,0.35
0139P0,ACE 고배당주,descriptions,0.35
0139P0,ACE 고배당주,strategyFacts,0.35
0139P0,ACE 고배당주,distribution,0.35
0139P0,ACE 고배당주,sectorCountryWeights,0.35
0139P0,ACE 고배당주,feesAndAssets,0.35
0141S0,SOL 조선기자재,issuer,0.35
0141S0,SOL 조선기자재,benchmarkName,0.35
0141S0,SOL 조선기자재,descriptions,0.35
0141S0,SOL 조선기자재,strategyFacts,0.35
0141S0,SOL 조선기자재,distribution,0.35
0141S0,SOL 조선기자재,sectorCountryWeights,0.35
0141S0,SOL 조선기자재,feesAndAssets,0.35
0148J0,TIGER 코리아휴머노이드로봇산업,issuer,0.35
0148J0,TIGER 코리아휴머노이드로봇산업,benchmarkName,0.35
0148J0,TIGER 코리아휴머노이드로봇산업,descriptions,0.35
0148J0,TIGER 코리아휴머노이드로봇산업,strategyFacts,0.35
0148J0,TIGER 코리아휴머노이드로봇산업,distribution,0.35
0148J0,TIGER 코리아휴머노이드로봇산업,sectorCountryWeights,0.35
0148J0,TIGER 코리아휴머노이드로봇산업,feesAndAssets,0.35
0150K0,KoAct 수소전력ESS인프라액티브,issuer,0.45
0150K0,KoAct 수소전력ESS인프라액티브,benchmarkName,0.45
0150K0,KoAct 수소전력ESS인프라액티브,descriptions,0.45
0150K0,KoAct 수소전력ESS인프라액티브,distribution,0.45
0150K0,KoAct 수소전력ESS인프라액티브,sectorCountryWeights,0.45
0150K0,KoAct 수소전력ESS인프라액티브,feesAndAssets,0.45
0151P0,RISE 코리아전략산업액티브,issuer,0.45
0151P0,RISE 코리아전략산업액티브,benchmarkName,0.45
0151P0,RISE 코리아전략산업액티브,descriptions,0.45
0151P0,RISE 코리아전략산업액티브,distribution,0.45
0151P0,RISE 코리아전략산업액티브,sectorCountryWeights,0.45
0151P0,RISE 코리아전략산업액티브,feesAndAssets,0.45
0152E0,SOL 배당성향탑픽액티브,issuer,0.45
0152E0,SOL 배당성향탑픽액티브,benchmarkName,0.45
0152E0,SOL 배당성향탑픽액티브,descriptions,0.45
0152E0,SOL 배당성향탑픽액티브,distribution,0.45
0152E0,SOL 배당성향탑픽액티브,sectorCountryWeights,0.45
0152E0,SOL 배당성향탑픽액티브,feesAndAssets,0.45
0153K0,KODEX 주주환원고배당주,issuer,0.35
0153K0,KODEX 주주환원고배당주,benchmarkName,0.35
0153K0,KODEX 주주환원고배당주,descriptions,0.35
0153K0,KODEX 주주환원고배당주,strategyFacts,0.35
0153K0,KODEX 주주환원고배당주,distribution,0.35
0153K0,KODEX 주주환원고배당주,sectorCountryWeights,0.35
0153K0,KODEX 주주환원고배당주,feesAndAssets,0.35
0153P0,ACE 리츠부동산인프라액티브,issuer,0.45
0153P0,ACE 리츠부동산인프라액티브,benchmarkName,0.45
0153P0,ACE 리츠부동산인프라액티브,descriptions,0.45
0153P0,ACE 리츠부동산인프라액티브,distribution,0.45
0153P0,ACE 리츠부동산인프라액티브,sectorCountryWeights,0.45
0153P0,ACE 리츠부동산인프라액티브,feesAndAssets,0.45
0154F0,WON 초대형IB&금융지주,issuer,0.35
0154F0,WON 초대형IB&금융지주,benchmarkName,0.35
0154F0,WON 초대형IB&금융지주,descriptions,0.35
0154F0,WON 초대형IB&금융지주,strategyFacts,0.35
0154F0,WON 초대형IB&금융지주,distribution,0.35
0154F0,WON 초대형IB&금융지주,sectorCountryWeights,0.35
0154F0,WON 초대형IB&금융지주,feesAndAssets,0.35
0155N0,HANARO K휴머노이드테마TOP10,issuer,0.35
0155N0,HANARO K휴머노이드테마TOP10,benchmarkName,0.35
0155N0,HANARO K휴머노이드테마TOP10,descriptions,0.35
0155N0,HANARO K휴머노이드테마TOP10,strategyFacts,0.35
0155N0,HANARO K휴머노이드테마TOP10,distribution,0.35
0155N0,HANARO K휴머노이드테마TOP10,sectorCountryWeights,0.35
0155N0,HANARO K휴머노이드테마TOP10,feesAndAssets,0.35
0162Y0,TIME 코스닥액티브,issuer,0.45
0162Y0,TIME 코스닥액티브,benchmarkName,0.45
0162Y0,TIME 코스닥액티브,descriptions,0.45
0162Y0,TIME 코스닥액티브,distribution,0.45
0162Y0,TIME 코스닥액티브,sectorCountryWeights,0.45
0162Y0,TIME 코스닥액티브,feesAndAssets,0.45
0163Y0,KoAct 코스닥액티브,issuer,0.45
0163Y0,KoAct 코스닥액티브,benchmarkName,0.45
0163Y0,KoAct 코스닥액티브,descriptions,0.45
0163Y0,KoAct 코스닥액티브,distribution,0.45
0163Y0,KoAct 코스닥액티브,sectorCountryWeights,0.45
0163Y0,KoAct 코스닥액티브,feesAndAssets,0.45
0166N0,PLUS 코스닥150액티브,issuer,0.45
0166N0,PLUS 코스닥150액티브,benchmarkName,0.45
0166N0,PLUS 코스닥150액티브,descriptions,0.45
0166N0,PLUS 코스닥150액티브,distribution,0.45
0166N0,PLUS 코스닥150액티브,sectorCountryWeights,0.45
0166N0,PLUS 코스닥150액티브,feesAndAssets,0.45
0166S0,PLUS K제조업핵심기업액티브,issuer,0.45
0166S0,PLUS K제조업핵심기업액티브,benchmarkName,0.45
0166S0,PLUS K제조업핵심기업액티브,descriptions,0.45
0166S0,PLUS K제조업핵심기업액티브,distribution,0.45
0166S0,PLUS K제조업핵심기업액티브,sectorCountryWeights,0.45
0166S0,PLUS K제조업핵심기업액티브,feesAndAssets,0.45
0167A0,SOL AI반도체TOP2플러스,issuer,0.35
0167A0,SOL AI반도체TOP2플러스,benchmarkName,0.35
0167A0,SOL AI반도체TOP2플러스,descriptions,0.35
0167A0,SOL AI반도체TOP2플러스,strategyFacts,0.35
0167A0,SOL AI반도체TOP2플러스,distribution,0.35
0167A0,SOL AI반도체TOP2플러스,sectorCountryWeights,0.35
0167A0,SOL AI반도체TOP2플러스,feesAndAssets,0.35
0167B0,SOL 200타겟위클리커버드콜,issuer,0.45
0167B0,SOL 200타겟위클리커버드콜,benchmarkName,0.45
0167B0,SOL 200타겟위클리커버드콜,descriptions,0.45
0167B0,SOL 200타겟위클리커버드콜,distribution,0.45
0167B0,SOL 200타겟위클리커버드콜,sectorCountryWeights,0.45
0167B0,SOL 200타겟위클리커버드콜,feesAndAssets,0.45
0168K0,TIGER 기술이전바이오액티브,issuer,0.45
0168K0,TIGER 기술이전바이오액티브,benchmarkName,0.45
0168K0,TIGER 기술이전바이오액티브,descriptions,0.45
0168K0,TIGER 기술이전바이오액티브,distribution,0.45
0168K0,TIGER 기술이전바이오액티브,sectorCountryWeights,0.45
0168K0,TIGER 기술이전바이오액티브,feesAndAssets,0.45
0172Y0,ACE K수출핵심TOP10산업액티브,issuer,0.45
0172Y0,ACE K수출핵심TOP10산업액티브,benchmarkName,0.45
0172Y0,ACE K수출핵심TOP10산업액티브,descriptions,0.45
0172Y0,ACE K수출핵심TOP10산업액티브,distribution,0.45
0172Y0,ACE K수출핵심TOP10산업액티브,sectorCountryWeights,0.45
0172Y0,ACE K수출핵심TOP10산업액티브,feesAndAssets,0.45
0174J0,DAISHIN343 오피스리츠플러스,issuer,0.35
0174J0,DAISHIN343 오피스리츠플러스,benchmarkName,0.35
0174J0,DAISHIN343 오피스리츠플러스,descriptions,0.35
0174J0,DAISHIN343 오피스리츠플러스,strategyFacts,0.35
0174J0,DAISHIN343 오피스리츠플러스,distribution,0.35
0174J0,DAISHIN343 오피스리츠플러스,sectorCountryWeights,0.35
0174J0,DAISHIN343 오피스리츠플러스,feesAndAssets,0.35
0176P0,FOCUS AI반도체위클리고정커버드콜,issuer,0.45
0176P0,FOCUS AI반도체위클리고정커버드콜,benchmarkName,0.45
0176P0,FOCUS AI반도체위클리고정커버드콜,descriptions,0.45
0176P0,FOCUS AI반도체위클리고정커버드콜,distribution,0.45
0176P0,FOCUS AI반도체위클리고정커버드콜,sectorCountryWeights,0.45
0176P0,FOCUS AI반도체위클리고정커버드콜,feesAndAssets,0.45
0177A0,WON 두산그룹포커스,issuer,0.35
0177A0,WON 두산그룹포커스,benchmarkName,0.35
0177A0,WON 두산그룹포커스,descriptions,0.35
0177A0,WON 두산그룹포커스,strategyFacts,0.35
0177A0,WON 두산그룹포커스,distribution,0.35
0177A0,WON 두산그룹포커스,sectorCountryWeights,0.35
0177A0,WON 두산그룹포커스,feesAndAssets,0.35
0177R0,TIGER 반도체TOP10커버드콜액티브,issuer,0.45
0177R0,TIGER 반도체TOP10커버드콜액티브,benchmarkName,0.45
0177R0,TIGER 반도체TOP10커버드콜액티브,descriptions,0.45
0177R0,TIGER 반도체TOP10커버드콜액티브,distribution,0.45
0177R0,TIGER 반도체TOP10커버드콜액티브,sectorCountryWeights,0.45
0177R0,TIGER 반도체TOP10커버드콜액티브,feesAndAssets,0.45
0177X0,ACE K휴머노이드로봇산업TOP2+,issuer,0.35
0177X0,ACE K휴머노이드로봇산업TOP2+,benchmarkName,0.35
0177X0,ACE K휴머노이드로봇산업TOP2+,descriptions,0.35
0177X0,ACE K휴머노이드로봇산업TOP2+,strategyFacts,0.35
0177X0,ACE K휴머노이드로봇산업TOP2+,distribution,0.35
0177X0,ACE K휴머노이드로봇산업TOP2+,sectorCountryWeights,0.35
0177X0,ACE K휴머노이드로봇산업TOP2+,feesAndAssets,0.35
0182R0,1Q K반도체TOP2+,issuer,0.35
0182R0,1Q K반도체TOP2+,benchmarkName,0.35
0182R0,1Q K반도체TOP2+,descriptions,0.35
0182R0,1Q K반도체TOP2+,strategyFacts,0.35
0182R0,1Q K반도체TOP2+,distribution,0.35
0182R0,1Q K반도체TOP2+,sectorCountryWeights,0.35
0182R0,1Q K반도체TOP2+,feesAndAssets,0.35
0184V0,UNICORN K바이오액티브,issuer,0.45
0184V0,UNICORN K바이오액티브,benchmarkName,0.45
0184V0,UNICORN K바이오액티브,descriptions,0.45
0184V0,UNICORN K바이오액티브,distribution,0.45
0184V0,UNICORN K바이오액티브,sectorCountryWeights,0.45
0184V0,UNICORN K바이오액티브,feesAndAssets,0.45
0189Z0,DAISHIN343 금융&지주고배당,issuer,0.35
0189Z0,DAISHIN343 금융&지주고배당,benchmarkName,0.35
0189Z0,DAISHIN343 금융&지주고배당,descriptions,0.35
0189Z0,DAISHIN343 금융&지주고배당,strategyFacts,0.35
0189Z0,DAISHIN343 금융&지주고배당,distribution,0.35
0189Z0,DAISHIN343 금융&지주고배당,sectorCountryWeights,0.35
0189Z0,DAISHIN343 금융&지주고배당,feesAndAssets,0.35
0190C0,RISE 현대차고정피지컬AI,issuer,0.35
0190C0,RISE 현대차고정피지컬AI,benchmarkName,0.35
0190C0,RISE 현대차고정피지컬AI,descriptions,0.35
0190C0,RISE 현대차고정피지컬AI,strategyFacts,0.35
0190C0,RISE 현대차고정피지컬AI,distribution,0.35
0190C0,RISE 현대차고정피지컬AI,sectorCountryWeights,0.35
0190C0,RISE 현대차고정피지컬AI,feesAndAssets,0.35
0190G0,KODEX 반도체타겟위클리커버드콜,issuer,0.45
0190G0,KODEX 반도체타겟위클리커버드콜,benchmarkName,0.45
0190G0,KODEX 반도체타겟위클리커버드콜,descriptions,0.45
0190G0,KODEX 반도체타겟위클리커버드콜,distribution,0.45
0190G0,KODEX 반도체타겟위클리커버드콜,sectorCountryWeights,0.45
0190G0,KODEX 반도체타겟위클리커버드콜,feesAndAssets,0.45
0191B0,MIDAS 코스닥액티브,issuer,0.45
0191B0,MIDAS 코스닥액티브,benchmarkName,0.45
0191B0,MIDAS 코스닥액티브,descriptions,0.45
0191B0,MIDAS 코스닥액티브,distribution,0.45
0191B0,MIDAS 코스닥액티브,sectorCountryWeights,0.45
0191B0,MIDAS 코스닥액티브,feesAndAssets,0.45
0191S0,IBK 코스닥150,issuer,0.35
0191S0,IBK 코스닥150,benchmarkName,0.35
0191S0,IBK 코스닥150,descriptions,0.35
0191S0,IBK 코스닥150,strategyFacts,0.35
0191S0,IBK 코스닥150,distribution,0.35
0191S0,IBK 코스닥150,sectorCountryWeights,0.35
0191S0,IBK 코스닥150,feesAndAssets,0.35
0192L0,RISE SK하이닉스단일종목레버리지,issuer,0.45
0192L0,RISE SK하이닉스단일종목레버리지,benchmarkName,0.45
0192L0,RISE SK하이닉스단일종목레버리지,descriptions,0.45
0192L0,RISE SK하이닉스단일종목레버리지,distribution,0.45
0192L0,RISE SK하이닉스단일종목레버리지,sectorCountryWeights,0.45
0192L0,RISE SK하이닉스단일종목레버리지,feesAndAssets,0.45
0192M0,RISE 삼성전자단일종목레버리지,issuer,0.45
0192M0,RISE 삼성전자단일종목레버리지,benchmarkName,0.45
0192M0,RISE 삼성전자단일종목레버리지,descriptions,0.45
0192M0,RISE 삼성전자단일종목레버리지,distribution,0.45
0192M0,RISE 삼성전자단일종목레버리지,sectorCountryWeights,0.45
0192M0,RISE 삼성전자단일종목레버리지,feesAndAssets,0.45
0192T0,SOL 코스닥TOP10,issuer,0.35
0192T0,SOL 코스닥TOP10,benchmarkName,0.35
0192T0,SOL 코스닥TOP10,descriptions,0.35
0192T0,SOL 코스닥TOP10,strategyFacts,0.35
0192T0,SOL 코스닥TOP10,distribution,0.35
0192T0,SOL 코스닥TOP10,sectorCountryWeights,0.35
0192T0,SOL 코스닥TOP10,feesAndAssets,0.35
0193G0,KoAct 코스피액티브,issuer,0.45
0193G0,KoAct 코스피액티브,benchmarkName,0.45
0193G0,KoAct 코스피액티브,descriptions,0.45
0193G0,KoAct 코스피액티브,distribution,0.45
0193G0,KoAct 코스피액티브,sectorCountryWeights,0.45
0193G0,KoAct 코스피액티브,feesAndAssets,0.45
0193K0,PLUS 삼성전자단일종목레버리지,issuer,0.45
0193K0,PLUS 삼성전자단일종목레버리지,benchmarkName,0.45
0193K0,PLUS 삼성전자단일종목레버리지,descriptions,0.45
0193K0,PLUS 삼성전자단일종목레버리지,distribution,0.45
0193K0,PLUS 삼성전자단일종목레버리지,sectorCountryWeights,0.45
0193K0,PLUS 삼성전자단일종목레버리지,feesAndAssets,0.45
0193L0,PLUS 삼성전자선물단일종목인버스2X,descriptions,0.75
0193L0,PLUS 삼성전자선물단일종목인버스2X,sectorCountryWeights,0.75
0193T0,KODEX SK하이닉스단일종목레버리지,issuer,0.45
0193T0,KODEX SK하이닉스단일종목레버리지,benchmarkName,0.45
0193T0,KODEX SK하이닉스단일종목레버리지,descriptions,0.45
0193T0,KODEX SK하이닉스단일종목레버리지,distribution,0.45
0193T0,KODEX SK하이닉스단일종목레버리지,sectorCountryWeights,0.45
0193T0,KODEX SK하이닉스단일종목레버리지,feesAndAssets,0.45
0193W0,KODEX 삼성전자단일종목레버리지,issuer,0.45
0193W0,KODEX 삼성전자단일종목레버리지,benchmarkName,0.45
0193W0,KODEX 삼성전자단일종목레버리지,descriptions,0.45
0193W0,KODEX 삼성전자단일종목레버리지,distribution,0.45
0193W0,KODEX 삼성전자단일종목레버리지,sectorCountryWeights,0.45
0193W0,KODEX 삼성전자단일종목레버리지,feesAndAssets,0.45
0194M0,ACE 삼성전자단일종목레버리지,issuer,0.45
0194M0,ACE 삼성전자단일종목레버리지,benchmarkName,0.45
0194M0,ACE 삼성전자단일종목레버리지,descriptions,0.45
0194M0,ACE 삼성전자단일종목레버리지,distribution,0.45
0194M0,ACE 삼성전자단일종목레버리지,sectorCountryWeights,0.45
0194M0,ACE 삼성전자단일종목레버리지,feesAndAssets,0.45
0194N0,KIWOOM 삼성전자선물단일종목레버리지,issuer,0.45
0194N0,KIWOOM 삼성전자선물단일종목레버리지,benchmarkName,0.45
0194N0,KIWOOM 삼성전자선물단일종목레버리지,descriptions,0.45
0194N0,KIWOOM 삼성전자선물단일종목레버리지,distribution,0.45
0194N0,KIWOOM 삼성전자선물단일종목레버리지,sectorCountryWeights,0.45
0194N0,KIWOOM 삼성전자선물단일종목레버리지,feesAndAssets,0.45
0194R0,KIWOOM SK하이닉스선물단일종목레버리지,issuer,0.45
0194R0,KIWOOM SK하이닉스선물단일종목레버리지,benchmarkName,0.45
0194R0,KIWOOM SK하이닉스선물단일종목레버리지,descriptions,0.45
0194R0,KIWOOM SK하이닉스선물단일종목레버리지,distribution,0.45
0194R0,KIWOOM SK하이닉스선물단일종목레버리지,sectorCountryWeights,0.45
0194R0,KIWOOM SK하이닉스선물단일종목레버리지,feesAndAssets,0.45
0194T0,ACE SK하이닉스단일종목레버리지,issuer,0.45
0194T0,ACE SK하이닉스단일종목레버리지,benchmarkName,0.45
0194T0,ACE SK하이닉스단일종목레버리지,descriptions,0.45
0194T0,ACE SK하이닉스단일종목레버리지,distribution,0.45
0194T0,ACE SK하이닉스단일종목레버리지,sectorCountryWeights,0.45
0194T0,ACE SK하이닉스단일종목레버리지,feesAndAssets,0.45
0195R0,TIGER 삼성전자단일종목레버리지,issuer,0.45
0195R0,TIGER 삼성전자단일종목레버리지,benchmarkName,0.45
0195R0,TIGER 삼성전자단일종목레버리지,descriptions,0.45
0195R0,TIGER 삼성전자단일종목레버리지,distribution,0.45
0195R0,TIGER 삼성전자단일종목레버리지,sectorCountryWeights,0.45
0195R0,TIGER 삼성전자단일종목레버리지,feesAndAssets,0.45
0195S0,TIGER SK하이닉스단일종목레버리지,issuer,0.45
0195S0,TIGER SK하이닉스단일종목레버리지,benchmarkName,0.45
0195S0,TIGER SK하이닉스단일종목레버리지,descriptions,0.45
0195S0,TIGER SK하이닉스단일종목레버리지,distribution,0.45
0195S0,TIGER SK하이닉스단일종목레버리지,sectorCountryWeights,0.45
0195S0,TIGER SK하이닉스단일종목레버리지,feesAndAssets,0.45
0197W0,SOL SK하이닉스단일종목레버리지,issuer,0.45
0197W0,SOL SK하이닉스단일종목레버리지,benchmarkName,0.45
0197W0,SOL SK하이닉스단일종목레버리지,descriptions,0.45
0197W0,SOL SK하이닉스단일종목레버리지,distribution,0.45
0197W0,SOL SK하이닉스단일종목레버리지,sectorCountryWeights,0.45
0197W0,SOL SK하이닉스단일종목레버리지,feesAndAssets,0.45
0198A0,KIWOOM 코스닥150커버드콜액티브,issuer,0.45
0198A0,KIWOOM 코스닥150커버드콜액티브,benchmarkName,0.45
0198A0,KIWOOM 코스닥150커버드콜액티브,descriptions,0.45
0198A0,KIWOOM 코스닥150커버드콜액티브,distribution,0.45
0198A0,KIWOOM 코스닥150커버드콜액티브,sectorCountryWeights,0.45
0198A0,KIWOOM 코스닥150커버드콜액티브,feesAndAssets,0.45
0198B0,1Q 삼성전자선물단일종목레버리지,issuer,0.45
0198B0,1Q 삼성전자선물단일종목레버리지,benchmarkName,0.45
0198B0,1Q 삼성전자선물단일종목레버리지,descriptions,0.45
0198B0,1Q 삼성전자선물단일종목레버리지,distribution,0.45
0198B0,1Q 삼성전자선물단일종목레버리지,sectorCountryWeights,0.45
0198B0,1Q 삼성전자선물단일종목레버리지,feesAndAssets,0.45
0198D0,1Q SK하이닉스선물단일종목레버리지,issuer,0.45
0198D0,1Q SK하이닉스선물단일종목레버리지,benchmarkName,0.45
0198D0,1Q SK하이닉스선물단일종목레버리지,descriptions,0.45
0198D0,1Q SK하이닉스선물단일종목레버리지,distribution,0.45
0198D0,1Q SK하이닉스선물단일종목레버리지,sectorCountryWeights,0.45
0198D0,1Q SK하이닉스선물단일종목레버리지,feesAndAssets,0.45
0199C0,ACE 고배당주Plus커버드콜액티브,issuer,0.45
0199C0,ACE 고배당주Plus커버드콜액티브,benchmarkName,0.45
0199C0,ACE 고배당주Plus커버드콜액티브,descriptions,0.45
0199C0,ACE 고배당주Plus커버드콜액티브,distribution,0.45
0199C0,ACE 고배당주Plus커버드콜액티브,sectorCountryWeights,0.45
0199C0,ACE 고배당주Plus커버드콜액티브,feesAndAssets,0.45
0204S0,TIGER 코스닥액티브,issuer,0.45
0204S0,TIGER 코스닥액티브,benchmarkName,0.45
0204S0,TIGER 코스닥액티브,descriptions,0.45
0204S0,TIGER 코스닥액티브,distribution,0.45
0204S0,TIGER 코스닥액티브,sectorCountryWeights,0.45
0204S0,TIGER 코스닥액티브,feesAndAssets,0.45
0207G0,SOL 우주항공밸류체인,issuer,0.35
0207G0,SOL 우주항공밸류체인,benchmarkName,0.35
0207G0,SOL 우주항공밸류체인,descriptions,0.35
0207G0,SOL 우주항공밸류체인,strategyFacts,0.35
0207G0,SOL 우주항공밸류체인,distribution,0.35
0207G0,SOL 우주항공밸류체인,sectorCountryWeights,0.35
0207G0,SOL 우주항공밸류체인,feesAndAssets,0.35
0208N0,IBK 코스피액티브,issuer,0.45
0208N0,IBK 코스피액티브,benchmarkName,0.45
0208N0,IBK 코스피액티브,descriptions,0.45
0208N0,IBK 코스피액티브,distribution,0.45
0208N0,IBK 코스피액티브,sectorCountryWeights,0.45
0208N0,IBK 코스피액티브,feesAndAssets,0.45
0209D0,KODEX 전고체배터리ESS TOP2플러스,issuer,0.35
0209D0,KODEX 전고체배터리ESS TOP2플러스,benchmarkName,0.35
0209D0,KODEX 전고체배터리ESS TOP2플러스,descriptions,0.35
0209D0,KODEX 전고체배터리ESS TOP2플러스,strategyFacts,0.35
0209D0,KODEX 전고체배터리ESS TOP2플러스,distribution,0.35
0209D0,KODEX 전고체배터리ESS TOP2플러스,sectorCountryWeights,0.35
0209D0,KODEX 전고체배터리ESS TOP2플러스,feesAndAssets,0.35
0209Z0,ACE 코리아AI전력TOP10,issuer,0.35
0209Z0,ACE 코리아AI전력TOP10,benchmarkName,0.35
0209Z0,ACE 코리아AI전력TOP10,descriptions,0.35
0209Z0,ACE 코리아AI전력TOP10,strategyFacts,0.35
0209Z0,ACE 코리아AI전력TOP10,distribution,0.35
0209Z0,ACE 코리아AI전력TOP10,sectorCountryWeights,0.35
0209Z0,ACE 코리아AI전력TOP10,feesAndAssets,0.35
0210A0,ACE K반도체TOP2+,issuer,0.35
0210A0,ACE K반도체TOP2+,benchmarkName,0.35
0210A0,ACE K반도체TOP2+,descriptions,0.35
0210A0,ACE K반도체TOP2+,strategyFacts,0.35
0210A0,ACE K반도체TOP2+,distribution,0.35
0210A0,ACE K반도체TOP2+,sectorCountryWeights,0.35
0210A0,ACE K반도체TOP2+,feesAndAssets,0.35
0210E0,PLUS 200커버드콜액티브,issuer,0.45
0210E0,PLUS 200커버드콜액티브,benchmarkName,0.45
0210E0,PLUS 200커버드콜액티브,descriptions,0.45
0210E0,PLUS 200커버드콜액티브,distribution,0.45
0210E0,PLUS 200커버드콜액티브,sectorCountryWeights,0.45
0210E0,PLUS 200커버드콜액티브,feesAndAssets,0.45
0216Z0,ACE K방산TOP5+,issuer,0.35
0216Z0,ACE K방산TOP5+,benchmarkName,0.35
0216Z0,ACE K방산TOP5+,descriptions,0.35
0216Z0,ACE K방산TOP5+,strategyFacts,0.35
0216Z0,ACE K방산TOP5+,distribution,0.35
0216Z0,ACE K방산TOP5+,sectorCountryWeights,0.35
0216Z0,ACE K방산TOP5+,feesAndAssets,0.35
069500,KODEX 200,descriptions,0.75
069500,KODEX 200,sectorCountryWeights,0.75
069660,KIWOOM 200,issuer,0.35
069660,KIWOOM 200,benchmarkName,0.35
069660,KIWOOM 200,descriptions,0.35
069660,KIWOOM 200,strategyFacts,0.35
069660,KIWOOM 200,distribution,0.35
069660,KIWOOM 200,sectorCountryWeights,0.35
069660,KIWOOM 200,feesAndAssets,0.35
091160,KODEX 반도체,descriptions,0.75
091160,KODEX 반도체,sectorCountryWeights,0.75
091170,KODEX 은행,issuer,0.35
091170,KODEX 은행,benchmarkName,0.35
091170,KODEX 은행,descriptions,0.35
091170,KODEX 은행,strategyFacts,0.35
091170,KODEX 은행,distribution,0.35
091170,KODEX 은행,sectorCountryWeights,0.35
091170,KODEX 은행,feesAndAssets,0.35
091180,KODEX 자동차,issuer,0.35
091180,KODEX 자동차,benchmarkName,0.35
091180,KODEX 자동차,descriptions,0.35
091180,KODEX 자동차,strategyFacts,0.35
091180,KODEX 자동차,distribution,0.35
091180,KODEX 자동차,sectorCountryWeights,0.35
091180,KODEX 자동차,feesAndAssets,0.35
091220,TIGER 은행,issuer,0.35
091220,TIGER 은행,benchmarkName,0.35
091220,TIGER 은행,descriptions,0.35
091220,TIGER 은행,strategyFacts,0.35
091220,TIGER 은행,distribution,0.35
091220,TIGER 은행,sectorCountryWeights,0.35
091220,TIGER 은행,feesAndAssets,0.35
091230,TIGER 반도체,issuer,0.35
091230,TIGER 반도체,benchmarkName,0.35
091230,TIGER 반도체,descriptions,0.35
091230,TIGER 반도체,strategyFacts,0.35
091230,TIGER 반도체,distribution,0.35
091230,TIGER 반도체,sectorCountryWeights,0.35
091230,TIGER 반도체,feesAndAssets,0.35
100910,KIWOOM KRX100,issuer,0.35
100910,KIWOOM KRX100,benchmarkName,0.35
100910,KIWOOM KRX100,descriptions,0.35
100910,KIWOOM KRX100,strategyFacts,0.35
100910,KIWOOM KRX100,distribution,0.35
100910,KIWOOM KRX100,sectorCountryWeights,0.35
100910,KIWOOM KRX100,feesAndAssets,0.35
102110,TIGER 200,descriptions,0.75
102110,TIGER 200,sectorCountryWeights,0.75
102780,KODEX 삼성그룹,issuer,0.35
102780,KODEX 삼성그룹,benchmarkName,0.35
102780,KODEX 삼성그룹,descriptions,0.35
102780,KODEX 삼성그룹,strategyFacts,0.35
102780,KODEX 삼성그룹,distribution,0.35
102780,KODEX 삼성그룹,sectorCountryWeights,0.35
102780,KODEX 삼성그룹,feesAndAssets,0.35
102960,KODEX 기계장비,issuer,0.35
102960,KODEX 기계장비,benchmarkName,0.35
102960,KODEX 기계장비,descriptions,0.35
102960,KODEX 기계장비,strategyFacts,0.35
102960,KODEX 기계장비,distribution,0.35
102960,KODEX 기계장비,sectorCountryWeights,0.35
102960,KODEX 기계장비,feesAndAssets,0.35
102970,KODEX 증권,issuer,0.35
102970,KODEX 증권,benchmarkName,0.35
102970,KODEX 증권,descriptions,0.35
102970,KODEX 증권,strategyFacts,0.35
102970,KODEX 증권,distribution,0.35
102970,KODEX 증권,sectorCountryWeights,0.35
102970,KODEX 증권,feesAndAssets,0.35
104520,KIWOOM 블루칩,issuer,0.35
104520,KIWOOM 블루칩,benchmarkName,0.35
104520,KIWOOM 블루칩,descriptions,0.35
104520,KIWOOM 블루칩,strategyFacts,0.35
104520,KIWOOM 블루칩,distribution,0.35
104520,KIWOOM 블루칩,sectorCountryWeights,0.35
104520,KIWOOM 블루칩,feesAndAssets,0.35
104530,KIWOOM 코리아고배당,issuer,0.35
104530,KIWOOM 코리아고배당,benchmarkName,0.35
104530,KIWOOM 코리아고배당,descriptions,0.35
104530,KIWOOM 코리아고배당,strategyFacts,0.35
104530,KIWOOM 코리아고배당,distribution,0.35
104530,KIWOOM 코리아고배당,sectorCountryWeights,0.35
104530,KIWOOM 코리아고배당,feesAndAssets,0.35
105190,ACE 200,issuer,0.35
105190,ACE 200,benchmarkName,0.35
105190,ACE 200,descriptions,0.35
105190,ACE 200,strategyFacts,0.35
105190,ACE 200,distribution,0.35
105190,ACE 200,sectorCountryWeights,0.35
105190,ACE 200,feesAndAssets,0.35
105780,RISE 5대그룹주,issuer,0.35
105780,RISE 5대그룹주,benchmarkName,0.35
105780,RISE 5대그룹주,descriptions,0.35
105780,RISE 5대그룹주,strategyFacts,0.35
105780,RISE 5대그룹주,distribution,0.35
105780,RISE 5대그룹주,sectorCountryWeights,0.35
105780,RISE 5대그룹주,feesAndAssets,0.35
108450,ACE 삼성그룹섹터가중,issuer,0.35
108450,ACE 삼성그룹섹터가중,benchmarkName,0.35
108450,ACE 삼성그룹섹터가중,descriptions,0.35
108450,ACE 삼성그룹섹터가중,strategyFacts,0.35
108450,ACE 삼성그룹섹터가중,distribution,0.35
108450,ACE 삼성그룹섹터가중,sectorCountryWeights,0.35
108450,ACE 삼성그룹섹터가중,feesAndAssets,0.35
108590,TREX 200,issuer,0.35
108590,TREX 200,benchmarkName,0.35
108590,TREX 200,descriptions,0.35
108590,TREX 200,strategyFacts,0.35
108590,TREX 200,distribution,0.35
108590,TREX 200,sectorCountryWeights,0.35
108590,TREX 200,feesAndAssets,0.35
114800,KODEX 인버스,descriptions,0.75
114800,KODEX 인버스,sectorCountryWeights,0.75
117460,KODEX 에너지화학,issuer,0.35
117460,KODEX 에너지화학,benchmarkName,0.35
117460,KODEX 에너지화학,descriptions,0.35
117460,KODEX 에너지화학,strategyFacts,0.35
117460,KODEX 에너지화학,distribution,0.35
117460,KODEX 에너지화학,sectorCountryWeights,0.35
117460,KODEX 에너지화학,feesAndAssets,0.35
117680,KODEX 철강,issuer,0.35
117680,KODEX 철강,benchmarkName,0.35
117680,KODEX 철강,descriptions,0.35
117680,KODEX 철강,strategyFacts,0.35
117680,KODEX 철강,distribution,0.35
117680,KODEX 철강,sectorCountryWeights,0.35
117680,KODEX 철강,feesAndAssets,0.35
117700,KODEX 건설,issuer,0.35
117700,KODEX 건설,benchmarkName,0.35
117700,KODEX 건설,descriptions,0.35
117700,KODEX 건설,strategyFacts,0.35
117700,KODEX 건설,distribution,0.35
117700,KODEX 건설,sectorCountryWeights,0.35
117700,KODEX 건설,feesAndAssets,0.35
122090,PLUS 코스피50,issuer,0.35
122090,PLUS 코스피50,benchmarkName,0.35
122090,PLUS 코스피50,descriptions,0.35
122090,PLUS 코스피50,strategyFacts,0.35
122090,PLUS 코스피50,distribution,0.35
122090,PLUS 코스피50,sectorCountryWeights,0.35
122090,PLUS 코스피50,feesAndAssets,0.35
122630,KODEX 레버리지,descriptions,0.75
122630,KODEX 레버리지,sectorCountryWeights,0.75
123320,TIGER 레버리지,issuer,0.45
123320,TIGER 레버리지,benchmarkName,0.45
123320,TIGER 레버리지,descriptions,0.45
123320,TIGER 레버리지,distribution,0.45
123320,TIGER 레버리지,sectorCountryWeights,0.45
123320,TIGER 레버리지,feesAndAssets,0.45
131890,ACE 삼성그룹동일가중,issuer,0.35
131890,ACE 삼성그룹동일가중,benchmarkName,0.35
131890,ACE 삼성그룹동일가중,descriptions,0.35
131890,ACE 삼성그룹동일가중,strategyFacts,0.35
131890,ACE 삼성그룹동일가중,distribution,0.35
131890,ACE 삼성그룹동일가중,sectorCountryWeights,0.35
131890,ACE 삼성그룹동일가중,feesAndAssets,0.35
132030,KODEX 골드선물(H),descriptions,0.55
132030,KODEX 골드선물(H),holdings,0.55
132030,KODEX 골드선물(H),sectorCountryWeights,0.55
133690,TIGER 미국나스닥100,descriptions,0.55
133690,TIGER 미국나스닥100,holdings,0.55
133690,TIGER 미국나스닥100,sectorCountryWeights,0.55
138520,TIGER 삼성그룹,issuer,0.35
138520,TIGER 삼성그룹,benchmarkName,0.35
138520,TIGER 삼성그룹,descriptions,0.35
138520,TIGER 삼성그룹,strategyFacts,0.35
138520,TIGER 삼성그룹,distribution,0.35
138520,TIGER 삼성그룹,sectorCountryWeights,0.35
138520,TIGER 삼성그룹,feesAndAssets,0.35
138530,TIGER LG그룹플러스,issuer,0.35
138530,TIGER LG그룹플러스,benchmarkName,0.35
138530,TIGER LG그룹플러스,descriptions,0.35
138530,TIGER LG그룹플러스,strategyFacts,0.35
138530,TIGER LG그룹플러스,distribution,0.35
138530,TIGER LG그룹플러스,sectorCountryWeights,0.35
138530,TIGER LG그룹플러스,feesAndAssets,0.35
138540,TIGER 현대차그룹플러스,issuer,0.35
138540,TIGER 현대차그룹플러스,benchmarkName,0.35
138540,TIGER 현대차그룹플러스,descriptions,0.35
138540,TIGER 현대차그룹플러스,strategyFacts,0.35
138540,TIGER 현대차그룹플러스,distribution,0.35
138540,TIGER 현대차그룹플러스,sectorCountryWeights,0.35
138540,TIGER 현대차그룹플러스,feesAndAssets,0.35
139220,TIGER 200 건설,issuer,0.35
139220,TIGER 200 건설,benchmarkName,0.35
139220,TIGER 200 건설,descriptions,0.35
139220,TIGER 200 건설,strategyFacts,0.35
139220,TIGER 200 건설,distribution,0.35
139220,TIGER 200 건설,sectorCountryWeights,0.35
139220,TIGER 200 건설,feesAndAssets,0.35
139230,TIGER 200 중공업,issuer,0.35
139230,TIGER 200 중공업,benchmarkName,0.35
139230,TIGER 200 중공업,descriptions,0.35
139230,TIGER 200 중공업,strategyFacts,0.35
139230,TIGER 200 중공업,distribution,0.35
139230,TIGER 200 중공업,sectorCountryWeights,0.35
139230,TIGER 200 중공업,feesAndAssets,0.35
139240,TIGER 200 철강소재,issuer,0.35
139240,TIGER 200 철강소재,benchmarkName,0.35
139240,TIGER 200 철강소재,descriptions,0.35
139240,TIGER 200 철강소재,strategyFacts,0.35
139240,TIGER 200 철강소재,distribution,0.35
139240,TIGER 200 철강소재,sectorCountryWeights,0.35
139240,TIGER 200 철강소재,feesAndAssets,0.35
139250,TIGER 200 에너지화학,issuer,0.35
139250,TIGER 200 에너지화학,benchmarkName,0.35
139250,TIGER 200 에너지화학,descriptions,0.35
139250,TIGER 200 에너지화학,strategyFacts,0.35
139250,TIGER 200 에너지화학,distribution,0.35
139250,TIGER 200 에너지화학,sectorCountryWeights,0.35
139250,TIGER 200 에너지화학,feesAndAssets,0.35
139260,TIGER 200 IT,issuer,0.35
139260,TIGER 200 IT,benchmarkName,0.35
139260,TIGER 200 IT,descriptions,0.35
139260,TIGER 200 IT,strategyFacts,0.35
139260,TIGER 200 IT,distribution,0.35
139260,TIGER 200 IT,sectorCountryWeights,0.35
139260,TIGER 200 IT,feesAndAssets,0.35
139270,TIGER 200 금융,issuer,0.35
139270,TIGER 200 금융,benchmarkName,0.35
139270,TIGER 200 금융,descriptions,0.35
139270,TIGER 200 금융,strategyFacts,0.35
139270,TIGER 200 금융,distribution,0.35
139270,TIGER 200 금융,sectorCountryWeights,0.35
139270,TIGER 200 금융,feesAndAssets,0.35
139280,TIGER 경기방어,issuer,0.35
139280,TIGER 경기방어,benchmarkName,0.35
139280,TIGER 경기방어,descriptions,0.35
139280,TIGER 경기방어,strategyFacts,0.35
139280,TIGER 경기방어,distribution,0.35
139280,TIGER 경기방어,sectorCountryWeights,0.35
139280,TIGER 경기방어,feesAndAssets,0.35
139290,TIGER 200 경기소비재,issuer,0.35
139290,TIGER 200 경기소비재,benchmarkName,0.35
139290,TIGER 200 경기소비재,descriptions,0.35
139290,TIGER 200 경기소비재,strategyFacts,0.35
139290,TIGER 200 경기소비재,distribution,0.35
139290,TIGER 200 경기소비재,sectorCountryWeights,0.35
139290,TIGER 200 경기소비재,feesAndAssets,0.35
140570,RISE 수출주,issuer,0.35
140570,RISE 수출주,benchmarkName,0.35
140570,RISE 수출주,descriptions,0.35
140570,RISE 수출주,strategyFacts,0.35
140570,RISE 수출주,distribution,0.35
140570,RISE 수출주,sectorCountryWeights,0.35
140570,RISE 수출주,feesAndAssets,0.35
140580,RISE 우량업종대표주,issuer,0.35
140580,RISE 우량업종대표주,benchmarkName,0.35
140580,RISE 우량업종대표주,descriptions,0.35
140580,RISE 우량업종대표주,strategyFacts,0.35
140580,RISE 우량업종대표주,distribution,0.35
140580,RISE 우량업종대표주,sectorCountryWeights,0.35
140580,RISE 우량업종대표주,feesAndAssets,0.35
140700,KODEX 보험,issuer,0.35
140700,KODEX 보험,benchmarkName,0.35
140700,KODEX 보험,descriptions,0.35
140700,KODEX 보험,strategyFacts,0.35
140700,KODEX 보험,distribution,0.35
140700,KODEX 보험,sectorCountryWeights,0.35
140700,KODEX 보험,feesAndAssets,0.35
140710,KODEX 운송,issuer,0.35
140710,KODEX 운송,benchmarkName,0.35
140710,KODEX 운송,descriptions,0.35
140710,KODEX 운송,strategyFacts,0.35
140710,KODEX 운송,distribution,0.35
140710,KODEX 운송,sectorCountryWeights,0.35
140710,KODEX 운송,feesAndAssets,0.35
140950,파워 코스피100,issuer,0.35
140950,파워 코스피100,benchmarkName,0.35
140950,파워 코스피100,descriptions,0.35
140950,파워 코스피100,strategyFacts,0.35
140950,파워 코스피100,distribution,0.35
140950,파워 코스피100,sectorCountryWeights,0.35
140950,파워 코스피100,feesAndAssets,0.35
143860,TIGER 헬스케어,issuer,0.35
143860,TIGER 헬스케어,benchmarkName,0.35
143860,TIGER 헬스케어,descriptions,0.35
143860,TIGER 헬스케어,strategyFacts,0.35
143860,TIGER 헬스케어,distribution,0.35
143860,TIGER 헬스케어,sectorCountryWeights,0.35
143860,TIGER 헬스케어,feesAndAssets,0.35
145670,ACE 인버스,issuer,0.45
145670,ACE 인버스,benchmarkName,0.45
145670,ACE 인버스,descriptions,0.45
145670,ACE 인버스,distribution,0.45
145670,ACE 인버스,sectorCountryWeights,0.45
145670,ACE 인버스,feesAndAssets,0.45
145850,TREX 펀더멘탈 200,issuer,0.35
145850,TREX 펀더멘탈 200,benchmarkName,0.35
145850,TREX 펀더멘탈 200,descriptions,0.35
145850,TREX 펀더멘탈 200,strategyFacts,0.35
145850,TREX 펀더멘탈 200,distribution,0.35
145850,TREX 펀더멘탈 200,sectorCountryWeights,0.35
145850,TREX 펀더멘탈 200,feesAndAssets,0.35
147970,TIGER 모멘텀,issuer,0.35
147970,TIGER 모멘텀,benchmarkName,0.35
147970,TIGER 모멘텀,descriptions,0.35
147970,TIGER 모멘텀,strategyFacts,0.35
147970,TIGER 모멘텀,distribution,0.35
147970,TIGER 모멘텀,sectorCountryWeights,0.35
147970,TIGER 모멘텀,feesAndAssets,0.35
148020,RISE 200,issuer,0.35
148020,RISE 200,benchmarkName,0.35
148020,RISE 200,descriptions,0.35
148020,RISE 200,strategyFacts,0.35
148020,RISE 200,distribution,0.35
148020,RISE 200,sectorCountryWeights,0.35
148020,RISE 200,feesAndAssets,0.35
150460,TIGER 중국소비테마,issuer,0.35
150460,TIGER 중국소비테마,benchmarkName,0.35
150460,TIGER 중국소비테마,descriptions,0.35
150460,TIGER 중국소비테마,strategyFacts,0.35
150460,TIGER 중국소비테마,distribution,0.35
150460,TIGER 중국소비테마,sectorCountryWeights,0.35
150460,TIGER 중국소비테마,feesAndAssets,0.35
152100,PLUS 200,issuer,0.35
152100,PLUS 200,benchmarkName,0.35
152100,PLUS 200,descriptions,0.35
152100,PLUS 200,strategyFacts,0.35
152100,PLUS 200,distribution,0.35
152100,PLUS 200,sectorCountryWeights,0.35
152100,PLUS 200,feesAndAssets,0.35
152500,ACE 레버리지,issuer,0.45
152500,ACE 레버리지,benchmarkName,0.45
152500,ACE 레버리지,descriptions,0.45
152500,ACE 레버리지,distribution,0.45
152500,ACE 레버리지,sectorCountryWeights,0.45
152500,ACE 레버리지,feesAndAssets,0.45
152870,파워 200,issuer,0.35
152870,파워 200,benchmarkName,0.35
152870,파워 200,descriptions,0.35
152870,파워 200,strategyFacts,0.35
152870,파워 200,distribution,0.35
152870,파워 200,sectorCountryWeights,0.35
152870,파워 200,feesAndAssets,0.35
153270,KIWOOM 코스피100,issuer,0.35
153270,KIWOOM 코스피100,benchmarkName,0.35
153270,KIWOOM 코스피100,descriptions,0.35
153270,KIWOOM 코스피100,strategyFacts,0.35
153270,KIWOOM 코스피100,distribution,0.35
153270,KIWOOM 코스피100,sectorCountryWeights,0.35
153270,KIWOOM 코스피100,feesAndAssets,0.35
156080,KODEX MSCI Korea,issuer,0.35
156080,KODEX MSCI Korea,benchmarkName,0.35
156080,KODEX MSCI Korea,descriptions,0.35
156080,KODEX MSCI Korea,strategyFacts,0.35
156080,KODEX MSCI Korea,distribution,0.35
156080,KODEX MSCI Korea,sectorCountryWeights,0.35
156080,KODEX MSCI Korea,feesAndAssets,0.35
157490,TIGER 소프트웨어,issuer,0.35
157490,TIGER 소프트웨어,benchmarkName,0.35
157490,TIGER 소프트웨어,descriptions,0.35
157490,TIGER 소프트웨어,strategyFacts,0.35
157490,TIGER 소프트웨어,distribution,0.35
157490,TIGER 소프트웨어,sectorCountryWeights,0.35
157490,TIGER 소프트웨어,feesAndAssets,0.35
157500,TIGER 증권,issuer,0.35
157500,TIGER 증권,benchmarkName,0.35
157500,TIGER 증권,descriptions,0.35
157500,TIGER 증권,strategyFacts,0.35
157500,TIGER 증권,distribution,0.35
157500,TIGER 증권,sectorCountryWeights,0.35
157500,TIGER 증권,feesAndAssets,0.35
159800,마이티 코스피100,issuer,0.35
159800,마이티 코스피100,benchmarkName,0.35
159800,마이티 코스피100,descriptions,0.35
159800,마이티 코스피100,strategyFacts,0.35
159800,마이티 코스피100,distribution,0.35
159800,마이티 코스피100,sectorCountryWeights,0.35
159800,마이티 코스피100,feesAndAssets,0.35
161510,PLUS 고배당주,issuer,0.35
161510,PLUS 고배당주,benchmarkName,0.35
161510,PLUS 고배당주,descriptions,0.35
161510,PLUS 고배당주,strategyFacts,0.35
161510,PLUS 고배당주,distribution,0.35
161510,PLUS 고배당주,sectorCountryWeights,0.35
161510,PLUS 고배당주,feesAndAssets,0.35
166400,TIGER 200커버드콜OTM,issuer,0.45
166400,TIGER 200커버드콜OTM,benchmarkName,0.45
166400,TIGER 200커버드콜OTM,descriptions,0.45
166400,TIGER 200커버드콜OTM,distribution,0.45
166400,TIGER 200커버드콜OTM,sectorCountryWeights,0.45
166400,TIGER 200커버드콜OTM,feesAndAssets,0.45
174350,TIGER 로우볼,issuer,0.35
174350,TIGER 로우볼,benchmarkName,0.35
174350,TIGER 로우볼,descriptions,0.35
174350,TIGER 로우볼,strategyFacts,0.35
174350,TIGER 로우볼,distribution,0.35
174350,TIGER 로우볼,sectorCountryWeights,0.35
174350,TIGER 로우볼,feesAndAssets,0.35
192720,파워 고배당저변동성,issuer,0.35
192720,파워 고배당저변동성,benchmarkName,0.35
192720,파워 고배당저변동성,descriptions,0.35
192720,파워 고배당저변동성,strategyFacts,0.35
192720,파워 고배당저변동성,distribution,0.35
192720,파워 고배당저변동성,sectorCountryWeights,0.35
192720,파워 고배당저변동성,feesAndAssets,0.35
203780,TIGER 미국나스닥바이오,descriptions,0.55
203780,TIGER 미국나스닥바이오,holdings,0.55
203780,TIGER 미국나스닥바이오,sectorCountryWeights,0.55
210780,TIGER 코스피고배당,issuer,0.35
210780,TIGER 코스피고배당,benchmarkName,0.35
210780,TIGER 코스피고배당,descriptions,0.35
210780,TIGER 코스피고배당,strategyFacts,0.35
210780,TIGER 코스피고배당,distribution,0.35
210780,TIGER 코스피고배당,sectorCountryWeights,0.35
210780,TIGER 코스피고배당,feesAndAssets,0.35
211560,TIGER 배당성장,issuer,0.35
211560,TIGER 배당성장,benchmarkName,0.35
211560,TIGER 배당성장,descriptions,0.35
211560,TIGER 배당성장,strategyFacts,0.35
211560,TIGER 배당성장,distribution,0.35
211560,TIGER 배당성장,sectorCountryWeights,0.35
211560,TIGER 배당성장,feesAndAssets,0.35
211900,KODEX 코리아배당성장,issuer,0.35
211900,KODEX 코리아배당성장,benchmarkName,0.35
211900,KODEX 코리아배당성장,descriptions,0.35
211900,KODEX 코리아배당성장,strategyFacts,0.35
211900,KODEX 코리아배당성장,distribution,0.35
211900,KODEX 코리아배당성장,sectorCountryWeights,0.35
211900,KODEX 코리아배당성장,feesAndAssets,0.35
213610,KODEX 삼성그룹밸류,issuer,0.35
213610,KODEX 삼성그룹밸류,benchmarkName,0.35
213610,KODEX 삼성그룹밸류,descriptions,0.35
213610,KODEX 삼성그룹밸류,strategyFacts,0.35
213610,KODEX 삼성그룹밸류,distribution,0.35
213610,KODEX 삼성그룹밸류,sectorCountryWeights,0.35
213610,KODEX 삼성그룹밸류,feesAndAssets,0.35
215620,HK S&P코리아로우볼,issuer,0.35
215620,HK S&P코리아로우볼,benchmarkName,0.35
215620,HK S&P코리아로우볼,descriptions,0.35
215620,HK S&P코리아로우볼,strategyFacts,0.35
215620,HK S&P코리아로우볼,distribution,0.35
215620,HK S&P코리아로우볼,sectorCountryWeights,0.35
215620,HK S&P코리아로우볼,feesAndAssets,0.35
223190,KODEX 200가치저변동,issuer,0.35
223190,KODEX 200가치저변동,benchmarkName,0.35
223190,KODEX 200가치저변동,descriptions,0.35
223190,KODEX 200가치저변동,strategyFacts,0.35
223190,KODEX 200가치저변동,distribution,0.35
223190,KODEX 200가치저변동,sectorCountryWeights,0.35
223190,KODEX 200가치저변동,feesAndAssets,0.35
225800,KIWOOM 미국달러선물레버리지,issuer,0.45
225800,KIWOOM 미국달러선물레버리지,benchmarkName,0.45
225800,KIWOOM 미국달러선물레버리지,descriptions,0.45
225800,KIWOOM 미국달러선물레버리지,distribution,0.45
225800,KIWOOM 미국달러선물레버리지,sectorCountryWeights,0.45
225800,KIWOOM 미국달러선물레버리지,feesAndAssets,0.45
226380,ACE Fn성장소비주도주,issuer,0.35
226380,ACE Fn성장소비주도주,benchmarkName,0.35
226380,ACE Fn성장소비주도주,descriptions,0.35
226380,ACE Fn성장소비주도주,strategyFacts,0.35
226380,ACE Fn성장소비주도주,distribution,0.35
226380,ACE Fn성장소비주도주,sectorCountryWeights,0.35
226380,ACE Fn성장소비주도주,feesAndAssets,0.35
226490,KODEX 코스피,issuer,0.35
226490,KODEX 코스피,benchmarkName,0.35
226490,KODEX 코스피,descriptions,0.35
226490,KODEX 코스피,strategyFacts,0.35
226490,KODEX 코스피,distribution,0.35
226490,KODEX 코스피,sectorCountryWeights,0.35
226490,KODEX 코스피,feesAndAssets,0.35
226980,KODEX 200 중소형,issuer,0.35
226980,KODEX 200 중소형,benchmarkName,0.35
226980,KODEX 200 중소형,descriptions,0.35
226980,KODEX 200 중소형,strategyFacts,0.35
226980,KODEX 200 중소형,distribution,0.35
226980,KODEX 200 중소형,sectorCountryWeights,0.35
226980,KODEX 200 중소형,feesAndAssets,0.35
227540,TIGER 200 헬스케어,issuer,0.35
227540,TIGER 200 헬스케어,benchmarkName,0.35
227540,TIGER 200 헬스케어,descriptions,0.35
227540,TIGER 200 헬스케어,strategyFacts,0.35
227540,TIGER 200 헬스케어,distribution,0.35
227540,TIGER 200 헬스케어,sectorCountryWeights,0.35
227540,TIGER 200 헬스케어,feesAndAssets,0.35
227550,TIGER 200 산업재,issuer,0.35
227550,TIGER 200 산업재,benchmarkName,0.35
227550,TIGER 200 산업재,descriptions,0.35
227550,TIGER 200 산업재,strategyFacts,0.35
227550,TIGER 200 산업재,distribution,0.35
227550,TIGER 200 산업재,sectorCountryWeights,0.35
227550,TIGER 200 산업재,feesAndAssets,0.35
227560,TIGER 200 생활소비재,issuer,0.35
227560,TIGER 200 생활소비재,benchmarkName,0.35
227560,TIGER 200 생활소비재,descriptions,0.35
227560,TIGER 200 생활소비재,strategyFacts,0.35
227560,TIGER 200 생활소비재,distribution,0.35
227560,TIGER 200 생활소비재,sectorCountryWeights,0.35
227560,TIGER 200 생활소비재,feesAndAssets,0.35
227570,TIGER 우량가치,issuer,0.35
227570,TIGER 우량가치,benchmarkName,0.35
227570,TIGER 우량가치,descriptions,0.35
227570,TIGER 우량가치,strategyFacts,0.35
227570,TIGER 우량가치,distribution,0.35
227570,TIGER 우량가치,sectorCountryWeights,0.35
227570,TIGER 우량가치,feesAndAssets,0.35
227830,PLUS 코스피,issuer,0.35
227830,PLUS 코스피,benchmarkName,0.35
227830,PLUS 코스피,descriptions,0.35
227830,PLUS 코스피,strategyFacts,0.35
227830,PLUS 코스피,distribution,0.35
227830,PLUS 코스피,sectorCountryWeights,0.35
227830,PLUS 코스피,feesAndAssets,0.35
228790,TIGER 화장품,issuer,0.35
228790,TIGER 화장품,benchmarkName,0.35
228790,TIGER 화장품,descriptions,0.35
228790,TIGER 화장품,strategyFacts,0.35
228790,TIGER 화장품,distribution,0.35
228790,TIGER 화장품,sectorCountryWeights,0.35
228790,TIGER 화장품,feesAndAssets,0.35
228800,TIGER 여행레저,issuer,0.35
228800,TIGER 여행레저,benchmarkName,0.35
228800,TIGER 여행레저,descriptions,0.35
228800,TIGER 여행레저,strategyFacts,0.35
228800,TIGER 여행레저,distribution,0.35
228800,TIGER 여행레저,sectorCountryWeights,0.35
228800,TIGER 여행레저,feesAndAssets,0.35
228810,TIGER 미디어컨텐츠,issuer,0.35
228810,TIGER 미디어컨텐츠,benchmarkName,0.35
228810,TIGER 미디어컨텐츠,descriptions,0.35
228810,TIGER 미디어컨텐츠,strategyFacts,0.35
228810,TIGER 미디어컨텐츠,distribution,0.35
228810,TIGER 미디어컨텐츠,sectorCountryWeights,0.35
228810,TIGER 미디어컨텐츠,feesAndAssets,0.35
228820,TIGER KTOP30,issuer,0.35
228820,TIGER KTOP30,benchmarkName,0.35
228820,TIGER KTOP30,descriptions,0.35
228820,TIGER KTOP30,strategyFacts,0.35
228820,TIGER KTOP30,distribution,0.35
228820,TIGER KTOP30,sectorCountryWeights,0.35
228820,TIGER KTOP30,feesAndAssets,0.35
229200,KODEX 코스닥150,issuer,0.35
229200,KODEX 코스닥150,benchmarkName,0.35
229200,KODEX 코스닥150,descriptions,0.35
229200,KODEX 코스닥150,strategyFacts,0.35
229200,KODEX 코스닥150,distribution,0.35
229200,KODEX 코스닥150,sectorCountryWeights,0.35
229200,KODEX 코스닥150,feesAndAssets,0.35
229720,KODEX KTOP30,issuer,0.35
229720,KODEX KTOP30,benchmarkName,0.35
229720,KODEX KTOP30,descriptions,0.35
229720,KODEX KTOP30,strategyFacts,0.35
229720,KODEX KTOP30,distribution,0.35
229720,KODEX KTOP30,sectorCountryWeights,0.35
229720,KODEX KTOP30,feesAndAssets,0.35
230480,KIWOOM 미국달러선물인버스2X,issuer,0.45
230480,KIWOOM 미국달러선물인버스2X,benchmarkName,0.45
230480,KIWOOM 미국달러선물인버스2X,descriptions,0.45
230480,KIWOOM 미국달러선물인버스2X,distribution,0.45
230480,KIWOOM 미국달러선물인버스2X,sectorCountryWeights,0.45
230480,KIWOOM 미국달러선물인버스2X,feesAndAssets,0.45
232080,TIGER 코스닥150,issuer,0.35
232080,TIGER 코스닥150,benchmarkName,0.35
232080,TIGER 코스닥150,descriptions,0.35
232080,TIGER 코스닥150,strategyFacts,0.35
232080,TIGER 코스닥150,distribution,0.35
232080,TIGER 코스닥150,sectorCountryWeights,0.35
232080,TIGER 코스닥150,feesAndAssets,0.35
233160,TIGER 코스닥150 레버리지,issuer,0.45
233160,TIGER 코스닥150 레버리지,benchmarkName,0.45
233160,TIGER 코스닥150 레버리지,descriptions,0.45
233160,TIGER 코스닥150 레버리지,distribution,0.45
233160,TIGER 코스닥150 레버리지,sectorCountryWeights,0.45
233160,TIGER 코스닥150 레버리지,feesAndAssets,0.45
233740,KODEX 코스닥150레버리지,issuer,0.45
233740,KODEX 코스닥150레버리지,benchmarkName,0.45
233740,KODEX 코스닥150레버리지,descriptions,0.45
233740,KODEX 코스닥150레버리지,distribution,0.45
233740,KODEX 코스닥150레버리지,sectorCountryWeights,0.45
233740,KODEX 코스닥150레버리지,feesAndAssets,0.45
234310,RISE V&S셀렉트밸류,issuer,0.35
234310,RISE V&S셀렉트밸류,benchmarkName,0.35
234310,RISE V&S셀렉트밸류,descriptions,0.35
234310,RISE V&S셀렉트밸류,strategyFacts,0.35
234310,RISE V&S셀렉트밸류,distribution,0.35
234310,RISE V&S셀렉트밸류,sectorCountryWeights,0.35
234310,RISE V&S셀렉트밸류,feesAndAssets,0.35
237350,KODEX 코스피100,issuer,0.35
237350,KODEX 코스피100,benchmarkName,0.35
237350,KODEX 코스피100,descriptions,0.35
237350,KODEX 코스피100,strategyFacts,0.35
237350,KODEX 코스피100,distribution,0.35
237350,KODEX 코스피100,sectorCountryWeights,0.35
237350,KODEX 코스피100,feesAndAssets,0.35
243880,TIGER 200IT레버리지,issuer,0.45
243880,TIGER 200IT레버리지,benchmarkName,0.45
243880,TIGER 200IT레버리지,descriptions,0.45
243880,TIGER 200IT레버리지,distribution,0.45
243880,TIGER 200IT레버리지,sectorCountryWeights,0.45
243880,TIGER 200IT레버리지,feesAndAssets,0.45
243890,TIGER 200에너지화학레버리지,issuer,0.45
243890,TIGER 200에너지화학레버리지,benchmarkName,0.45
243890,TIGER 200에너지화학레버리지,descriptions,0.45
243890,TIGER 200에너지화학레버리지,distribution,0.45
243890,TIGER 200에너지화학레버리지,sectorCountryWeights,0.45
243890,TIGER 200에너지화학레버리지,feesAndAssets,0.45
244580,KODEX 바이오,descriptions,0.75
244580,KODEX 바이오,sectorCountryWeights,0.75
244620,KODEX 모멘텀Plus,issuer,0.35
244620,KODEX 모멘텀Plus,benchmarkName,0.35
244620,KODEX 모멘텀Plus,descriptions,0.35
244620,KODEX 모멘텀Plus,strategyFacts,0.35
244620,KODEX 모멘텀Plus,distribution,0.35
244620,KODEX 모멘텀Plus,sectorCountryWeights,0.35
244620,KODEX 모멘텀Plus,feesAndAssets,0.35
244660,KODEX 퀄리티Plus,issuer,0.35
244660,KODEX 퀄리티Plus,benchmarkName,0.35
244660,KODEX 퀄리티Plus,descriptions,0.35
244660,KODEX 퀄리티Plus,strategyFacts,0.35
244660,KODEX 퀄리티Plus,distribution,0.35
244660,KODEX 퀄리티Plus,sectorCountryWeights,0.35
244660,KODEX 퀄리티Plus,feesAndAssets,0.35
244670,KODEX 밸류Plus,issuer,0.35
244670,KODEX 밸류Plus,benchmarkName,0.35
244670,KODEX 밸류Plus,descriptions,0.35
244670,KODEX 밸류Plus,strategyFacts,0.35
244670,KODEX 밸류Plus,distribution,0.35
244670,KODEX 밸류Plus,sectorCountryWeights,0.35
244670,KODEX 밸류Plus,feesAndAssets,0.35
251590,PLUS 고배당저변동50,issuer,0.35
251590,PLUS 고배당저변동50,benchmarkName,0.35
251590,PLUS 고배당저변동50,descriptions,0.35
251590,PLUS 고배당저변동50,strategyFacts,0.35
251590,PLUS 고배당저변동50,distribution,0.35
251590,PLUS 고배당저변동50,sectorCountryWeights,0.35
251590,PLUS 고배당저변동50,feesAndAssets,0.35
252000,TIGER 200동일가중,issuer,0.35
252000,TIGER 200동일가중,benchmarkName,0.35
252000,TIGER 200동일가중,descriptions,0.35
252000,TIGER 200동일가중,strategyFacts,0.35
252000,TIGER 200동일가중,distribution,0.35
252000,TIGER 200동일가중,sectorCountryWeights,0.35
252000,TIGER 200동일가중,feesAndAssets,0.35
252400,RISE 200선물레버리지,issuer,0.45
252400,RISE 200선물레버리지,benchmarkName,0.45
252400,RISE 200선물레버리지,descriptions,0.45
252400,RISE 200선물레버리지,distribution,0.45
252400,RISE 200선물레버리지,sectorCountryWeights,0.45
252400,RISE 200선물레버리지,feesAndAssets,0.45
252410,RISE 200선물인버스,issuer,0.45
252410,RISE 200선물인버스,benchmarkName,0.45
252410,RISE 200선물인버스,descriptions,0.45
252410,RISE 200선물인버스,distribution,0.45
252410,RISE 200선물인버스,sectorCountryWeights,0.45
252410,RISE 200선물인버스,feesAndAssets,0.45
252420,RISE 200선물인버스2X,issuer,0.45
252420,RISE 200선물인버스2X,benchmarkName,0.45
252420,RISE 200선물인버스2X,descriptions,0.45
252420,RISE 200선물인버스2X,distribution,0.45
252420,RISE 200선물인버스2X,sectorCountryWeights,0.45
252420,RISE 200선물인버스2X,feesAndAssets,0.45
252650,KODEX 200동일가중,issuer,0.35
252650,KODEX 200동일가중,benchmarkName,0.35
252650,KODEX 200동일가중,descriptions,0.35
252650,KODEX 200동일가중,strategyFacts,0.35
252650,KODEX 200동일가중,distribution,0.35
252650,KODEX 200동일가중,sectorCountryWeights,0.35
252650,KODEX 200동일가중,feesAndAssets,0.35
252670,KODEX 200선물인버스2X,issuer,0.45
252670,KODEX 200선물인버스2X,benchmarkName,0.45
252670,KODEX 200선물인버스2X,descriptions,0.45
252670,KODEX 200선물인버스2X,distribution,0.45
252670,KODEX 200선물인버스2X,sectorCountryWeights,0.45
252670,KODEX 200선물인버스2X,feesAndAssets,0.45
252710,TIGER 200선물인버스2X,issuer,0.45
252710,TIGER 200선물인버스2X,benchmarkName,0.45
252710,TIGER 200선물인버스2X,descriptions,0.45
252710,TIGER 200선물인버스2X,distribution,0.45
252710,TIGER 200선물인버스2X,sectorCountryWeights,0.45
252710,TIGER 200선물인버스2X,feesAndAssets,0.45
253150,PLUS 200선물레버리지,issuer,0.45
253150,PLUS 200선물레버리지,benchmarkName,0.45
253150,PLUS 200선물레버리지,descriptions,0.45
253150,PLUS 200선물레버리지,distribution,0.45
253150,PLUS 200선물레버리지,sectorCountryWeights,0.45
253150,PLUS 200선물레버리지,feesAndAssets,0.45
253160,PLUS 200선물인버스2X,issuer,0.45
253160,PLUS 200선물인버스2X,benchmarkName,0.45
253160,PLUS 200선물인버스2X,descriptions,0.45
253160,PLUS 200선물인버스2X,distribution,0.45
253160,PLUS 200선물인버스2X,sectorCountryWeights,0.45
253160,PLUS 200선물인버스2X,feesAndAssets,0.45
253230,KIWOOM 200선물인버스2X,issuer,0.45
253230,KIWOOM 200선물인버스2X,benchmarkName,0.45
253230,KIWOOM 200선물인버스2X,descriptions,0.45
253230,KIWOOM 200선물인버스2X,distribution,0.45
253230,KIWOOM 200선물인버스2X,sectorCountryWeights,0.45
253230,KIWOOM 200선물인버스2X,feesAndAssets,0.45
253240,KIWOOM 200선물인버스,issuer,0.45
253240,KIWOOM 200선물인버스,benchmarkName,0.45
253240,KIWOOM 200선물인버스,descriptions,0.45
253240,KIWOOM 200선물인버스,distribution,0.45
253240,KIWOOM 200선물인버스,sectorCountryWeights,0.45
253240,KIWOOM 200선물인버스,feesAndAssets,0.45
253250,KIWOOM 200선물레버리지,issuer,0.45
253250,KIWOOM 200선물레버리지,benchmarkName,0.45
253250,KIWOOM 200선물레버리지,descriptions,0.45
253250,KIWOOM 200선물레버리지,distribution,0.45
253250,KIWOOM 200선물레버리지,sectorCountryWeights,0.45
253250,KIWOOM 200선물레버리지,feesAndAssets,0.45
253280,RISE 헬스케어,issuer,0.35
253280,RISE 헬스케어,benchmarkName,0.35
253280,RISE 헬스케어,descriptions,0.35
253280,RISE 헬스케어,strategyFacts,0.35
253280,RISE 헬스케어,distribution,0.35
253280,RISE 헬스케어,sectorCountryWeights,0.35
253280,RISE 헬스케어,feesAndAssets,0.35
261060,TIGER 코스닥150IT,issuer,0.35
261060,TIGER 코스닥150IT,benchmarkName,0.35
261060,TIGER 코스닥150IT,descriptions,0.35
261060,TIGER 코스닥150IT,strategyFacts,0.35
261060,TIGER 코스닥150IT,distribution,0.35
261060,TIGER 코스닥150IT,sectorCountryWeights,0.35
261060,TIGER 코스닥150IT,feesAndAssets,0.35
261070,TIGER 코스닥150바이오테크,issuer,0.35
261070,TIGER 코스닥150바이오테크,benchmarkName,0.35
261070,TIGER 코스닥150바이오테크,descriptions,0.35
261070,TIGER 코스닥150바이오테크,strategyFacts,0.35
261070,TIGER 코스닥150바이오테크,distribution,0.35
261070,TIGER 코스닥150바이오테크,sectorCountryWeights,0.35
261070,TIGER 코스닥150바이오테크,feesAndAssets,0.35
261110,TIGER 미국달러선물레버리지,issuer,0.45
261110,TIGER 미국달러선물레버리지,benchmarkName,0.45
261110,TIGER 미국달러선물레버리지,descriptions,0.45
261110,TIGER 미국달러선물레버리지,distribution,0.45
261110,TIGER 미국달러선물레버리지,sectorCountryWeights,0.45
261110,TIGER 미국달러선물레버리지,feesAndAssets,0.45
261120,TIGER 미국달러선물인버스2X,issuer,0.45
261120,TIGER 미국달러선물인버스2X,benchmarkName,0.45
261120,TIGER 미국달러선물인버스2X,descriptions,0.45
261120,TIGER 미국달러선물인버스2X,distribution,0.45
261120,TIGER 미국달러선물인버스2X,sectorCountryWeights,0.45
261120,TIGER 미국달러선물인버스2X,feesAndAssets,0.45
261140,TIGER 우선주,issuer,0.35
261140,TIGER 우선주,benchmarkName,0.35
261140,TIGER 우선주,descriptions,0.35
261140,TIGER 우선주,strategyFacts,0.35
261140,TIGER 우선주,distribution,0.35
261140,TIGER 우선주,sectorCountryWeights,0.35
261140,TIGER 우선주,feesAndAssets,0.35
261250,KODEX 미국달러선물레버리지,issuer,0.45
261250,KODEX 미국달러선물레버리지,benchmarkName,0.45
261250,KODEX 미국달러선물레버리지,descriptions,0.45
261250,KODEX 미국달러선물레버리지,distribution,0.45
261250,KODEX 미국달러선물레버리지,sectorCountryWeights,0.45
261250,KODEX 미국달러선물레버리지,feesAndAssets,0.45
261260,KODEX 미국달러선물인버스2X,issuer,0.45
261260,KODEX 미국달러선물인버스2X,benchmarkName,0.45
261260,KODEX 미국달러선물인버스2X,descriptions,0.45
261260,KODEX 미국달러선물인버스2X,distribution,0.45
261260,KODEX 미국달러선물인버스2X,sectorCountryWeights,0.45
261260,KODEX 미국달러선물인버스2X,feesAndAssets,0.45
266160,RISE 고배당,issuer,0.35
266160,RISE 고배당,benchmarkName,0.35
266160,RISE 고배당,descriptions,0.35
266160,RISE 고배당,strategyFacts,0.35
266160,RISE 고배당,distribution,0.35
266160,RISE 고배당,sectorCountryWeights,0.35
266160,RISE 고배당,feesAndAssets,0.35
266360,KODEX K콘텐츠,issuer,0.35
266360,KODEX K콘텐츠,benchmarkName,0.35
266360,KODEX K콘텐츠,descriptions,0.35
266360,KODEX K콘텐츠,strategyFacts,0.35
266360,KODEX K콘텐츠,distribution,0.35
266360,KODEX K콘텐츠,sectorCountryWeights,0.35
266360,KODEX K콘텐츠,feesAndAssets,0.35
266370,KODEX IT,issuer,0.35
266370,KODEX IT,benchmarkName,0.35
266370,KODEX IT,descriptions,0.35
266370,KODEX IT,strategyFacts,0.35
266370,KODEX IT,distribution,0.35
266370,KODEX IT,sectorCountryWeights,0.35
266370,KODEX IT,feesAndAssets,0.35
266390,KODEX 경기소비재,issuer,0.35
266390,KODEX 경기소비재,benchmarkName,0.35
266390,KODEX 경기소비재,descriptions,0.35
266390,KODEX 경기소비재,strategyFacts,0.35
266390,KODEX 경기소비재,distribution,0.35
266390,KODEX 경기소비재,sectorCountryWeights,0.35
266390,KODEX 경기소비재,feesAndAssets,0.35
266410,KODEX 필수소비재,issuer,0.35
266410,KODEX 필수소비재,benchmarkName,0.35
266410,KODEX 필수소비재,descriptions,0.35
266410,KODEX 필수소비재,strategyFacts,0.35
266410,KODEX 필수소비재,distribution,0.35
266410,KODEX 필수소비재,sectorCountryWeights,0.35
266410,KODEX 필수소비재,feesAndAssets,0.35
266420,KODEX 헬스케어,issuer,0.35
266420,KODEX 헬스케어,benchmarkName,0.35
266420,KODEX 헬스케어,descriptions,0.35
266420,KODEX 헬스케어,strategyFacts,0.35
266420,KODEX 헬스케어,distribution,0.35
266420,KODEX 헬스케어,sectorCountryWeights,0.35
266420,KODEX 헬스케어,feesAndAssets,0.35
266550,PLUS 중형주저변동50,issuer,0.35
266550,PLUS 중형주저변동50,benchmarkName,0.35
266550,PLUS 중형주저변동50,descriptions,0.35
266550,PLUS 중형주저변동50,strategyFacts,0.35
266550,PLUS 중형주저변동50,distribution,0.35
266550,PLUS 중형주저변동50,sectorCountryWeights,0.35
266550,PLUS 중형주저변동50,feesAndAssets,0.35
267770,TIGER 200선물레버리지,issuer,0.45
267770,TIGER 200선물레버리지,benchmarkName,0.45
267770,TIGER 200선물레버리지,descriptions,0.45
267770,TIGER 200선물레버리지,distribution,0.45
267770,TIGER 200선물레버리지,sectorCountryWeights,0.45
267770,TIGER 200선물레버리지,feesAndAssets,0.45
270800,RISE KQ고배당,issuer,0.35
270800,RISE KQ고배당,benchmarkName,0.35
270800,RISE KQ고배당,descriptions,0.35
270800,RISE KQ고배당,strategyFacts,0.35
270800,RISE KQ고배당,distribution,0.35
270800,RISE KQ고배당,sectorCountryWeights,0.35
270800,RISE KQ고배당,feesAndAssets,0.35
270810,RISE 코스닥150,issuer,0.35
270810,RISE 코스닥150,benchmarkName,0.35
270810,RISE 코스닥150,descriptions,0.35
270810,RISE 코스닥150,strategyFacts,0.35
270810,RISE 코스닥150,distribution,0.35
270810,RISE 코스닥150,sectorCountryWeights,0.35
270810,RISE 코스닥150,feesAndAssets,0.35
275280,KODEX 모멘텀주,issuer,0.35
275280,KODEX 모멘텀주,benchmarkName,0.35
275280,KODEX 모멘텀주,descriptions,0.35
275280,KODEX 모멘텀주,strategyFacts,0.35
275280,KODEX 모멘텀주,distribution,0.35
275280,KODEX 모멘텀주,sectorCountryWeights,0.35
275280,KODEX 모멘텀주,feesAndAssets,0.35
275290,KODEX 가치주,issuer,0.35
275290,KODEX 가치주,benchmarkName,0.35
275290,KODEX 가치주,descriptions,0.35
275290,KODEX 가치주,strategyFacts,0.35
275290,KODEX 가치주,distribution,0.35
275290,KODEX 가치주,sectorCountryWeights,0.35
275290,KODEX 가치주,feesAndAssets,0.35
275300,KODEX 우량주,issuer,0.35
275300,KODEX 우량주,benchmarkName,0.35
275300,KODEX 우량주,descriptions,0.35
275300,KODEX 우량주,strategyFacts,0.35
275300,KODEX 우량주,distribution,0.35
275300,KODEX 우량주,sectorCountryWeights,0.35
275300,KODEX 우량주,feesAndAssets,0.35
277630,TIGER 코스피,issuer,0.35
277630,TIGER 코스피,benchmarkName,0.35
277630,TIGER 코스피,descriptions,0.35
277630,TIGER 코스피,strategyFacts,0.35
277630,TIGER 코스피,distribution,0.35
277630,TIGER 코스피,sectorCountryWeights,0.35
277630,TIGER 코스피,feesAndAssets,0.35
277640,TIGER 코스피대형주,issuer,0.35
277640,TIGER 코스피대형주,benchmarkName,0.35
277640,TIGER 코스피대형주,descriptions,0.35
277640,TIGER 코스피대형주,strategyFacts,0.35
277640,TIGER 코스피대형주,distribution,0.35
277640,TIGER 코스피대형주,sectorCountryWeights,0.35
277640,TIGER 코스피대형주,feesAndAssets,0.35
277650,TIGER 코스피중형주,issuer,0.35
277650,TIGER 코스피중형주,benchmarkName,0.35
277650,TIGER 코스피중형주,descriptions,0.35
277650,TIGER 코스피중형주,strategyFacts,0.35
277650,TIGER 코스피중형주,distribution,0.35
277650,TIGER 코스피중형주,sectorCountryWeights,0.35
277650,TIGER 코스피중형주,feesAndAssets,0.35
278240,RISE 코스닥150선물레버리지,issuer,0.45
278240,RISE 코스닥150선물레버리지,benchmarkName,0.45
278240,RISE 코스닥150선물레버리지,descriptions,0.45
278240,RISE 코스닥150선물레버리지,distribution,0.45
278240,RISE 코스닥150선물레버리지,sectorCountryWeights,0.45
278240,RISE 코스닥150선물레버리지,feesAndAssets,0.45
278530,KODEX 200TR,issuer,0.35
278530,KODEX 200TR,benchmarkName,0.35
278530,KODEX 200TR,descriptions,0.35
278530,KODEX 200TR,strategyFacts,0.35
278530,KODEX 200TR,distribution,0.35
278530,KODEX 200TR,sectorCountryWeights,0.35
278530,KODEX 200TR,feesAndAssets,0.35
278540,KODEX MSCI Korea TR,issuer,0.35
278540,KODEX MSCI Korea TR,benchmarkName,0.35
278540,KODEX MSCI Korea TR,descriptions,0.35
278540,KODEX MSCI Korea TR,strategyFacts,0.35
278540,KODEX MSCI Korea TR,distribution,0.35
278540,KODEX MSCI Korea TR,sectorCountryWeights,0.35
278540,KODEX MSCI Korea TR,feesAndAssets,0.35
279530,KODEX 고배당주,issuer,0.35
279530,KODEX 고배당주,benchmarkName,0.35
279530,KODEX 고배당주,descriptions,0.35
279530,KODEX 고배당주,strategyFacts,0.35
279530,KODEX 고배당주,distribution,0.35
279530,KODEX 고배당주,sectorCountryWeights,0.35
279530,KODEX 고배당주,feesAndAssets,0.35
279540,KODEX 최소변동성,issuer,0.35
279540,KODEX 최소변동성,benchmarkName,0.35
279540,KODEX 최소변동성,descriptions,0.35
279540,KODEX 최소변동성,strategyFacts,0.35
279540,KODEX 최소변동성,distribution,0.35
279540,KODEX 최소변동성,sectorCountryWeights,0.35
279540,KODEX 최소변동성,feesAndAssets,0.35
280920,PLUS 주도업종,issuer,0.35
280920,PLUS 주도업종,benchmarkName,0.35
280920,PLUS 주도업종,descriptions,0.35
280920,PLUS 주도업종,strategyFacts,0.35
280920,PLUS 주도업종,distribution,0.35
280920,PLUS 주도업종,sectorCountryWeights,0.35
280920,PLUS 주도업종,feesAndAssets,0.35
281990,RISE 중소형고배당,issuer,0.35
281990,RISE 중소형고배당,benchmarkName,0.35
281990,RISE 중소형고배당,descriptions,0.35
281990,RISE 중소형고배당,strategyFacts,0.35
281990,RISE 중소형고배당,distribution,0.35
281990,RISE 중소형고배당,sectorCountryWeights,0.35
281990,RISE 중소형고배당,feesAndAssets,0.35
284980,RISE 200금융,issuer,0.35
284980,RISE 200금융,benchmarkName,0.35
284980,RISE 200금융,descriptions,0.35
284980,RISE 200금융,strategyFacts,0.35
284980,RISE 200금융,distribution,0.35
284980,RISE 200금융,sectorCountryWeights,0.35
284980,RISE 200금융,feesAndAssets,0.35
285690,FOCUS ESG리더스,issuer,0.35
285690,FOCUS ESG리더스,benchmarkName,0.35
285690,FOCUS ESG리더스,descriptions,0.35
285690,FOCUS ESG리더스,strategyFacts,0.35
285690,FOCUS ESG리더스,distribution,0.35
285690,FOCUS ESG리더스,sectorCountryWeights,0.35
285690,FOCUS ESG리더스,feesAndAssets,0.35
289040,KODEX MSCI KOREA ESG유니버설,issuer,0.35
289040,KODEX MSCI KOREA ESG유니버설,benchmarkName,0.35
289040,KODEX MSCI KOREA ESG유니버설,descriptions,0.35
289040,KODEX MSCI KOREA ESG유니버설,strategyFacts,0.35
289040,KODEX MSCI KOREA ESG유니버설,distribution,0.35
289040,KODEX MSCI KOREA ESG유니버설,sectorCountryWeights,0.35
289040,KODEX MSCI KOREA ESG유니버설,feesAndAssets,0.35
289250,TIGER MSCI KOREA ESG유니버설,issuer,0.35
289250,TIGER MSCI KOREA ESG유니버설,benchmarkName,0.35
289250,TIGER MSCI KOREA ESG유니버설,descriptions,0.35
289250,TIGER MSCI KOREA ESG유니버설,strategyFacts,0.35
289250,TIGER MSCI KOREA ESG유니버설,distribution,0.35
289250,TIGER MSCI KOREA ESG유니버설,sectorCountryWeights,0.35
289250,TIGER MSCI KOREA ESG유니버설,feesAndAssets,0.35
289260,TIGER MSCI KOREA ESG리더스,issuer,0.35
289260,TIGER MSCI KOREA ESG리더스,benchmarkName,0.35
289260,TIGER MSCI KOREA ESG리더스,descriptions,0.35
289260,TIGER MSCI KOREA ESG리더스,strategyFacts,0.35
289260,TIGER MSCI KOREA ESG리더스,distribution,0.35
289260,TIGER MSCI KOREA ESG리더스,sectorCountryWeights,0.35
289260,TIGER MSCI KOREA ESG리더스,feesAndAssets,0.35
289480,TIGER 200커버드콜,issuer,0.45
289480,TIGER 200커버드콜,benchmarkName,0.45
289480,TIGER 200커버드콜,descriptions,0.45
289480,TIGER 200커버드콜,distribution,0.45
289480,TIGER 200커버드콜,sectorCountryWeights,0.45
289480,TIGER 200커버드콜,feesAndAssets,0.45
290080,RISE 200고배당커버드콜ATM,issuer,0.45
290080,RISE 200고배당커버드콜ATM,benchmarkName,0.45
290080,RISE 200고배당커버드콜ATM,descriptions,0.45
290080,RISE 200고배당커버드콜ATM,distribution,0.45
290080,RISE 200고배당커버드콜ATM,sectorCountryWeights,0.45
290080,RISE 200고배당커버드콜ATM,feesAndAssets,0.45
290130,RISE ESG사회책임투자,issuer,0.35
290130,RISE ESG사회책임투자,benchmarkName,0.35
290130,RISE ESG사회책임투자,descriptions,0.35
290130,RISE ESG사회책임투자,strategyFacts,0.35
290130,RISE ESG사회책임투자,distribution,0.35
290130,RISE ESG사회책임투자,sectorCountryWeights,0.35
290130,RISE ESG사회책임투자,feesAndAssets,0.35
291630,KIWOOM 코스닥150선물레버리지,issuer,0.45
291630,KIWOOM 코스닥150선물레버리지,benchmarkName,0.45
291630,KIWOOM 코스닥150선물레버리지,descriptions,0.45
291630,KIWOOM 코스닥150선물레버리지,distribution,0.45
291630,KIWOOM 코스닥150선물레버리지,sectorCountryWeights,0.45
291630,KIWOOM 코스닥150선물레버리지,feesAndAssets,0.45
292050,RISE KRX300,issuer,0.35
292050,RISE KRX300,benchmarkName,0.35
292050,RISE KRX300,descriptions,0.35
292050,RISE KRX300,strategyFacts,0.35
292050,RISE KRX300,distribution,0.35
292050,RISE KRX300,sectorCountryWeights,0.35
292050,RISE KRX300,feesAndAssets,0.35
292150,TIGER 코리아TOP10,issuer,0.35
292150,TIGER 코리아TOP10,benchmarkName,0.35
292150,TIGER 코리아TOP10,descriptions,0.35
292150,TIGER 코리아TOP10,strategyFacts,0.35
292150,TIGER 코리아TOP10,distribution,0.35
292150,TIGER 코리아TOP10,sectorCountryWeights,0.35
292150,TIGER 코리아TOP10,feesAndAssets,0.35
292160,TIGER KRX300,issuer,0.35
292160,TIGER KRX300,benchmarkName,0.35
292160,TIGER KRX300,descriptions,0.35
292160,TIGER KRX300,strategyFacts,0.35
292160,TIGER KRX300,distribution,0.35
292160,TIGER KRX300,sectorCountryWeights,0.35
292160,TIGER KRX300,feesAndAssets,0.35
292190,KODEX KRX300,issuer,0.35
292190,KODEX KRX300,benchmarkName,0.35
292190,KODEX KRX300,descriptions,0.35
292190,KODEX KRX300,strategyFacts,0.35
292190,KODEX KRX300,distribution,0.35
292190,KODEX KRX300,sectorCountryWeights,0.35
292190,KODEX KRX300,feesAndAssets,0.35
292500,SOL KRX300,issuer,0.35
292500,SOL KRX300,benchmarkName,0.35
292500,SOL KRX300,descriptions,0.35
292500,SOL KRX300,strategyFacts,0.35
292500,SOL KRX300,distribution,0.35
292500,SOL KRX300,sectorCountryWeights,0.35
292500,SOL KRX300,feesAndAssets,0.35
293180,HANARO 200,issuer,0.35
293180,HANARO 200,benchmarkName,0.35
293180,HANARO 200,descriptions,0.35
293180,HANARO 200,strategyFacts,0.35
293180,HANARO 200,distribution,0.35
293180,HANARO 200,sectorCountryWeights,0.35
293180,HANARO 200,feesAndAssets,0.35
294400,KIWOOM 200TR,issuer,0.35
294400,KIWOOM 200TR,benchmarkName,0.35
294400,KIWOOM 200TR,descriptions,0.35
294400,KIWOOM 200TR,strategyFacts,0.35
294400,KIWOOM 200TR,distribution,0.35
294400,KIWOOM 200TR,sectorCountryWeights,0.35
294400,KIWOOM 200TR,feesAndAssets,0.35
295040,SOL 200TR,issuer,0.35
295040,SOL 200TR,benchmarkName,0.35
295040,SOL 200TR,descriptions,0.35
295040,SOL 200TR,strategyFacts,0.35
295040,SOL 200TR,distribution,0.35
295040,SOL 200TR,sectorCountryWeights,0.35
295040,SOL 200TR,feesAndAssets,0.35
298340,PLUS 국채선물3년,issuer,0.35
298340,PLUS 국채선물3년,benchmarkName,0.35
298340,PLUS 국채선물3년,descriptions,0.35
298340,PLUS 국채선물3년,strategyFacts,0.35
298340,PLUS 국채선물3년,distribution,0.35
298340,PLUS 국채선물3년,sectorCountryWeights,0.35
298340,PLUS 국채선물3년,feesAndAssets,0.35
300610,TIGER K게임,issuer,0.35
300610,TIGER K게임,benchmarkName,0.35
300610,TIGER K게임,descriptions,0.35
300610,TIGER K게임,strategyFacts,0.35
300610,TIGER K게임,distribution,0.35
300610,TIGER K게임,sectorCountryWeights,0.35
300610,TIGER K게임,feesAndAssets,0.35
300640,RISE 게임테마,issuer,0.35
300640,RISE 게임테마,benchmarkName,0.35
300640,RISE 게임테마,descriptions,0.35
300640,RISE 게임테마,strategyFacts,0.35
300640,RISE 게임테마,distribution,0.35
300640,RISE 게임테마,sectorCountryWeights,0.35
300640,RISE 게임테마,feesAndAssets,0.35
300950,KODEX 게임산업,issuer,0.35
300950,KODEX 게임산업,benchmarkName,0.35
300950,KODEX 게임산업,descriptions,0.35
300950,KODEX 게임산업,strategyFacts,0.35
300950,KODEX 게임산업,distribution,0.35
300950,KODEX 게임산업,sectorCountryWeights,0.35
300950,KODEX 게임산업,feesAndAssets,0.35
301400,PLUS 코스닥150,issuer,0.35
301400,PLUS 코스닥150,benchmarkName,0.35
301400,PLUS 코스닥150,descriptions,0.35
301400,PLUS 코스닥150,strategyFacts,0.35
301400,PLUS 코스닥150,distribution,0.35
301400,PLUS 코스닥150,sectorCountryWeights,0.35
301400,PLUS 코스닥150,feesAndAssets,0.35
302450,RISE 코스피,issuer,0.35
302450,RISE 코스피,benchmarkName,0.35
302450,RISE 코스피,descriptions,0.35
302450,RISE 코스피,strategyFacts,0.35
302450,RISE 코스피,distribution,0.35
302450,RISE 코스피,sectorCountryWeights,0.35
302450,RISE 코스피,feesAndAssets,0.35
304760,HANARO KRX300,issuer,0.35
304760,HANARO KRX300,benchmarkName,0.35
304760,HANARO KRX300,descriptions,0.35
304760,HANARO KRX300,strategyFacts,0.35
304760,HANARO KRX300,distribution,0.35
304760,HANARO KRX300,sectorCountryWeights,0.35
304760,HANARO KRX300,feesAndAssets,0.35
304770,HANARO 코스닥150,issuer,0.35
304770,HANARO 코스닥150,benchmarkName,0.35
304770,HANARO 코스닥150,descriptions,0.35
304770,HANARO 코스닥150,strategyFacts,0.35
304770,HANARO 코스닥150,distribution,0.35
304770,HANARO 코스닥150,sectorCountryWeights,0.35
304770,HANARO 코스닥150,feesAndAssets,0.35
304780,HANARO 200선물레버리지,issuer,0.45
304780,HANARO 200선물레버리지,benchmarkName,0.45
304780,HANARO 200선물레버리지,descriptions,0.45
304780,HANARO 200선물레버리지,distribution,0.45
304780,HANARO 200선물레버리지,sectorCountryWeights,0.45
304780,HANARO 200선물레버리지,feesAndAssets,0.45
305050,ACE 코스피,issuer,0.35
305050,ACE 코스피,benchmarkName,0.35
305050,ACE 코스피,descriptions,0.35
305050,ACE 코스피,strategyFacts,0.35
305050,ACE 코스피,distribution,0.35
305050,ACE 코스피,sectorCountryWeights,0.35
305050,ACE 코스피,feesAndAssets,0.35
305540,TIGER 2차전지테마,issuer,0.35
305540,TIGER 2차전지테마,benchmarkName,0.35
305540,TIGER 2차전지테마,descriptions,0.35
305540,TIGER 2차전지테마,strategyFacts,0.35
305540,TIGER 2차전지테마,distribution,0.35
305540,TIGER 2차전지테마,sectorCountryWeights,0.35
305540,TIGER 2차전지테마,feesAndAssets,0.35
305720,KODEX 2차전지산업,issuer,0.35
305720,KODEX 2차전지산업,benchmarkName,0.35
305720,KODEX 2차전지산업,descriptions,0.35
305720,KODEX 2차전지산업,strategyFacts,0.35
305720,KODEX 2차전지산업,distribution,0.35
305720,KODEX 2차전지산업,sectorCountryWeights,0.35
305720,KODEX 2차전지산업,feesAndAssets,0.35
306530,HANARO 코스닥150선물레버리지,issuer,0.45
306530,HANARO 코스닥150선물레버리지,benchmarkName,0.45
306530,HANARO 코스닥150선물레버리지,descriptions,0.45
306530,HANARO 코스닥150선물레버리지,distribution,0.45
306530,HANARO 코스닥150선물레버리지,sectorCountryWeights,0.45
306530,HANARO 코스닥150선물레버리지,feesAndAssets,0.45
306950,KODEX KRX300레버리지,issuer,0.45
306950,KODEX KRX300레버리지,benchmarkName,0.45
306950,KODEX KRX300레버리지,descriptions,0.45
306950,KODEX KRX300레버리지,distribution,0.45
306950,KODEX KRX300레버리지,sectorCountryWeights,0.45
306950,KODEX KRX300레버리지,feesAndAssets,0.45
307510,TIGER 의료기기,issuer,0.35
307510,TIGER 의료기기,benchmarkName,0.35
307510,TIGER 의료기기,descriptions,0.35
307510,TIGER 의료기기,strategyFacts,0.35
307510,TIGER 의료기기,distribution,0.35
307510,TIGER 의료기기,sectorCountryWeights,0.35
307510,TIGER 의료기기,feesAndAssets,0.35
307520,TIGER 지주회사,issuer,0.35
307520,TIGER 지주회사,benchmarkName,0.35
307520,TIGER 지주회사,descriptions,0.35
307520,TIGER 지주회사,strategyFacts,0.35
307520,TIGER 지주회사,distribution,0.35
307520,TIGER 지주회사,sectorCountryWeights,0.35
307520,TIGER 지주회사,feesAndAssets,0.35
310960,TIGER 200TR,issuer,0.35
310960,TIGER 200TR,benchmarkName,0.35
310960,TIGER 200TR,descriptions,0.35
310960,TIGER 200TR,strategyFacts,0.35
310960,TIGER 200TR,distribution,0.35
310960,TIGER 200TR,sectorCountryWeights,0.35
310960,TIGER 200TR,feesAndAssets,0.35
310970,TIGER MSCI Korea TR,issuer,0.35
310970,TIGER MSCI Korea TR,benchmarkName,0.35
310970,TIGER MSCI Korea TR,descriptions,0.35
310970,TIGER MSCI Korea TR,strategyFacts,0.35
310970,TIGER MSCI Korea TR,distribution,0.35
310970,TIGER MSCI Korea TR,sectorCountryWeights,0.35
310970,TIGER MSCI Korea TR,feesAndAssets,0.35
314700,HANARO 농업융복합산업,issuer,0.35
314700,HANARO 농업융복합산업,benchmarkName,0.35
314700,HANARO 농업융복합산업,descriptions,0.35
314700,HANARO 농업융복합산업,strategyFacts,0.35
314700,HANARO 농업융복합산업,distribution,0.35
314700,HANARO 농업융복합산업,sectorCountryWeights,0.35
314700,HANARO 농업융복합산업,feesAndAssets,0.35
315270,TIGER 200커뮤니케이션서비스,issuer,0.35
315270,TIGER 200커뮤니케이션서비스,benchmarkName,0.35
315270,TIGER 200커뮤니케이션서비스,descriptions,0.35
315270,TIGER 200커뮤니케이션서비스,strategyFacts,0.35
315270,TIGER 200커뮤니케이션서비스,distribution,0.35
315270,TIGER 200커뮤니케이션서비스,sectorCountryWeights,0.35
315270,TIGER 200커뮤니케이션서비스,feesAndAssets,0.35
315930,KODEX Top5PlusTR,issuer,0.35
315930,KODEX Top5PlusTR,benchmarkName,0.35
315930,KODEX Top5PlusTR,descriptions,0.35
315930,KODEX Top5PlusTR,strategyFacts,0.35
315930,KODEX Top5PlusTR,distribution,0.35
315930,KODEX Top5PlusTR,sectorCountryWeights,0.35
315930,KODEX Top5PlusTR,feesAndAssets,0.35
315960,RISE 대형고배당10TR,issuer,0.35
315960,RISE 대형고배당10TR,benchmarkName,0.35
315960,RISE 대형고배당10TR,descriptions,0.35
315960,RISE 대형고배당10TR,strategyFacts,0.35
315960,RISE 대형고배당10TR,distribution,0.35
315960,RISE 대형고배당10TR,sectorCountryWeights,0.35
315960,RISE 대형고배당10TR,feesAndAssets,0.35
316670,KIWOOM 코스닥150,issuer,0.35
316670,KIWOOM 코스닥150,benchmarkName,0.35
316670,KIWOOM 코스닥150,descriptions,0.35
316670,KIWOOM 코스닥150,strategyFacts,0.35
316670,KIWOOM 코스닥150,distribution,0.35
316670,KIWOOM 코스닥150,sectorCountryWeights,0.35
316670,KIWOOM 코스닥150,feesAndAssets,0.35
322400,HANARO e커머스,issuer,0.35
322400,HANARO e커머스,benchmarkName,0.35
322400,HANARO e커머스,descriptions,0.35
322400,HANARO e커머스,strategyFacts,0.35
322400,HANARO e커머스,distribution,0.35
322400,HANARO e커머스,sectorCountryWeights,0.35
322400,HANARO e커머스,feesAndAssets,0.35
322410,HANARO K고배당,issuer,0.35
322410,HANARO K고배당,benchmarkName,0.35
322410,HANARO K고배당,descriptions,0.35
322410,HANARO K고배당,strategyFacts,0.35
322410,HANARO K고배당,distribution,0.35
322410,HANARO K고배당,sectorCountryWeights,0.35
322410,HANARO K고배당,feesAndAssets,0.35
325010,KODEX 성장주,issuer,0.35
325010,KODEX 성장주,benchmarkName,0.35
325010,KODEX 성장주,descriptions,0.35
325010,KODEX 성장주,strategyFacts,0.35
325010,KODEX 성장주,distribution,0.35
325010,KODEX 성장주,sectorCountryWeights,0.35
325010,KODEX 성장주,feesAndAssets,0.35
325020,KODEX 배당가치,issuer,0.35
325020,KODEX 배당가치,benchmarkName,0.35
325020,KODEX 배당가치,descriptions,0.35
325020,KODEX 배당가치,strategyFacts,0.35
325020,KODEX 배당가치,distribution,0.35
325020,KODEX 배당가치,sectorCountryWeights,0.35
325020,KODEX 배당가치,feesAndAssets,0.35
326230,RISE 내수주플러스,issuer,0.35
326230,RISE 내수주플러스,benchmarkName,0.35
326230,RISE 내수주플러스,descriptions,0.35
326230,RISE 내수주플러스,strategyFacts,0.35
326230,RISE 내수주플러스,distribution,0.35
326230,RISE 내수주플러스,sectorCountryWeights,0.35
326230,RISE 내수주플러스,feesAndAssets,0.35
326240,RISE IT플러스,issuer,0.35
326240,RISE IT플러스,benchmarkName,0.35
326240,RISE IT플러스,descriptions,0.35
326240,RISE IT플러스,strategyFacts,0.35
326240,RISE IT플러스,distribution,0.35
326240,RISE IT플러스,sectorCountryWeights,0.35
326240,RISE IT플러스,feesAndAssets,0.35
328370,PLUS 코스피TR,issuer,0.35
328370,PLUS 코스피TR,benchmarkName,0.35
328370,PLUS 코스피TR,descriptions,0.35
328370,PLUS 코스피TR,strategyFacts,0.35
328370,PLUS 코스피TR,distribution,0.35
328370,PLUS 코스피TR,sectorCountryWeights,0.35
328370,PLUS 코스피TR,feesAndAssets,0.35
329200,TIGER 리츠부동산인프라,issuer,0.35
329200,TIGER 리츠부동산인프라,benchmarkName,0.35
329200,TIGER 리츠부동산인프라,descriptions,0.35
329200,TIGER 리츠부동산인프라,strategyFacts,0.35
329200,TIGER 리츠부동산인프라,distribution,0.35
329200,TIGER 리츠부동산인프라,sectorCountryWeights,0.35
329200,TIGER 리츠부동산인프라,feesAndAssets,0.35
332500,ACE 200TR,issuer,0.35
332500,ACE 200TR,benchmarkName,0.35
332500,ACE 200TR,descriptions,0.35
332500,ACE 200TR,strategyFacts,0.35
332500,ACE 200TR,distribution,0.35
332500,ACE 200TR,sectorCountryWeights,0.35
332500,ACE 200TR,feesAndAssets,0.35
332930,HANARO 200TR,issuer,0.35
332930,HANARO 200TR,benchmarkName,0.35
332930,HANARO 200TR,descriptions,0.35
332930,HANARO 200TR,strategyFacts,0.35
332930,HANARO 200TR,distribution,0.35
332930,HANARO 200TR,sectorCountryWeights,0.35
332930,HANARO 200TR,feesAndAssets,0.35
332940,HANARO MSCI Korea TR,issuer,0.35
332940,HANARO MSCI Korea TR,benchmarkName,0.35
332940,HANARO MSCI Korea TR,descriptions,0.35
332940,HANARO MSCI Korea TR,strategyFacts,0.35
332940,HANARO MSCI Korea TR,distribution,0.35
332940,HANARO MSCI Korea TR,sectorCountryWeights,0.35
332940,HANARO MSCI Korea TR,feesAndAssets,0.35
337120,KODEX 멀티팩터,issuer,0.35
337120,KODEX 멀티팩터,benchmarkName,0.35
337120,KODEX 멀티팩터,descriptions,0.35
337120,KODEX 멀티팩터,strategyFacts,0.35
337120,KODEX 멀티팩터,distribution,0.35
337120,KODEX 멀티팩터,sectorCountryWeights,0.35
337120,KODEX 멀티팩터,feesAndAssets,0.35
337140,KODEX 코스피대형주,issuer,0.35
337140,KODEX 코스피대형주,benchmarkName,0.35
337140,KODEX 코스피대형주,descriptions,0.35
337140,KODEX 코스피대형주,strategyFacts,0.35
337140,KODEX 코스피대형주,distribution,0.35
337140,KODEX 코스피대형주,sectorCountryWeights,0.35
337140,KODEX 코스피대형주,feesAndAssets,0.35
337150,KODEX 200exTOP,issuer,0.35
337150,KODEX 200exTOP,benchmarkName,0.35
337150,KODEX 200exTOP,descriptions,0.35
337150,KODEX 200exTOP,strategyFacts,0.35
337150,KODEX 200exTOP,distribution,0.35
337150,KODEX 200exTOP,sectorCountryWeights,0.35
337150,KODEX 200exTOP,feesAndAssets,0.35
337160,KODEX 200ESG,issuer,0.35
337160,KODEX 200ESG,benchmarkName,0.35
337160,KODEX 200ESG,descriptions,0.35
337160,KODEX 200ESG,strategyFacts,0.35
337160,KODEX 200ESG,distribution,0.35
337160,KODEX 200ESG,sectorCountryWeights,0.35
337160,KODEX 200ESG,feesAndAssets,0.35
341850,TIGER 리츠부동산인프라채권,issuer,0.35
341850,TIGER 리츠부동산인프라채권,benchmarkName,0.35
341850,TIGER 리츠부동산인프라채권,descriptions,0.35
341850,TIGER 리츠부동산인프라채권,strategyFacts,0.35
341850,TIGER 리츠부동산인프라채권,distribution,0.35
341850,TIGER 리츠부동산인프라채권,sectorCountryWeights,0.35
341850,TIGER 리츠부동산인프라채권,feesAndAssets,0.35
354500,ACE 코스닥150,issuer,0.35
354500,ACE 코스닥150,benchmarkName,0.35
354500,ACE 코스닥150,descriptions,0.35
354500,ACE 코스닥150,strategyFacts,0.35
354500,ACE 코스닥150,distribution,0.35
354500,ACE 코스닥150,sectorCountryWeights,0.35
354500,ACE 코스닥150,feesAndAssets,0.35
359210,KODEX 코스피TR,issuer,0.35
359210,KODEX 코스피TR,benchmarkName,0.35
359210,KODEX 코스피TR,descriptions,0.35
359210,KODEX 코스피TR,strategyFacts,0.35
359210,KODEX 코스피TR,distribution,0.35
359210,KODEX 코스피TR,sectorCountryWeights,0.35
359210,KODEX 코스피TR,feesAndAssets,0.35
360140,KODEX 200롱코스닥150숏선물,issuer,0.35
360140,KODEX 200롱코스닥150숏선물,benchmarkName,0.35
360140,KODEX 200롱코스닥150숏선물,descriptions,0.35
360140,KODEX 200롱코스닥150숏선물,strategyFacts,0.35
360140,KODEX 200롱코스닥150숏선물,distribution,0.35
360140,KODEX 200롱코스닥150숏선물,sectorCountryWeights,0.35
360140,KODEX 200롱코스닥150숏선물,feesAndAssets,0.35
360150,KODEX 코스닥150롱코스피200숏선물,issuer,0.35
360150,KODEX 코스닥150롱코스피200숏선물,benchmarkName,0.35
360150,KODEX 코스닥150롱코스피200숏선물,descriptions,0.35
360150,KODEX 코스닥150롱코스피200숏선물,strategyFacts,0.35
360150,KODEX 코스닥150롱코스피200숏선물,distribution,0.35
360150,KODEX 코스닥150롱코스피200숏선물,sectorCountryWeights,0.35
360150,KODEX 코스닥150롱코스피200숏선물,feesAndAssets,0.35
360750,TIGER 미국S&P500,descriptions,0.55
360750,TIGER 미국S&P500,holdings,0.55
360750,TIGER 미국S&P500,sectorCountryWeights,0.55
361580,RISE 200TR,issuer,0.35
361580,RISE 200TR,benchmarkName,0.35
361580,RISE 200TR,descriptions,0.35
361580,RISE 200TR,strategyFacts,0.35
361580,RISE 200TR,distribution,0.35
361580,RISE 200TR,sectorCountryWeights,0.35
361580,RISE 200TR,feesAndAssets,0.35
363580,KODEX 200IT TR,issuer,0.35
363580,KODEX 200IT TR,benchmarkName,0.35
363580,KODEX 200IT TR,descriptions,0.35
363580,KODEX 200IT TR,strategyFacts,0.35
363580,KODEX 200IT TR,distribution,0.35
363580,KODEX 200IT TR,sectorCountryWeights,0.35
363580,KODEX 200IT TR,feesAndAssets,0.35
364690,KODEX 혁신기술테마액티브,issuer,0.45
364690,KODEX 혁신기술테마액티브,benchmarkName,0.45
364690,KODEX 혁신기술테마액티브,descriptions,0.45
364690,KODEX 혁신기술테마액티브,distribution,0.45
364690,KODEX 혁신기술테마액티브,sectorCountryWeights,0.45
364690,KODEX 혁신기술테마액티브,feesAndAssets,0.45
364960,TIGER BBIG,issuer,0.35
364960,TIGER BBIG,benchmarkName,0.35
364960,TIGER BBIG,descriptions,0.35
364960,TIGER BBIG,strategyFacts,0.35
364960,TIGER BBIG,distribution,0.35
364960,TIGER BBIG,sectorCountryWeights,0.35
364960,TIGER BBIG,feesAndAssets,0.35
364970,TIGER 바이오TOP10,issuer,0.35
364970,TIGER 바이오TOP10,benchmarkName,0.35
364970,TIGER 바이오TOP10,descriptions,0.35
364970,TIGER 바이오TOP10,strategyFacts,0.35
364970,TIGER 바이오TOP10,distribution,0.35
364970,TIGER 바이오TOP10,sectorCountryWeights,0.35
364970,TIGER 바이오TOP10,feesAndAssets,0.35
364980,TIGER 2차전지TOP10,issuer,0.35
364980,TIGER 2차전지TOP10,benchmarkName,0.35
364980,TIGER 2차전지TOP10,descriptions,0.35
364980,TIGER 2차전지TOP10,strategyFacts,0.35
364980,TIGER 2차전지TOP10,distribution,0.35
364980,TIGER 2차전지TOP10,sectorCountryWeights,0.35
364980,TIGER 2차전지TOP10,feesAndAssets,0.35
364990,TIGER 게임TOP10,issuer,0.35
364990,TIGER 게임TOP10,benchmarkName,0.35
364990,TIGER 게임TOP10,descriptions,0.35
364990,TIGER 게임TOP10,strategyFacts,0.35
364990,TIGER 게임TOP10,distribution,0.35
364990,TIGER 게임TOP10,sectorCountryWeights,0.35
364990,TIGER 게임TOP10,feesAndAssets,0.35
365000,TIGER 인터넷TOP10,issuer,0.35
365000,TIGER 인터넷TOP10,benchmarkName,0.35
365000,TIGER 인터넷TOP10,descriptions,0.35
365000,TIGER 인터넷TOP10,strategyFacts,0.35
365000,TIGER 인터넷TOP10,distribution,0.35
365000,TIGER 인터넷TOP10,sectorCountryWeights,0.35
365000,TIGER 인터넷TOP10,feesAndAssets,0.35
365040,TIGER AI코리아그로스액티브,issuer,0.45
365040,TIGER AI코리아그로스액티브,benchmarkName,0.45
365040,TIGER AI코리아그로스액티브,descriptions,0.45
365040,TIGER AI코리아그로스액티브,distribution,0.45
365040,TIGER AI코리아그로스액티브,sectorCountryWeights,0.45
365040,TIGER AI코리아그로스액티브,feesAndAssets,0.45
367740,HANARO Fn5G산업,issuer,0.35
367740,HANARO Fn5G산업,benchmarkName,0.35
367740,HANARO Fn5G산업,descriptions,0.35
367740,HANARO Fn5G산업,strategyFacts,0.35
367740,HANARO Fn5G산업,distribution,0.35
367740,HANARO Fn5G산업,sectorCountryWeights,0.35
367740,HANARO Fn5G산업,feesAndAssets,0.35
367760,RISE 네트워크인프라,issuer,0.35
367760,RISE 네트워크인프라,benchmarkName,0.35
367760,RISE 네트워크인프라,descriptions,0.35
367760,RISE 네트워크인프라,strategyFacts,0.35
367760,RISE 네트워크인프라,distribution,0.35
367760,RISE 네트워크인프라,sectorCountryWeights,0.35
367760,RISE 네트워크인프라,feesAndAssets,0.35
367770,RISE 수소경제테마,issuer,0.35
367770,RISE 수소경제테마,benchmarkName,0.35
367770,RISE 수소경제테마,descriptions,0.35
367770,RISE 수소경제테마,strategyFacts,0.35
367770,RISE 수소경제테마,distribution,0.35
367770,RISE 수소경제테마,sectorCountryWeights,0.35
367770,RISE 수소경제테마,feesAndAssets,0.35
368190,HANARO Fn K-뉴딜디지털플러스,issuer,0.35
368190,HANARO Fn K-뉴딜디지털플러스,benchmarkName,0.35
368190,HANARO Fn K-뉴딜디지털플러스,descriptions,0.35
368190,HANARO Fn K-뉴딜디지털플러스,strategyFacts,0.35
368190,HANARO Fn K-뉴딜디지털플러스,distribution,0.35
368190,HANARO Fn K-뉴딜디지털플러스,sectorCountryWeights,0.35
368190,HANARO Fn K-뉴딜디지털플러스,feesAndAssets,0.35
368680,KODEX K-뉴딜디지털플러스,issuer,0.35
368680,KODEX K-뉴딜디지털플러스,benchmarkName,0.35
368680,KODEX K-뉴딜디지털플러스,descriptions,0.35
368680,KODEX K-뉴딜디지털플러스,strategyFacts,0.35
368680,KODEX K-뉴딜디지털플러스,distribution,0.35
368680,KODEX K-뉴딜디지털플러스,sectorCountryWeights,0.35
368680,KODEX K-뉴딜디지털플러스,feesAndAssets,0.35
373490,KODEX 코리아혁신성장액티브,issuer,0.45
373490,KODEX 코리아혁신성장액티브,benchmarkName,0.45
373490,KODEX 코리아혁신성장액티브,descriptions,0.45
373490,KODEX 코리아혁신성장액티브,distribution,0.45
373490,KODEX 코리아혁신성장액티브,sectorCountryWeights,0.45
373490,KODEX 코리아혁신성장액티브,feesAndAssets,0.45
375760,HANARO 탄소효율그린뉴딜,issuer,0.35
375760,HANARO 탄소효율그린뉴딜,benchmarkName,0.35
375760,HANARO 탄소효율그린뉴딜,descriptions,0.35
375760,HANARO 탄소효율그린뉴딜,strategyFacts,0.35
375760,HANARO 탄소효율그린뉴딜,distribution,0.35
375760,HANARO 탄소효율그린뉴딜,sectorCountryWeights,0.35
375760,HANARO 탄소효율그린뉴딜,feesAndAssets,0.35
375770,KODEX 탄소효율그린뉴딜,issuer,0.35
375770,KODEX 탄소효율그린뉴딜,benchmarkName,0.35
375770,KODEX 탄소효율그린뉴딜,descriptions,0.35
375770,KODEX 탄소효율그린뉴딜,strategyFacts,0.35
375770,KODEX 탄소효율그린뉴딜,distribution,0.35
375770,KODEX 탄소효율그린뉴딜,sectorCountryWeights,0.35
375770,KODEX 탄소효율그린뉴딜,feesAndAssets,0.35
376410,TIGER 탄소효율그린뉴딜,issuer,0.35
376410,TIGER 탄소효율그린뉴딜,benchmarkName,0.35
376410,TIGER 탄소효율그린뉴딜,descriptions,0.35
376410,TIGER 탄소효율그린뉴딜,strategyFacts,0.35
376410,TIGER 탄소효율그린뉴딜,distribution,0.35
376410,TIGER 탄소효율그린뉴딜,sectorCountryWeights,0.35
376410,TIGER 탄소효율그린뉴딜,feesAndAssets,0.35
377990,TIGER Fn신재생에너지,issuer,0.35
377990,TIGER Fn신재생에너지,benchmarkName,0.35
377990,TIGER Fn신재생에너지,descriptions,0.35
377990,TIGER Fn신재생에너지,strategyFacts,0.35
377990,TIGER Fn신재생에너지,distribution,0.35
377990,TIGER Fn신재생에너지,sectorCountryWeights,0.35
377990,TIGER Fn신재생에너지,feesAndAssets,0.35
379800,KODEX 미국S&P500,descriptions,0.55
379800,KODEX 미국S&P500,holdings,0.55
379800,KODEX 미국S&P500,sectorCountryWeights,0.55
379810,KODEX 미국나스닥100,descriptions,0.55
379810,KODEX 미국나스닥100,holdings,0.55
379810,KODEX 미국나스닥100,sectorCountryWeights,0.55
380340,ACE 코리아AI테크핵심산업,issuer,0.35
380340,ACE 코리아AI테크핵심산업,benchmarkName,0.35
380340,ACE 코리아AI테크핵심산업,descriptions,0.35
380340,ACE 코리아AI테크핵심산업,strategyFacts,0.35
380340,ACE 코리아AI테크핵심산업,distribution,0.35
380340,ACE 코리아AI테크핵심산업,sectorCountryWeights,0.35
380340,ACE 코리아AI테크핵심산업,feesAndAssets,0.35
381560,HANARO Fn전기&수소차,issuer,0.35
381560,HANARO Fn전기&수소차,benchmarkName,0.35
381560,HANARO Fn전기&수소차,descriptions,0.35
381560,HANARO Fn전기&수소차,strategyFacts,0.35
381560,HANARO Fn전기&수소차,distribution,0.35
381560,HANARO Fn전기&수소차,sectorCountryWeights,0.35
381560,HANARO Fn전기&수소차,feesAndAssets,0.35
381570,HANARO Fn친환경에너지,issuer,0.35
381570,HANARO Fn친환경에너지,benchmarkName,0.35
381570,HANARO Fn친환경에너지,descriptions,0.35
381570,HANARO Fn친환경에너지,strategyFacts,0.35
381570,HANARO Fn친환경에너지,distribution,0.35
381570,HANARO Fn친환경에너지,sectorCountryWeights,0.35
381570,HANARO Fn친환경에너지,feesAndAssets,0.35
385510,KODEX 신재생에너지액티브,issuer,0.45
385510,KODEX 신재생에너지액티브,benchmarkName,0.45
385510,KODEX 신재생에너지액티브,descriptions,0.45
385510,KODEX 신재생에너지액티브,distribution,0.45
385510,KODEX 신재생에너지액티브,sectorCountryWeights,0.45
385510,KODEX 신재생에너지액티브,feesAndAssets,0.45
385520,KODEX 자율주행액티브,issuer,0.45
385520,KODEX 자율주행액티브,benchmarkName,0.45
385520,KODEX 자율주행액티브,descriptions,0.45
385520,KODEX 자율주행액티브,distribution,0.45
385520,KODEX 자율주행액티브,sectorCountryWeights,0.45
385520,KODEX 자율주행액티브,feesAndAssets,0.45
385590,ACE ESG액티브,issuer,0.45
385590,ACE ESG액티브,benchmarkName,0.45
385590,ACE ESG액티브,descriptions,0.45
385590,ACE ESG액티브,distribution,0.45
385590,ACE ESG액티브,sectorCountryWeights,0.45
385590,ACE ESG액티브,feesAndAssets,0.45
385600,ACE 2차전지&친환경차액티브,issuer,0.45
385600,ACE 2차전지&친환경차액티브,benchmarkName,0.45
385600,ACE 2차전지&친환경차액티브,descriptions,0.45
385600,ACE 2차전지&친환경차액티브,distribution,0.45
385600,ACE 2차전지&친환경차액티브,sectorCountryWeights,0.45
385600,ACE 2차전지&친환경차액티브,feesAndAssets,0.45
385710,TIME K이노베이션액티브,issuer,0.45
385710,TIME K이노베이션액티브,benchmarkName,0.45
385710,TIME K이노베이션액티브,descriptions,0.45
385710,TIME K이노베이션액티브,distribution,0.45
385710,TIME K이노베이션액티브,sectorCountryWeights,0.45
385710,TIME K이노베이션액티브,feesAndAssets,0.45
385720,TIME 코스피액티브,issuer,0.45
385720,TIME 코스피액티브,benchmarkName,0.45
385720,TIME 코스피액티브,descriptions,0.45
385720,TIME 코스피액티브,distribution,0.45
385720,TIME 코스피액티브,sectorCountryWeights,0.45
385720,TIME 코스피액티브,feesAndAssets,0.45
387280,TIGER 퓨처모빌리티액티브,issuer,0.45
387280,TIGER 퓨처모빌리티액티브,benchmarkName,0.45
387280,TIGER 퓨처모빌리티액티브,descriptions,0.45
387280,TIGER 퓨처모빌리티액티브,distribution,0.45
387280,TIGER 퓨처모빌리티액티브,sectorCountryWeights,0.45
387280,TIGER 퓨처모빌리티액티브,feesAndAssets,0.45
388280,RISE K엔터&여행레저,issuer,0.35
388280,RISE K엔터&여행레저,benchmarkName,0.35
388280,RISE K엔터&여행레저,descriptions,0.35
388280,RISE K엔터&여행레저,strategyFacts,0.35
388280,RISE K엔터&여행레저,distribution,0.35
388280,RISE K엔터&여행레저,sectorCountryWeights,0.35
388280,RISE K엔터&여행레저,feesAndAssets,0.35
388420,RISE 비메모리반도체액티브,issuer,0.45
388420,RISE 비메모리반도체액티브,benchmarkName,0.45
388420,RISE 비메모리반도체액티브,descriptions,0.45
388420,RISE 비메모리반도체액티브,distribution,0.45
388420,RISE 비메모리반도체액티브,sectorCountryWeights,0.45
388420,RISE 비메모리반도체액티브,feesAndAssets,0.45
391670,HK 베스트일레븐액티브,issuer,0.45
391670,HK 베스트일레븐액티브,benchmarkName,0.45
391670,HK 베스트일레븐액티브,descriptions,0.45
391670,HK 베스트일레븐액티브,distribution,0.45
391670,HK 베스트일레븐액티브,sectorCountryWeights,0.45
391670,HK 베스트일레븐액티브,feesAndAssets,0.45
395150,KODEX 웹툰&드라마,issuer,0.35
395150,KODEX 웹툰&드라마,benchmarkName,0.35
395150,KODEX 웹툰&드라마,descriptions,0.35
395150,KODEX 웹툰&드라마,strategyFacts,0.35
395150,KODEX 웹툰&드라마,distribution,0.35
395150,KODEX 웹툰&드라마,sectorCountryWeights,0.35
395150,KODEX 웹툰&드라마,feesAndAssets,0.35
395160,KODEX AI반도체TOP2플러스,issuer,0.35
395160,KODEX AI반도체TOP2플러스,benchmarkName,0.35
395160,KODEX AI반도체TOP2플러스,descriptions,0.35
395160,KODEX AI반도체TOP2플러스,strategyFacts,0.35
395160,KODEX AI반도체TOP2플러스,distribution,0.35
395160,KODEX AI반도체TOP2플러스,sectorCountryWeights,0.35
395160,KODEX AI반도체TOP2플러스,feesAndAssets,0.35
395170,KODEX Top10동일가중,issuer,0.35
395170,KODEX Top10동일가중,benchmarkName,0.35
395170,KODEX Top10동일가중,descriptions,0.35
395170,KODEX Top10동일가중,strategyFacts,0.35
395170,KODEX Top10동일가중,distribution,0.35
395170,KODEX Top10동일가중,sectorCountryWeights,0.35
395170,KODEX Top10동일가중,feesAndAssets,0.35
395270,HANARO Fn K-반도체,issuer,0.35
395270,HANARO Fn K-반도체,benchmarkName,0.35
395270,HANARO Fn K-반도체,descriptions,0.35
395270,HANARO Fn K-반도체,strategyFacts,0.35
395270,HANARO Fn K-반도체,distribution,0.35
395270,HANARO Fn K-반도체,sectorCountryWeights,0.35
395270,HANARO Fn K-반도체,feesAndAssets,0.35
395280,HANARO Fn K-게임,issuer,0.35
395280,HANARO Fn K-게임,benchmarkName,0.35
395280,HANARO Fn K-게임,descriptions,0.35
395280,HANARO Fn K-게임,strategyFacts,0.35
395280,HANARO Fn K-게임,distribution,0.35
395280,HANARO Fn K-게임,sectorCountryWeights,0.35
395280,HANARO Fn K-게임,feesAndAssets,0.35
395290,HANARO Fn K-POP&미디어,issuer,0.35
395290,HANARO Fn K-POP&미디어,benchmarkName,0.35
395290,HANARO Fn K-POP&미디어,descriptions,0.35
395290,HANARO Fn K-POP&미디어,strategyFacts,0.35
395290,HANARO Fn K-POP&미디어,distribution,0.35
395290,HANARO Fn K-POP&미디어,sectorCountryWeights,0.35
395290,HANARO Fn K-POP&미디어,feesAndAssets,0.35
395750,PLUS ESG가치주액티브,issuer,0.45
395750,PLUS ESG가치주액티브,benchmarkName,0.45
395750,PLUS ESG가치주액티브,descriptions,0.45
395750,PLUS ESG가치주액티브,distribution,0.45
395750,PLUS ESG가치주액티브,sectorCountryWeights,0.45
395750,PLUS ESG가치주액티브,feesAndAssets,0.45
395760,PLUS ESG성장주액티브,issuer,0.45
395760,PLUS ESG성장주액티브,benchmarkName,0.45
395760,PLUS ESG성장주액티브,descriptions,0.45
395760,PLUS ESG성장주액티브,distribution,0.45
395760,PLUS ESG성장주액티브,sectorCountryWeights,0.45
395760,PLUS ESG성장주액티브,feesAndAssets,0.45
396500,TIGER 반도체TOP10,issuer,0.35
396500,TIGER 반도체TOP10,benchmarkName,0.35
396500,TIGER 반도체TOP10,descriptions,0.35
396500,TIGER 반도체TOP10,strategyFacts,0.35
396500,TIGER 반도체TOP10,distribution,0.35
396500,TIGER 반도체TOP10,sectorCountryWeights,0.35
396500,TIGER 반도체TOP10,feesAndAssets,0.35
400970,TIGER Fn메타버스,issuer,0.35
400970,TIGER Fn메타버스,benchmarkName,0.35
400970,TIGER Fn메타버스,descriptions,0.35
400970,TIGER Fn메타버스,strategyFacts,0.35
400970,TIGER Fn메타버스,distribution,0.35
400970,TIGER Fn메타버스,sectorCountryWeights,0.35
400970,TIGER Fn메타버스,feesAndAssets,0.35
401170,RISE 메타버스,issuer,0.35
401170,RISE 메타버스,benchmarkName,0.35
401170,RISE 메타버스,descriptions,0.35
401170,RISE 메타버스,strategyFacts,0.35
401170,RISE 메타버스,distribution,0.35
401170,RISE 메타버스,sectorCountryWeights,0.35
401170,RISE 메타버스,feesAndAssets,0.35
401470,KODEX 메타버스액티브,issuer,0.45
401470,KODEX 메타버스액티브,benchmarkName,0.45
401470,KODEX 메타버스액티브,descriptions,0.45
401470,KODEX 메타버스액티브,distribution,0.45
401470,KODEX 메타버스액티브,sectorCountryWeights,0.45
401470,KODEX 메타버스액티브,feesAndAssets,0.45
402460,HANARO Fn K-메타버스MZ,issuer,0.35
402460,HANARO Fn K-메타버스MZ,benchmarkName,0.35
402460,HANARO Fn K-메타버스MZ,descriptions,0.35
402460,HANARO Fn K-메타버스MZ,strategyFacts,0.35
402460,HANARO Fn K-메타버스MZ,distribution,0.35
402460,HANARO Fn K-메타버스MZ,sectorCountryWeights,0.35
402460,HANARO Fn K-메타버스MZ,feesAndAssets,0.35
403790,MIDAS 코스피액티브,issuer,0.45
403790,MIDAS 코스피액티브,benchmarkName,0.45
403790,MIDAS 코스피액티브,descriptions,0.45
403790,MIDAS 코스피액티브,distribution,0.45
403790,MIDAS 코스피액티브,sectorCountryWeights,0.45
403790,MIDAS 코스피액티브,feesAndAssets,0.45
404120,TIME K신재생에너지액티브,issuer,0.45
404120,TIME K신재생에너지액티브,benchmarkName,0.45
404120,TIME K신재생에너지액티브,descriptions,0.45
404120,TIME K신재생에너지액티브,distribution,0.45
404120,TIME K신재생에너지액티브,sectorCountryWeights,0.45
404120,TIME K신재생에너지액티브,feesAndAssets,0.45
404260,KODEX 기후변화솔루션,issuer,0.35
404260,KODEX 기후변화솔루션,benchmarkName,0.35
404260,KODEX 기후변화솔루션,descriptions,0.35
404260,KODEX 기후변화솔루션,strategyFacts,0.35
404260,KODEX 기후변화솔루션,distribution,0.35
404260,KODEX 기후변화솔루션,sectorCountryWeights,0.35
404260,KODEX 기후변화솔루션,feesAndAssets,0.35
404540,TIGER KRX기후변화솔루션,issuer,0.35
404540,TIGER KRX기후변화솔루션,benchmarkName,0.35
404540,TIGER KRX기후변화솔루션,descriptions,0.35
404540,TIGER KRX기후변화솔루션,strategyFacts,0.35
404540,TIGER KRX기후변화솔루션,distribution,0.35
404540,TIGER KRX기후변화솔루션,sectorCountryWeights,0.35
404540,TIGER KRX기후변화솔루션,feesAndAssets,0.35
404650,SOL KRX기후변화솔루션,issuer,0.35
404650,SOL KRX기후변화솔루션,benchmarkName,0.35
404650,SOL KRX기후변화솔루션,descriptions,0.35
404650,SOL KRX기후변화솔루션,strategyFacts,0.35
404650,SOL KRX기후변화솔루션,distribution,0.35
404650,SOL KRX기후변화솔루션,sectorCountryWeights,0.35
404650,SOL KRX기후변화솔루션,feesAndAssets,0.35
407300,HANARO Fn골프테마,issuer,0.35
407300,HANARO Fn골프테마,benchmarkName,0.35
407300,HANARO Fn골프테마,descriptions,0.35
407300,HANARO Fn골프테마,strategyFacts,0.35
407300,HANARO Fn골프테마,distribution,0.35
407300,HANARO Fn골프테마,sectorCountryWeights,0.35
407300,HANARO Fn골프테마,feesAndAssets,0.35
407310,HANARO 200 TOP10,issuer,0.35
407310,HANARO 200 TOP10,benchmarkName,0.35
407310,HANARO 200 TOP10,descriptions,0.35
407310,HANARO 200 TOP10,strategyFacts,0.35
407310,HANARO 200 TOP10,distribution,0.35
407310,HANARO 200 TOP10,sectorCountryWeights,0.35
407310,HANARO 200 TOP10,feesAndAssets,0.35
407820,에셋플러스 코리아플랫폼액티브,issuer,0.45
407820,에셋플러스 코리아플랫폼액티브,benchmarkName,0.45
407820,에셋플러스 코리아플랫폼액티브,descriptions,0.45
407820,에셋플러스 코리아플랫폼액티브,distribution,0.45
407820,에셋플러스 코리아플랫폼액티브,sectorCountryWeights,0.45
407820,에셋플러스 코리아플랫폼액티브,feesAndAssets,0.45
410870,TIME K컬처액티브,issuer,0.45
410870,TIME K컬처액티브,benchmarkName,0.45
410870,TIME K컬처액티브,descriptions,0.45
410870,TIME K컬처액티브,distribution,0.45
410870,TIME K컬처액티브,sectorCountryWeights,0.45
410870,TIME K컬처액티브,feesAndAssets,0.45
411540,SOL 200 Top10,issuer,0.35
411540,SOL 200 Top10,benchmarkName,0.35
411540,SOL 200 Top10,descriptions,0.35
411540,SOL 200 Top10,strategyFacts,0.35
411540,SOL 200 Top10,distribution,0.35
411540,SOL 200 Top10,sectorCountryWeights,0.35
411540,SOL 200 Top10,feesAndAssets,0.35
412560,TIGER BBIG레버리지,issuer,0.45
412560,TIGER BBIG레버리지,benchmarkName,0.45
412560,TIGER BBIG레버리지,descriptions,0.45
412560,TIGER BBIG레버리지,distribution,0.45
412560,TIGER BBIG레버리지,sectorCountryWeights,0.45
412560,TIGER BBIG레버리지,feesAndAssets,0.45
412570,TIGER 2차전지TOP10레버리지,issuer,0.45
412570,TIGER 2차전지TOP10레버리지,benchmarkName,0.45
412570,TIGER 2차전지TOP10레버리지,descriptions,0.45
412570,TIGER 2차전지TOP10레버리지,distribution,0.45
412570,TIGER 2차전지TOP10레버리지,sectorCountryWeights,0.45
412570,TIGER 2차전지TOP10레버리지,feesAndAssets,0.45
413930,WON AI ESG액티브,issuer,0.45
413930,WON AI ESG액티브,benchmarkName,0.45
413930,WON AI ESG액티브,descriptions,0.45
413930,WON AI ESG액티브,distribution,0.45
413930,WON AI ESG액티브,sectorCountryWeights,0.45
413930,WON AI ESG액티브,feesAndAssets,0.45
417630,TIGER KEDI혁신기업ESG30,issuer,0.35
417630,TIGER KEDI혁신기업ESG30,benchmarkName,0.35
417630,TIGER KEDI혁신기업ESG30,descriptions,0.35
417630,TIGER KEDI혁신기업ESG30,strategyFacts,0.35
417630,TIGER KEDI혁신기업ESG30,distribution,0.35
417630,TIGER KEDI혁신기업ESG30,sectorCountryWeights,0.35
417630,TIGER KEDI혁신기업ESG30,feesAndAssets,0.35
421320,PLUS 우주항공,issuer,0.35
421320,PLUS 우주항공,benchmarkName,0.35
421320,PLUS 우주항공,descriptions,0.35
421320,PLUS 우주항공,strategyFacts,0.35
421320,PLUS 우주항공,distribution,0.35
421320,PLUS 우주항공,sectorCountryWeights,0.35
421320,PLUS 우주항공,feesAndAssets,0.35
422420,RISE 2차전지액티브,issuer,0.45
422420,RISE 2차전지액티브,benchmarkName,0.45
422420,RISE 2차전지액티브,descriptions,0.45
422420,RISE 2차전지액티브,distribution,0.45
422420,RISE 2차전지액티브,sectorCountryWeights,0.45
422420,RISE 2차전지액티브,feesAndAssets,0.45
427120,RISE AI플랫폼,issuer,0.35
427120,RISE AI플랫폼,benchmarkName,0.35
427120,RISE AI플랫폼,descriptions,0.35
427120,RISE AI플랫폼,strategyFacts,0.35
427120,RISE AI플랫폼,distribution,0.35
427120,RISE AI플랫폼,sectorCountryWeights,0.35
427120,RISE AI플랫폼,feesAndAssets,0.35
429740,PLUS K리츠,issuer,0.35
429740,PLUS K리츠,benchmarkName,0.35
429740,PLUS K리츠,descriptions,0.35
429740,PLUS K리츠,strategyFacts,0.35
429740,PLUS K리츠,distribution,0.35
429740,PLUS K리츠,sectorCountryWeights,0.35
429740,PLUS K리츠,feesAndAssets,0.35
433250,UNICORN R&D 액티브,issuer,0.45
433250,UNICORN R&D 액티브,benchmarkName,0.45
433250,UNICORN R&D 액티브,descriptions,0.45
433250,UNICORN R&D 액티브,distribution,0.45
433250,UNICORN R&D 액티브,sectorCountryWeights,0.45
433250,UNICORN R&D 액티브,feesAndAssets,0.45
433500,ACE 원자력TOP10,issuer,0.35
433500,ACE 원자력TOP10,benchmarkName,0.35
433500,ACE 원자력TOP10,descriptions,0.35
433500,ACE 원자력TOP10,strategyFacts,0.35
433500,ACE 원자력TOP10,distribution,0.35
433500,ACE 원자력TOP10,sectorCountryWeights,0.35
433500,ACE 원자력TOP10,feesAndAssets,0.35
434730,HANARO 원자력iSelect,issuer,0.35
434730,HANARO 원자력iSelect,benchmarkName,0.35
434730,HANARO 원자력iSelect,descriptions,0.35
434730,HANARO 원자력iSelect,strategyFacts,0.35
434730,HANARO 원자력iSelect,distribution,0.35
434730,HANARO 원자력iSelect,sectorCountryWeights,0.35
434730,HANARO 원자력iSelect,feesAndAssets,0.35
434960,DAISHIN343 K200,issuer,0.35
434960,DAISHIN343 K200,benchmarkName,0.35
434960,DAISHIN343 K200,descriptions,0.35
434960,DAISHIN343 K200,strategyFacts,0.35
434960,DAISHIN343 K200,distribution,0.35
434960,DAISHIN343 K200,sectorCountryWeights,0.35
434960,DAISHIN343 K200,feesAndAssets,0.35
438740,MIDAS 중소형액티브,issuer,0.45
438740,MIDAS 중소형액티브,benchmarkName,0.45
438740,MIDAS 중소형액티브,descriptions,0.45
438740,MIDAS 중소형액티브,distribution,0.45
438740,MIDAS 중소형액티브,sectorCountryWeights,0.45
438740,MIDAS 중소형액티브,feesAndAssets,0.45
438900,HANARO Fn K-푸드,issuer,0.35
438900,HANARO Fn K-푸드,benchmarkName,0.35
438900,HANARO Fn K-푸드,descriptions,0.35
438900,HANARO Fn K-푸드,strategyFacts,0.35
438900,HANARO Fn K-푸드,distribution,0.35
438900,HANARO Fn K-푸드,sectorCountryWeights,0.35
438900,HANARO Fn K-푸드,feesAndAssets,0.35
441540,HANARO Fn조선해운,issuer,0.35
441540,HANARO Fn조선해운,benchmarkName,0.35
441540,HANARO Fn조선해운,descriptions,0.35
441540,HANARO Fn조선해운,strategyFacts,0.35
441540,HANARO Fn조선해운,distribution,0.35
441540,HANARO Fn조선해운,sectorCountryWeights,0.35
441540,HANARO Fn조선해운,feesAndAssets,0.35
441640,KODEX 미국배당커버드콜액티브,descriptions,0.55
441640,KODEX 미국배당커버드콜액티브,holdings,0.55
441640,KODEX 미국배당커버드콜액티브,sectorCountryWeights,0.55
441800,TIME Korea플러스배당액티브,issuer,0.45
441800,TIME Korea플러스배당액티브,benchmarkName,0.45
441800,TIME Korea플러스배당액티브,descriptions,0.45
441800,TIME Korea플러스배당액티브,distribution,0.45
441800,TIME Korea플러스배당액티브,sectorCountryWeights,0.45
441800,TIME Korea플러스배당액티브,feesAndAssets,0.45
442090,에셋플러스 코리아대장장이액티브,issuer,0.45
442090,에셋플러스 코리아대장장이액티브,benchmarkName,0.45
442090,에셋플러스 코리아대장장이액티브,descriptions,0.45
442090,에셋플러스 코리아대장장이액티브,distribution,0.45
442090,에셋플러스 코리아대장장이액티브,sectorCountryWeights,0.45
442090,에셋플러스 코리아대장장이액티브,feesAndAssets,0.45
442260,마이티 다이나믹퀀트액티브,issuer,0.45
442260,마이티 다이나믹퀀트액티브,benchmarkName,0.45
442260,마이티 다이나믹퀀트액티브,descriptions,0.45
442260,마이티 다이나믹퀀트액티브,distribution,0.45
442260,마이티 다이나믹퀀트액티브,sectorCountryWeights,0.45
442260,마이티 다이나믹퀀트액티브,feesAndAssets,0.45
444200,SOL 코리아메가테크액티브,issuer,0.45
444200,SOL 코리아메가테크액티브,benchmarkName,0.45
444200,SOL 코리아메가테크액티브,descriptions,0.45
444200,SOL 코리아메가테크액티브,distribution,0.45
444200,SOL 코리아메가테크액티브,sectorCountryWeights,0.45
444200,SOL 코리아메가테크액티브,feesAndAssets,0.45
445150,KODEX 친환경조선해운액티브,issuer,0.45
445150,KODEX 친환경조선해운액티브,benchmarkName,0.45
445150,KODEX 친환경조선해운액티브,descriptions,0.45
445150,KODEX 친환경조선해운액티브,distribution,0.45
445150,KODEX 친환경조선해운액티브,sectorCountryWeights,0.45
445150,KODEX 친환경조선해운액티브,feesAndAssets,0.45
445290,KODEX 로봇액티브,issuer,0.45
445290,KODEX 로봇액티브,benchmarkName,0.45
445290,KODEX 로봇액티브,descriptions,0.45
445290,KODEX 로봇액티브,distribution,0.45
445290,KODEX 로봇액티브,sectorCountryWeights,0.45
445290,KODEX 로봇액티브,feesAndAssets,0.45
445690,BNK 주주가치액티브,issuer,0.45
445690,BNK 주주가치액티브,benchmarkName,0.45
445690,BNK 주주가치액티브,descriptions,0.45
445690,BNK 주주가치액티브,distribution,0.45
445690,BNK 주주가치액티브,sectorCountryWeights,0.45
445690,BNK 주주가치액티브,feesAndAssets,0.45
445910,TIGER MKF배당귀족,issuer,0.35
445910,TIGER MKF배당귀족,benchmarkName,0.35
445910,TIGER MKF배당귀족,descriptions,0.35
445910,TIGER MKF배당귀족,strategyFacts,0.35
445910,TIGER MKF배당귀족,distribution,0.35
445910,TIGER MKF배당귀족,sectorCountryWeights,0.35
445910,TIGER MKF배당귀족,feesAndAssets,0.35
446700,RISE 배터리 리사이클링,issuer,0.35
446700,RISE 배터리 리사이클링,benchmarkName,0.35
446700,RISE 배터리 리사이클링,descriptions,0.35
446700,RISE 배터리 리사이클링,strategyFacts,0.35
446700,RISE 배터리 리사이클링,distribution,0.35
446700,RISE 배터리 리사이클링,sectorCountryWeights,0.35
446700,RISE 배터리 리사이클링,feesAndAssets,0.35
447430,ACE 주주환원가치주액티브,issuer,0.45
447430,ACE 주주환원가치주액티브,benchmarkName,0.45
447430,ACE 주주환원가치주액티브,descriptions,0.45
447430,ACE 주주환원가치주액티브,distribution,0.45
447430,ACE 주주환원가치주액티브,sectorCountryWeights,0.45
447430,ACE 주주환원가치주액티브,feesAndAssets,0.45
448100,WON 200,issuer,0.35
448100,WON 200,benchmarkName,0.35
448100,WON 200,descriptions,0.35
448100,WON 200,strategyFacts,0.35
448100,WON 200,distribution,0.35
448100,WON 200,sectorCountryWeights,0.35
448100,WON 200,feesAndAssets,0.35
448570,FOCUS AI코리아액티브,issuer,0.45
448570,FOCUS AI코리아액티브,benchmarkName,0.45
448570,FOCUS AI코리아액티브,descriptions,0.45
448570,FOCUS AI코리아액티브,distribution,0.45
448570,FOCUS AI코리아액티브,sectorCountryWeights,0.45
448570,FOCUS AI코리아액티브,feesAndAssets,0.45
449450,PLUS K방산,descriptions,0.75
449450,PLUS K방산,sectorCountryWeights,0.75
450910,SOL 코스닥150,issuer,0.35
450910,SOL 코스닥150,benchmarkName,0.35
450910,SOL 코스닥150,descriptions,0.35
450910,SOL 코스닥150,strategyFacts,0.35
450910,SOL 코스닥150,distribution,0.35
450910,SOL 코스닥150,sectorCountryWeights,0.35
450910,SOL 코스닥150,feesAndAssets,0.35
451060,1Q 200액티브,issuer,0.45
451060,1Q 200액티브,benchmarkName,0.45
451060,1Q 200액티브,descriptions,0.45
451060,1Q 200액티브,distribution,0.45
451060,1Q 200액티브,sectorCountryWeights,0.45
451060,1Q 200액티브,feesAndAssets,0.45
454320,HANARO CAPEX설비투자iSelect,issuer,0.35
454320,HANARO CAPEX설비투자iSelect,benchmarkName,0.35
454320,HANARO CAPEX설비투자iSelect,descriptions,0.35
454320,HANARO CAPEX설비투자iSelect,strategyFacts,0.35
454320,HANARO CAPEX설비투자iSelect,distribution,0.35
454320,HANARO CAPEX설비투자iSelect,sectorCountryWeights,0.35
454320,HANARO CAPEX설비투자iSelect,feesAndAssets,0.35
455850,SOL AI반도체소부장,issuer,0.35
455850,SOL AI반도체소부장,benchmarkName,0.35
455850,SOL AI반도체소부장,descriptions,0.35
455850,SOL AI반도체소부장,strategyFacts,0.35
455850,SOL AI반도체소부장,distribution,0.35
455850,SOL AI반도체소부장,sectorCountryWeights,0.35
455850,SOL AI반도체소부장,feesAndAssets,0.35
455860,SOL 2차전지소부장Fn,issuer,0.35
455860,SOL 2차전지소부장Fn,benchmarkName,0.35
455860,SOL 2차전지소부장Fn,descriptions,0.35
455860,SOL 2차전지소부장Fn,strategyFacts,0.35
455860,SOL 2차전지소부장Fn,distribution,0.35
455860,SOL 2차전지소부장Fn,sectorCountryWeights,0.35
455860,SOL 2차전지소부장Fn,feesAndAssets,0.35
457930,BNK 미래전략기술액티브,issuer,0.45
457930,BNK 미래전략기술액티브,benchmarkName,0.45
457930,BNK 미래전략기술액티브,descriptions,0.45
457930,BNK 미래전략기술액티브,distribution,0.45
457930,BNK 미래전략기술액티브,sectorCountryWeights,0.45
457930,BNK 미래전략기술액티브,feesAndAssets,0.45
457990,PLUS 태양광&ESS,issuer,0.35
457990,PLUS 태양광&ESS,benchmarkName,0.35
457990,PLUS 태양광&ESS,descriptions,0.35
457990,PLUS 태양광&ESS,strategyFacts,0.35
457990,PLUS 태양광&ESS,distribution,0.35
457990,PLUS 태양광&ESS,sectorCountryWeights,0.35
457990,PLUS 태양광&ESS,feesAndAssets,0.35
461450,KODEX 코스닥글로벌,issuer,0.35
461450,KODEX 코스닥글로벌,benchmarkName,0.35
461450,KODEX 코스닥글로벌,descriptions,0.35
461450,KODEX 코스닥글로벌,strategyFacts,0.35
461450,KODEX 코스닥글로벌,distribution,0.35
461450,KODEX 코스닥글로벌,sectorCountryWeights,0.35
461450,KODEX 코스닥글로벌,feesAndAssets,0.35
461490,RISE 글로벌자산배분액티브,issuer,0.45
461490,RISE 글로벌자산배분액티브,benchmarkName,0.45
461490,RISE 글로벌자산배분액티브,descriptions,0.45
461490,RISE 글로벌자산배분액티브,distribution,0.45
461490,RISE 글로벌자산배분액티브,sectorCountryWeights,0.45
461490,RISE 글로벌자산배분액티브,feesAndAssets,0.45
461580,TIGER 코스닥글로벌,issuer,0.35
461580,TIGER 코스닥글로벌,benchmarkName,0.35
461580,TIGER 코스닥글로벌,descriptions,0.35
461580,TIGER 코스닥글로벌,strategyFacts,0.35
461580,TIGER 코스닥글로벌,distribution,0.35
461580,TIGER 코스닥글로벌,sectorCountryWeights,0.35
461580,TIGER 코스닥글로벌,feesAndAssets,0.35
461950,KODEX 2차전지핵심소재10,issuer,0.35
461950,KODEX 2차전지핵심소재10,benchmarkName,0.35
461950,KODEX 2차전지핵심소재10,descriptions,0.35
461950,KODEX 2차전지핵심소재10,strategyFacts,0.35
461950,KODEX 2차전지핵심소재10,distribution,0.35
461950,KODEX 2차전지핵심소재10,sectorCountryWeights,0.35
461950,KODEX 2차전지핵심소재10,feesAndAssets,0.35
462010,TIGER 2차전지소재Fn,issuer,0.35
462010,TIGER 2차전지소재Fn,benchmarkName,0.35
462010,TIGER 2차전지소재Fn,descriptions,0.35
462010,TIGER 2차전지소재Fn,strategyFacts,0.35
462010,TIGER 2차전지소재Fn,distribution,0.35
462010,TIGER 2차전지소재Fn,sectorCountryWeights,0.35
462010,TIGER 2차전지소재Fn,feesAndAssets,0.35
462330,KODEX 2차전지산업레버리지,issuer,0.45
462330,KODEX 2차전지산업레버리지,benchmarkName,0.45
462330,KODEX 2차전지산업레버리지,descriptions,0.45
462330,KODEX 2차전지산업레버리지,distribution,0.45
462330,KODEX 2차전지산업레버리지,sectorCountryWeights,0.45
462330,KODEX 2차전지산업레버리지,feesAndAssets,0.45
462900,KoAct 바이오헬스케어액티브,issuer,0.45
462900,KoAct 바이오헬스케어액티브,benchmarkName,0.45
462900,KoAct 바이오헬스케어액티브,descriptions,0.45
462900,KoAct 바이오헬스케어액티브,distribution,0.45
462900,KoAct 바이오헬스케어액티브,sectorCountryWeights,0.45
462900,KoAct 바이오헬스케어액티브,feesAndAssets,0.45
463050,TIME K바이오액티브,issuer,0.45
463050,TIME K바이오액티브,benchmarkName,0.45
463050,TIME K바이오액티브,descriptions,0.45
463050,TIME K바이오액티브,distribution,0.45
463050,TIME K바이오액티브,sectorCountryWeights,0.45
463050,TIME K바이오액티브,feesAndAssets,0.45
463250,TIGER K방산&우주,issuer,0.35
463250,TIGER K방산&우주,benchmarkName,0.35
463250,TIGER K방산&우주,descriptions,0.35
463250,TIGER K방산&우주,strategyFacts,0.35
463250,TIGER K방산&우주,distribution,0.35
463250,TIGER K방산&우주,sectorCountryWeights,0.35
463250,TIGER K방산&우주,feesAndAssets,0.35
464600,SOL 자동차소부장Fn,issuer,0.35
464600,SOL 자동차소부장Fn,benchmarkName,0.35
464600,SOL 자동차소부장Fn,descriptions,0.35
464600,SOL 자동차소부장Fn,strategyFacts,0.35
464600,SOL 자동차소부장Fn,distribution,0.35
464600,SOL 자동차소부장Fn,sectorCountryWeights,0.35
464600,SOL 자동차소부장Fn,feesAndAssets,0.35
464610,SOL 의료기기소부장Fn,issuer,0.35
464610,SOL 의료기기소부장Fn,benchmarkName,0.35
464610,SOL 의료기기소부장Fn,descriptions,0.35
464610,SOL 의료기기소부장Fn,strategyFacts,0.35
464610,SOL 의료기기소부장Fn,distribution,0.35
464610,SOL 의료기기소부장Fn,sectorCountryWeights,0.35
464610,SOL 의료기기소부장Fn,feesAndAssets,0.35
465330,RISE 2차전지TOP10,issuer,0.35
465330,RISE 2차전지TOP10,benchmarkName,0.35
465330,RISE 2차전지TOP10,descriptions,0.35
465330,RISE 2차전지TOP10,strategyFacts,0.35
465330,RISE 2차전지TOP10,distribution,0.35
465330,RISE 2차전지TOP10,sectorCountryWeights,0.35
465330,RISE 2차전지TOP10,feesAndAssets,0.35
466810,BNK 2차전지양극재,issuer,0.35
466810,BNK 2차전지양극재,benchmarkName,0.35
466810,BNK 2차전지양극재,descriptions,0.35
466810,BNK 2차전지양극재,strategyFacts,0.35
466810,BNK 2차전지양극재,distribution,0.35
466810,BNK 2차전지양극재,sectorCountryWeights,0.35
466810,BNK 2차전지양극재,feesAndAssets,0.35
466920,SOL 조선TOP3플러스,issuer,0.35
466920,SOL 조선TOP3플러스,benchmarkName,0.35
466920,SOL 조선TOP3플러스,descriptions,0.35
466920,SOL 조선TOP3플러스,strategyFacts,0.35
466920,SOL 조선TOP3플러스,distribution,0.35
466920,SOL 조선TOP3플러스,sectorCountryWeights,0.35
466920,SOL 조선TOP3플러스,feesAndAssets,0.35
466930,SOL 자동차TOP3플러스,issuer,0.35
466930,SOL 자동차TOP3플러스,benchmarkName,0.35
466930,SOL 자동차TOP3플러스,descriptions,0.35
466930,SOL 자동차TOP3플러스,strategyFacts,0.35
466930,SOL 자동차TOP3플러스,distribution,0.35
466930,SOL 자동차TOP3플러스,sectorCountryWeights,0.35
466930,SOL 자동차TOP3플러스,feesAndAssets,0.35
466940,TIGER 은행고배당플러스TOP10,issuer,0.35
466940,TIGER 은행고배당플러스TOP10,benchmarkName,0.35
466940,TIGER 은행고배당플러스TOP10,descriptions,0.35
466940,TIGER 은행고배당플러스TOP10,strategyFacts,0.35
466940,TIGER 은행고배당플러스TOP10,distribution,0.35
466940,TIGER 은행고배당플러스TOP10,sectorCountryWeights,0.35
466940,TIGER 은행고배당플러스TOP10,feesAndAssets,0.35
469070,RISE AI&로봇,issuer,0.35
469070,RISE AI&로봇,benchmarkName,0.35
469070,RISE AI&로봇,descriptions,0.35
469070,RISE AI&로봇,strategyFacts,0.35
469070,RISE AI&로봇,distribution,0.35
469070,RISE AI&로봇,sectorCountryWeights,0.35
469070,RISE AI&로봇,feesAndAssets,0.35
469150,ACE AI반도체TOP3+,issuer,0.35
469150,ACE AI반도체TOP3+,benchmarkName,0.35
469150,ACE AI반도체TOP3+,descriptions,0.35
469150,ACE AI반도체TOP3+,strategyFacts,0.35
469150,ACE AI반도체TOP3+,distribution,0.35
469150,ACE AI반도체TOP3+,sectorCountryWeights,0.35
469150,ACE AI반도체TOP3+,feesAndAssets,0.35
469170,ACE 포스코그룹포커스,issuer,0.35
469170,ACE 포스코그룹포커스,benchmarkName,0.35
469170,ACE 포스코그룹포커스,descriptions,0.35
469170,ACE 포스코그룹포커스,strategyFacts,0.35
469170,ACE 포스코그룹포커스,distribution,0.35
469170,ACE 포스코그룹포커스,sectorCountryWeights,0.35
469170,ACE 포스코그룹포커스,feesAndAssets,0.35
469790,KIWOOM 코리아테크TOP10,issuer,0.35
469790,KIWOOM 코리아테크TOP10,benchmarkName,0.35
469790,KIWOOM 코리아테크TOP10,descriptions,0.35
469790,KIWOOM 코리아테크TOP10,strategyFacts,0.35
469790,KIWOOM 코리아테크TOP10,distribution,0.35
469790,KIWOOM 코리아테크TOP10,sectorCountryWeights,0.35
469790,KIWOOM 코리아테크TOP10,feesAndAssets,0.35
470310,UNICORN 생성형AI강소기업액티브,issuer,0.45
470310,UNICORN 생성형AI강소기업액티브,benchmarkName,0.45
470310,UNICORN 생성형AI강소기업액티브,descriptions,0.45
470310,UNICORN 생성형AI강소기업액티브,distribution,0.45
470310,UNICORN 생성형AI강소기업액티브,sectorCountryWeights,0.45
470310,UNICORN 생성형AI강소기업액티브,feesAndAssets,0.45
471760,TIGER AI반도체핵심공정,issuer,0.35
471760,TIGER AI반도체핵심공정,benchmarkName,0.35
471760,TIGER AI반도체핵심공정,descriptions,0.35
471760,TIGER AI반도체핵심공정,strategyFacts,0.35
471760,TIGER AI반도체핵심공정,distribution,0.35
471760,TIGER AI반도체핵심공정,sectorCountryWeights,0.35
471760,TIGER AI반도체핵심공정,feesAndAssets,0.35
471780,TIGER 코리아테크액티브,issuer,0.45
471780,TIGER 코리아테크액티브,benchmarkName,0.45
471780,TIGER 코리아테크액티브,descriptions,0.45
471780,TIGER 코리아테크액티브,distribution,0.45
471780,TIGER 코리아테크액티브,sectorCountryWeights,0.45
471780,TIGER 코리아테크액티브,feesAndAssets,0.45
471990,KODEX AI반도체핵심장비,issuer,0.35
471990,KODEX AI반도체핵심장비,benchmarkName,0.35
471990,KODEX AI반도체핵심장비,descriptions,0.35
471990,KODEX AI반도체핵심장비,strategyFacts,0.35
471990,KODEX AI반도체핵심장비,distribution,0.35
471990,KODEX AI반도체핵심장비,sectorCountryWeights,0.35
471990,KODEX AI반도체핵심장비,feesAndAssets,0.35
472150,TIGER 배당커버드콜액티브,issuer,0.45
472150,TIGER 배당커버드콜액티브,benchmarkName,0.45
472150,TIGER 배당커버드콜액티브,descriptions,0.45
472150,TIGER 배당커버드콜액티브,distribution,0.45
472150,TIGER 배당커버드콜액티브,sectorCountryWeights,0.45
472150,TIGER 배당커버드콜액티브,feesAndAssets,0.45
472720,TRUSTON 주주가치액티브,issuer,0.45
472720,TRUSTON 주주가치액티브,benchmarkName,0.45
472720,TRUSTON 주주가치액티브,descriptions,0.45
472720,TRUSTON 주주가치액티브,distribution,0.45
472720,TRUSTON 주주가치액티브,sectorCountryWeights,0.45
472720,TRUSTON 주주가치액티브,feesAndAssets,0.45
472840,IBK 200,issuer,0.35
472840,IBK 200,benchmarkName,0.35
472840,IBK 200,descriptions,0.35
472840,IBK 200,strategyFacts,0.35
472840,IBK 200,distribution,0.35
472840,IBK 200,sectorCountryWeights,0.35
472840,IBK 200,feesAndAssets,0.35
474590,WON 반도체밸류체인액티브,issuer,0.45
474590,WON 반도체밸류체인액티브,benchmarkName,0.45
474590,WON 반도체밸류체인액티브,descriptions,0.45
474590,WON 반도체밸류체인액티브,distribution,0.45
474590,WON 반도체밸류체인액티브,sectorCountryWeights,0.45
474590,WON 반도체밸류체인액티브,feesAndAssets,0.45
475050,ACE KPOP포커스,issuer,0.35
475050,ACE KPOP포커스,benchmarkName,0.35
475050,ACE KPOP포커스,descriptions,0.35
475050,ACE KPOP포커스,strategyFacts,0.35
475050,ACE KPOP포커스,distribution,0.35
475050,ACE KPOP포커스,sectorCountryWeights,0.35
475050,ACE KPOP포커스,feesAndAssets,0.35
475300,SOL 반도체전공정,issuer,0.35
475300,SOL 반도체전공정,benchmarkName,0.35
475300,SOL 반도체전공정,descriptions,0.35
475300,SOL 반도체전공정,strategyFacts,0.35
475300,SOL 반도체전공정,distribution,0.35
475300,SOL 반도체전공정,sectorCountryWeights,0.35
475300,SOL 반도체전공정,feesAndAssets,0.35
475310,SOL 반도체후공정,issuer,0.35
475310,SOL 반도체후공정,benchmarkName,0.35
475310,SOL 반도체후공정,descriptions,0.35
475310,SOL 반도체후공정,strategyFacts,0.35
475310,SOL 반도체후공정,distribution,0.35
475310,SOL 반도체후공정,sectorCountryWeights,0.35
475310,SOL 반도체후공정,feesAndAssets,0.35
475720,RISE 200위클리커버드콜,issuer,0.45
475720,RISE 200위클리커버드콜,benchmarkName,0.45
475720,RISE 200위클리커버드콜,descriptions,0.45
475720,RISE 200위클리커버드콜,distribution,0.45
475720,RISE 200위클리커버드콜,sectorCountryWeights,0.45
475720,RISE 200위클리커버드콜,feesAndAssets,0.45
476000,UNICORN 포스트IPO액티브,issuer,0.45
476000,UNICORN 포스트IPO액티브,benchmarkName,0.45
476000,UNICORN 포스트IPO액티브,descriptions,0.45
476000,UNICORN 포스트IPO액티브,distribution,0.45
476000,UNICORN 포스트IPO액티브,sectorCountryWeights,0.45
476000,UNICORN 포스트IPO액티브,feesAndAssets,0.45
476260,HANARO 반도체핵심공정주도주,issuer,0.35
476260,HANARO 반도체핵심공정주도주,benchmarkName,0.35
476260,HANARO 반도체핵심공정주도주,descriptions,0.35
476260,HANARO 반도체핵심공정주도주,strategyFacts,0.35
476260,HANARO 반도체핵심공정주도주,distribution,0.35
476260,HANARO 반도체핵심공정주도주,sectorCountryWeights,0.35
476260,HANARO 반도체핵심공정주도주,feesAndAssets,0.35
476800,KODEX 한국부동산리츠인프라,issuer,0.35
476800,KODEX 한국부동산리츠인프라,benchmarkName,0.35
476800,KODEX 한국부동산리츠인프라,descriptions,0.35
476800,KODEX 한국부동산리츠인프라,strategyFacts,0.35
476800,KODEX 한국부동산리츠인프라,distribution,0.35
476800,KODEX 한국부동산리츠인프라,sectorCountryWeights,0.35
476800,KODEX 한국부동산리츠인프라,feesAndAssets,0.35
476850,KoAct 배당성장액티브,issuer,0.45
476850,KoAct 배당성장액티브,benchmarkName,0.45
476850,KoAct 배당성장액티브,descriptions,0.45
476850,KoAct 배당성장액티브,distribution,0.45
476850,KoAct 배당성장액티브,sectorCountryWeights,0.45
476850,KoAct 배당성장액티브,feesAndAssets,0.45
479850,HANARO K-뷰티,issuer,0.35
479850,HANARO K-뷰티,benchmarkName,0.35
479850,HANARO K-뷰티,descriptions,0.35
479850,HANARO K-뷰티,strategyFacts,0.35
479850,HANARO K-뷰티,distribution,0.35
479850,HANARO K-뷰티,sectorCountryWeights,0.35
479850,HANARO K-뷰티,feesAndAssets,0.35
480460,WON 한국부동산TOP3플러스,issuer,0.35
480460,WON 한국부동산TOP3플러스,benchmarkName,0.35
480460,WON 한국부동산TOP3플러스,descriptions,0.35
480460,WON 한국부동산TOP3플러스,strategyFacts,0.35
480460,WON 한국부동산TOP3플러스,distribution,0.35
480460,WON 한국부동산TOP3플러스,sectorCountryWeights,0.35
480460,WON 한국부동산TOP3플러스,feesAndAssets,0.35
482030,KoAct 반도체&2차전지핵심소재액티브,issuer,0.45
482030,KoAct 반도체&2차전지핵심소재액티브,benchmarkName,0.45
482030,KoAct 반도체&2차전지핵심소재액티브,descriptions,0.45
482030,KoAct 반도체&2차전지핵심소재액티브,distribution,0.45
482030,KoAct 반도체&2차전지핵심소재액티브,sectorCountryWeights,0.45
482030,KoAct 반도체&2차전지핵심소재액티브,feesAndAssets,0.45
483020,KIWOOM 의료AI,issuer,0.35
483020,KIWOOM 의료AI,benchmarkName,0.35
483020,KIWOOM 의료AI,descriptions,0.35
483020,KIWOOM 의료AI,strategyFacts,0.35
483020,KIWOOM 의료AI,distribution,0.35
483020,KIWOOM 의료AI,sectorCountryWeights,0.35
483020,KIWOOM 의료AI,feesAndAssets,0.35
484880,SOL 금융지주플러스고배당,issuer,0.35
484880,SOL 금융지주플러스고배당,benchmarkName,0.35
484880,SOL 금융지주플러스고배당,descriptions,0.35
484880,SOL 금융지주플러스고배당,strategyFacts,0.35
484880,SOL 금융지주플러스고배당,distribution,0.35
484880,SOL 금융지주플러스고배당,sectorCountryWeights,0.35
484880,SOL 금융지주플러스고배당,feesAndAssets,0.35
486240,DAISHIN343 AI반도체&인프라액티브,issuer,0.45
486240,DAISHIN343 AI반도체&인프라액티브,benchmarkName,0.45
486240,DAISHIN343 AI반도체&인프라액티브,descriptions,0.45
486240,DAISHIN343 AI반도체&인프라액티브,distribution,0.45
486240,DAISHIN343 AI반도체&인프라액티브,sectorCountryWeights,0.45
486240,DAISHIN343 AI반도체&인프라액티브,feesAndAssets,0.45
487130,KoAct AI인프라액티브,issuer,0.45
487130,KoAct AI인프라액티브,benchmarkName,0.45
487130,KoAct AI인프라액티브,descriptions,0.45
487130,KoAct AI인프라액티브,distribution,0.45
487130,KoAct AI인프라액티브,sectorCountryWeights,0.45
487130,KoAct AI인프라액티브,feesAndAssets,0.45
487240,KODEX AI전력핵심설비,issuer,0.35
487240,KODEX AI전력핵심설비,benchmarkName,0.35
487240,KODEX AI전력핵심설비,descriptions,0.35
487240,KODEX AI전력핵심설비,strategyFacts,0.35
487240,KODEX AI전력핵심설비,distribution,0.35
487240,KODEX AI전력핵심설비,sectorCountryWeights,0.35
487240,KODEX AI전력핵심설비,feesAndAssets,0.35
487750,BNK 온디바이스AI,issuer,0.35
487750,BNK 온디바이스AI,benchmarkName,0.35
487750,BNK 온디바이스AI,descriptions,0.35
487750,BNK 온디바이스AI,strategyFacts,0.35
487750,BNK 온디바이스AI,distribution,0.35
487750,BNK 온디바이스AI,sectorCountryWeights,0.35
487750,BNK 온디바이스AI,feesAndAssets,0.35
488080,TIGER 반도체TOP10레버리지,issuer,0.45
488080,TIGER 반도체TOP10레버리지,benchmarkName,0.45
488080,TIGER 반도체TOP10레버리지,descriptions,0.45
488080,TIGER 반도체TOP10레버리지,distribution,0.45
488080,TIGER 반도체TOP10레버리지,sectorCountryWeights,0.45
488080,TIGER 반도체TOP10레버리지,feesAndAssets,0.45
488200,KIWOOM K-2차전지북미공급망,issuer,0.35
488200,KIWOOM K-2차전지북미공급망,benchmarkName,0.35
488200,KIWOOM K-2차전지북미공급망,descriptions,0.35
488200,KIWOOM K-2차전지북미공급망,strategyFacts,0.35
488200,KIWOOM K-2차전지북미공급망,distribution,0.35
488200,KIWOOM K-2차전지북미공급망,sectorCountryWeights,0.35
488200,KIWOOM K-2차전지북미공급망,feesAndAssets,0.35
488210,KIWOOM K-반도체북미공급망,issuer,0.35
488210,KIWOOM K-반도체북미공급망,benchmarkName,0.35
488210,KIWOOM K-반도체북미공급망,descriptions,0.35
488210,KIWOOM K-반도체북미공급망,strategyFacts,0.35
488210,KIWOOM K-반도체북미공급망,distribution,0.35
488210,KIWOOM K-반도체북미공급망,sectorCountryWeights,0.35
488210,KIWOOM K-반도체북미공급망,feesAndAssets,0.35
489030,PLUS 고배당주위클리커버드콜,issuer,0.45
489030,PLUS 고배당주위클리커버드콜,benchmarkName,0.45
489030,PLUS 고배당주위클리커버드콜,descriptions,0.45
489030,PLUS 고배당주위클리커버드콜,distribution,0.45
489030,PLUS 고배당주위클리커버드콜,sectorCountryWeights,0.45
489030,PLUS 고배당주위클리커버드콜,feesAndAssets,0.45
490480,SOL K방산,issuer,0.35
490480,SOL K방산,benchmarkName,0.35
490480,SOL K방산,descriptions,0.35
490480,SOL K방산,strategyFacts,0.35
490480,SOL K방산,distribution,0.35
490480,SOL K방산,sectorCountryWeights,0.35
490480,SOL K방산,feesAndAssets,0.35
491220,PLUS 200TR,issuer,0.35
491220,PLUS 200TR,benchmarkName,0.35
491220,PLUS 200TR,descriptions,0.35
491220,PLUS 200TR,strategyFacts,0.35
491220,PLUS 200TR,distribution,0.35
491220,PLUS 200TR,sectorCountryWeights,0.35
491220,PLUS 200TR,feesAndAssets,0.35
491510,파워 K-주주가치액티브,issuer,0.45
491510,파워 K-주주가치액티브,benchmarkName,0.45
491510,파워 K-주주가치액티브,descriptions,0.45
491510,파워 K-주주가치액티브,distribution,0.45
491510,파워 K-주주가치액티브,sectorCountryWeights,0.45
491510,파워 K-주주가치액티브,feesAndAssets,0.45
491700,HK 200,issuer,0.35
491700,HK 200,benchmarkName,0.35
491700,HK 200,descriptions,0.35
491700,HK 200,strategyFacts,0.35
491700,HK 200,distribution,0.35
491700,HK 200,sectorCountryWeights,0.35
491700,HK 200,feesAndAssets,0.35
491820,HANARO 전력설비투자,issuer,0.35
491820,HANARO 전력설비투자,benchmarkName,0.35
491820,HANARO 전력설비투자,descriptions,0.35
491820,HANARO 전력설비투자,strategyFacts,0.35
491820,HANARO 전력설비투자,distribution,0.35
491820,HANARO 전력설비투자,sectorCountryWeights,0.35
491820,HANARO 전력설비투자,feesAndAssets,0.35
494220,UNICORN SK하이닉스밸류체인액티브,issuer,0.45
494220,UNICORN SK하이닉스밸류체인액티브,benchmarkName,0.45
494220,UNICORN SK하이닉스밸류체인액티브,descriptions,0.45
494220,UNICORN SK하이닉스밸류체인액티브,distribution,0.45
494220,UNICORN SK하이닉스밸류체인액티브,sectorCountryWeights,0.45
494220,UNICORN SK하이닉스밸류체인액티브,feesAndAssets,0.45
494310,KODEX 반도체레버리지,issuer,0.45
494310,KODEX 반도체레버리지,benchmarkName,0.45
494310,KODEX 반도체레버리지,descriptions,0.45
494310,KODEX 반도체레버리지,distribution,0.45
494310,KODEX 반도체레버리지,sectorCountryWeights,0.45
494310,KODEX 반도체레버리지,feesAndAssets,0.45
494330,ACE 라이프자산주주가치액티브,issuer,0.45
494330,ACE 라이프자산주주가치액티브,benchmarkName,0.45
494330,ACE 라이프자산주주가치액티브,descriptions,0.45
494330,ACE 라이프자산주주가치액티브,distribution,0.45
494330,ACE 라이프자산주주가치액티브,sectorCountryWeights,0.45
494330,ACE 라이프자산주주가치액티브,feesAndAssets,0.45
494670,TIGER 조선TOP10,issuer,0.35
494670,TIGER 조선TOP10,benchmarkName,0.35
494670,TIGER 조선TOP10,descriptions,0.35
494670,TIGER 조선TOP10,strategyFacts,0.35
494670,TIGER 조선TOP10,distribution,0.35
494670,TIGER 조선TOP10,sectorCountryWeights,0.35
494670,TIGER 조선TOP10,feesAndAssets,0.35
494890,KODEX 200액티브,issuer,0.45
494890,KODEX 200액티브,benchmarkName,0.45
494890,KODEX 200액티브,descriptions,0.45
494890,KODEX 200액티브,distribution,0.45
494890,KODEX 200액티브,sectorCountryWeights,0.45
494890,KODEX 200액티브,feesAndAssets,0.45
495040,PLUS 코리아밸류업,issuer,0.35
495040,PLUS 코리아밸류업,benchmarkName,0.35
495040,PLUS 코리아밸류업,descriptions,0.35
495040,PLUS 코리아밸류업,strategyFacts,0.35
495040,PLUS 코리아밸류업,distribution,0.35
495040,PLUS 코리아밸류업,sectorCountryWeights,0.35
495040,PLUS 코리아밸류업,feesAndAssets,0.35
495050,RISE 코리아밸류업,issuer,0.35
495050,RISE 코리아밸류업,benchmarkName,0.35
495050,RISE 코리아밸류업,descriptions,0.35
495050,RISE 코리아밸류업,strategyFacts,0.35
495050,RISE 코리아밸류업,distribution,0.35
495050,RISE 코리아밸류업,sectorCountryWeights,0.35
495050,RISE 코리아밸류업,feesAndAssets,0.35
495060,TIME 코리아밸류업액티브,issuer,0.45
495060,TIME 코리아밸류업액티브,benchmarkName,0.45
495060,TIME 코리아밸류업액티브,descriptions,0.45
495060,TIME 코리아밸류업액티브,distribution,0.45
495060,TIME 코리아밸류업액티브,sectorCountryWeights,0.45
495060,TIME 코리아밸류업액티브,feesAndAssets,0.45
495230,KoAct 코리아밸류업액티브,issuer,0.45
495230,KoAct 코리아밸류업액티브,benchmarkName,0.45
495230,KoAct 코리아밸류업액티브,descriptions,0.45
495230,KoAct 코리아밸류업액티브,distribution,0.45
495230,KoAct 코리아밸류업액티브,sectorCountryWeights,0.45
495230,KoAct 코리아밸류업액티브,feesAndAssets,0.45
495330,1Q 코리아밸류업,issuer,0.35
495330,1Q 코리아밸류업,benchmarkName,0.35
495330,1Q 코리아밸류업,descriptions,0.35
495330,1Q 코리아밸류업,strategyFacts,0.35
495330,1Q 코리아밸류업,distribution,0.35
495330,1Q 코리아밸류업,sectorCountryWeights,0.35
495330,1Q 코리아밸류업,feesAndAssets,0.35
495550,SOL 코리아밸류업TR,issuer,0.35
495550,SOL 코리아밸류업TR,benchmarkName,0.35
495550,SOL 코리아밸류업TR,descriptions,0.35
495550,SOL 코리아밸류업TR,strategyFacts,0.35
495550,SOL 코리아밸류업TR,distribution,0.35
495550,SOL 코리아밸류업TR,sectorCountryWeights,0.35
495550,SOL 코리아밸류업TR,feesAndAssets,0.35
495750,HANARO 코리아밸류업,issuer,0.35
495750,HANARO 코리아밸류업,benchmarkName,0.35
495750,HANARO 코리아밸류업,descriptions,0.35
495750,HANARO 코리아밸류업,strategyFacts,0.35
495750,HANARO 코리아밸류업,distribution,0.35
495750,HANARO 코리아밸류업,sectorCountryWeights,0.35
495750,HANARO 코리아밸류업,feesAndAssets,0.35
495850,KODEX 코리아밸류업,issuer,0.35
495850,KODEX 코리아밸류업,benchmarkName,0.35
495850,KODEX 코리아밸류업,descriptions,0.35
495850,KODEX 코리아밸류업,strategyFacts,0.35
495850,KODEX 코리아밸류업,distribution,0.35
495850,KODEX 코리아밸류업,sectorCountryWeights,0.35
495850,KODEX 코리아밸류업,feesAndAssets,0.35
496080,TIGER 코리아밸류업,issuer,0.35
496080,TIGER 코리아밸류업,benchmarkName,0.35
496080,TIGER 코리아밸류업,descriptions,0.35
496080,TIGER 코리아밸류업,strategyFacts,0.35
496080,TIGER 코리아밸류업,distribution,0.35
496080,TIGER 코리아밸류업,sectorCountryWeights,0.35
496080,TIGER 코리아밸류업,feesAndAssets,0.35
496090,KIWOOM 코리아밸류업,issuer,0.35
496090,KIWOOM 코리아밸류업,benchmarkName,0.35
496090,KIWOOM 코리아밸류업,descriptions,0.35
496090,KIWOOM 코리아밸류업,strategyFacts,0.35
496090,KIWOOM 코리아밸류업,distribution,0.35
496090,KIWOOM 코리아밸류업,sectorCountryWeights,0.35
496090,KIWOOM 코리아밸류업,feesAndAssets,0.35
496120,ACE 코리아밸류업,issuer,0.35
496120,ACE 코리아밸류업,benchmarkName,0.35
496120,ACE 코리아밸류업,descriptions,0.35
496120,ACE 코리아밸류업,strategyFacts,0.35
496120,ACE 코리아밸류업,distribution,0.35
496120,ACE 코리아밸류업,sectorCountryWeights,0.35
496120,ACE 코리아밸류업,feesAndAssets,0.35
496130,TRUSTON 코리아밸류업액티브,issuer,0.45
496130,TRUSTON 코리아밸류업액티브,benchmarkName,0.45
496130,TRUSTON 코리아밸류업액티브,descriptions,0.45
496130,TRUSTON 코리아밸류업액티브,distribution,0.45
496130,TRUSTON 코리아밸류업액티브,sectorCountryWeights,0.45
496130,TRUSTON 코리아밸류업액티브,feesAndAssets,0.45
498050,HANARO 바이오코리아액티브,issuer,0.45
498050,HANARO 바이오코리아액티브,benchmarkName,0.45
498050,HANARO 바이오코리아액티브,descriptions,0.45
498050,HANARO 바이오코리아액티브,distribution,0.45
498050,HANARO 바이오코리아액티브,sectorCountryWeights,0.45
498050,HANARO 바이오코리아액티브,feesAndAssets,0.45
498400,KODEX 200타겟위클리커버드콜,issuer,0.45
498400,KODEX 200타겟위클리커버드콜,benchmarkName,0.45
498400,KODEX 200타겟위클리커버드콜,descriptions,0.45
498400,KODEX 200타겟위클리커버드콜,distribution,0.45
498400,KODEX 200타겟위클리커버드콜,sectorCountryWeights,0.45
498400,KODEX 200타겟위클리커버드콜,feesAndAssets,0.45
498410,KODEX 금융고배당TOP10타겟위클리커버드콜,issuer,0.45
498410,KODEX 금융고배당TOP10타겟위클리커버드콜,benchmarkName,0.45
498410,KODEX 금융고배당TOP10타겟위클리커버드콜,descriptions,0.45
498410,KODEX 금융고배당TOP10타겟위클리커버드콜,distribution,0.45
498410,KODEX 금융고배당TOP10타겟위클리커버드콜,sectorCountryWeights,0.45
498410,KODEX 금융고배당TOP10타겟위클리커버드콜,feesAndAssets,0.45
498860,RISE 코리아금융고배당,issuer,0.35
498860,RISE 코리아금융고배당,benchmarkName,0.35
498860,RISE 코리아금융고배당,descriptions,0.35
498860,RISE 코리아금융고배당,strategyFacts,0.35
498860,RISE 코리아금융고배당,distribution,0.35
498860,RISE 코리아금융고배당,sectorCountryWeights,0.35
498860,RISE 코리아금융고배당,feesAndAssets,0.35
