etfCode,name,codeType,issuer,benchmarkName,detailScope,readinessScore,grade,assetClassEvidence,regionEvidence,sectorEvidence,strategyEvidence,dividendEvidence,holdingsCount,tagCount,hasLlmContribution,missingFields
0000D0,TIGER 엔비디아미국채커버드콜밸런스(합성),naver_internal_unresolved,미래에셋자산운용(주),KEDI 엔비디아미국채30년타겟커버드콜혼합지수(TR),enriched,50,C,medium,low,low,medium,low,0,6,true,표준 KRX 코드|상품 설명·투자 목적|구성종목|산업·국가 비중|실제 분배금 이력
0000H0,KODEX 인도Nifty미드캡100,naver_internal_unresolved,,Nifty Midcap 100 Index(PR),thin,18,D,low,low,low,low,none,0,3,false,표준 KRX 코드|상세 메타데이터|운용사|상품 설명·투자 목적|구성종목|산업·국가 비중|분배 일정|실제 분배금 이력|필드별 출처
0000J0,PLUS 한화그룹주,naver_internal_unresolved,,FnGuide 한화그룹주 지수,enriched,48,C,low,low,medium,low,none,10,4,true,표준 KRX 코드|운용사|상품 설명·투자 목적|산업·국가 비중|분배 일정|실제 분배금 이력
0000Y0,HK 26-12 회사채(AA-이상)액티브,naver_internal_unresolved,흥국자산운용(주),KAP 26-12 크레딧 채권 총수익지수(AA-이상),enriched,50,C,medium,low,low,medium,low,0,5,true,표준 KRX 코드|상품 설명·투자 목적|구성종목|산업·국가 비중|실제 분배금 이력
0000Z0,RISE 바이오TOP10액티브,naver_internal_unresolved,,KRX 바이오 TOP 10 지수,enriched,52,C,low,low,medium,medium,none,10,4,true,표준 KRX 코드|운용사|상품 설명·투자 목적|산업·국가 비중|분배 일정|실제 분배금 이력
0001P0,마이티 바이오시밀러&CDMO액티브,naver_internal_unresolved,,FnGuide 바이오시밀러&CDMO 지수,enriched,52,C,low,low,medium,medium,none,10,4,true,표준 KRX 코드|운용사|상품 설명·투자 목적|산업·국가 비중|분배 일정|실제 분배금 이력
0002C0,에셋플러스 인도일등기업포커스20액티브,naver_internal_unresolved,,MSCI India IMI Index(PR),thin,18,D,low,low,low,low,none,0,3,false,표준 KRX 코드|상세 메타데이터|운용사|상품 설명·투자 목적|구성종목|산업·국가 비중|분배 일정|실제 분배금 이력|필드별 출처
0004G0,1Q 미국배당TOP30,naver_internal_unresolved,,Solactive U.S. Dividend TOP 30 Index PR,thin,18,D,low,low,low,low,none,0,3,false,표준 KRX 코드|상세 메타데이터|운용사|상품 설명·투자 목적|구성종목|산업·국가 비중|분배 일정|실제 분배금 이력|필드별 출처
0005A0,KODEX 미국S&P500데일리커버드콜OTM,naver_internal_unresolved,,S&P 500 Covered Call 1% OTM Daily Index(TR),thin,18,D,low,low,low,low,none,0,5,false,표준 KRX 코드|상세 메타데이터|운용사|상품 설명·투자 목적|구성종목|산업·국가 비중|분배 일정|실제 분배금 이력|필드별 출처
0005C0,RISE 미국S&P500엔화노출(합성 H),naver_internal_unresolved,,S&P500 Yen Hedged Index(PR),thin,18,D,low,low,low,low,none,0,4,false,표준 KRX 코드|상세 메타데이터|운용사|상품 설명·투자 목적|구성종목|산업·국가 비중|분배 일정|실제 분배금 이력|필드별 출처
0005D0,SOL 전고체배터리&실리콘음극재,naver_internal_unresolved,,FnGuide 전고체배터리&실리콘음극재 지수(PR),enriched,48,C,low,low,medium,low,none,10,4,true,표준 KRX 코드|운용사|상품 설명·투자 목적|산업·국가 비중|분배 일정|실제 분배금 이력
0005G0,IBK K-AI반도체코어테크,naver_internal_unresolved,아이비케이자산운용 주식회사,FnGuide K-AI반도체 코어테크 지수,enriched,66,B,medium,low,medium,medium,low,20,4,true,표준 KRX 코드|상품 설명·투자 목적|산업·국가 비중|실제 분배금 이력
0007F0,KODEX 27-12 회사채(AA-이상)액티브,naver_internal_unresolved,,KAP 27-12 회사채 총수익 지수(AA-이상),thin,18,D,low,low,low,low,none,0,5,false,표준 KRX 코드|상세 메타데이터|운용사|상품 설명·투자 목적|구성종목|산업·국가 비중|분배 일정|실제 분배금 이력|필드별 출처
0007G0,PLUS 글로벌원자력밸류체인,naver_internal_unresolved,,Solactive Global Nuclear Energy Value Chain Index(PR),thin,18,D,low,low,low,low,none,0,3,false,표준 KRX 코드|상세 메타데이터|운용사|상품 설명·투자 목적|구성종목|산업·국가 비중|분배 일정|실제 분배금 이력|필드별 출처
0007N0,아이엠에셋 200,naver_internal_unresolved,,코스피 200,enriched,48,C,low,low,medium,low,none,10,4,true,표준 KRX 코드|운용사|상품 설명·투자 목적|산업·국가 비중|분배 일정|실제 분배금 이력
0008E0,ACE 미국중심중소형제조업,naver_internal_unresolved,,NYSE FactSet US Focus Manufacturing Index(Price Return),thin,18,D,low,low,low,low,none,0,3,false,표준 KRX 코드|상세 메타데이터|운용사|상품 설명·투자 목적|구성종목|산업·국가 비중|분배 일정|실제 분배금 이력|필드별 출처
0008S0,TIGER 미국배당다우존스타겟데일리커버드콜,naver_internal_unresolved,,Dow Jones U.S. Dividend 100 10% Daily Premium Covered Call 지수,thin,18,D,low,low,low,low,none,0,4,false,표준 KRX 코드|상세 메타데이터|운용사|상품 설명·투자 목적|구성종목|산업·국가 비중|분배 일정|실제 분배금 이력|필드별 출처
0008T0,SOL 화장품TOP3플러스,naver_internal_unresolved,,FnGuide 화장품TOP3 플러스 지수(PR),enriched,48,C,low,low,medium,low,none,10,4,true,표준 KRX 코드|운용사|상품 설명·투자 목적|산업·국가 비중|분배 일정|실제 분배금 이력
0013P0,RISE 미국은행TOP10,naver_internal_unresolved,,KEDI 미국 은행 TOP10 지수,thin,18,D,low,low,low,low,none,0,3,false,표준 KRX 코드|상세 메타데이터|운용사|상품 설명·투자 목적|구성종목|산업·국가 비중|분배 일정|실제 분배금 이력|필드별 출처
0013R0,RISE 테슬라미국채타겟커버드콜혼합(합성),naver_internal_unresolved,,KEDI 테슬라미국30년국채15%타겟프리미엄 혼합지수(TR),thin,18,D,low,low,low,low,none,0,5,false,표준 KRX 코드|상세 메타데이터|운용사|상품 설명·투자 목적|구성종목|산업·국가 비중|분배 일정|실제 분배금 이력|필드별 출처
0015B0,KoAct 미국나스닥성장기업액티브,naver_internal_unresolved,,나스닥 종합주가지수,thin,18,D,low,low,low,low,none,0,3,false,표준 KRX 코드|상세 메타데이터|운용사|상품 설명·투자 목적|구성종목|산업·국가 비중|분배 일정|실제 분배금 이력|필드별 출처
0015E0,KIWOOM 엔비디아미국30년국채혼합액티브(H),naver_internal_unresolved,,Bloomberg Blended NVIDIA and US Long Treasury Bond Index,thin,18,D,low,low,low,low,none,0,4,false,표준 KRX 코드|상세 메타데이터|운용사|상품 설명·투자 목적|구성종목|산업·국가 비중|분배 일정|실제 분배금 이력|필드별 출처
0015F0,KIWOOM 팔란티어미국30년국채혼합액티브(H),naver_internal_unresolved,,Bloomberg Blended PALANTIR and US Long Treasury Bond Index,thin,18,D,low,low,low,low,none,0,4,false,표준 KRX 코드|상세 메타데이터|운용사|상품 설명·투자 목적|구성종목|산업·국가 비중|분배 일정|실제 분배금 이력|필드별 출처
0015K0,TIGER 미국소비트렌드액티브,naver_internal_unresolved,,Mirae Asset US Consumer Trend 지수 (PR),thin,18,D,low,low,low,low,none,0,3,false,표준 KRX 코드|상세 메타데이터|운용사|상품 설명·투자 목적|구성종목|산업·국가 비중|분배 일정|실제 분배금 이력|필드별 출처
0016X0,SOL 중단기회사채(A-이상)액티브,naver_internal_unresolved,,KIS 중단기크레딧플러스채권(AA+~A-)지수(총수익),thin,18,D,low,low,low,low,none,0,4,false,표준 KRX 코드|상세 메타데이터|운용사|상품 설명·투자 목적|구성종목|산업·국가 비중|분배 일정|실제 분배금 이력|필드별 출처
0017Y0,1Q 종합채권(AA-이상)액티브,naver_internal_unresolved,,KIS 종합채권형 지수(AA-이상)(총수익),thin,18,D,low,low,low,low,none,0,4,false,표준 KRX 코드|상세 메타데이터|운용사|상품 설명·투자 목적|구성종목|산업·국가 비중|분배 일정|실제 분배금 이력|필드별 출처
0018C0,PLUS 고배당주위클리고정커버드콜,naver_internal_unresolved,,코스피 고배당 위클리 고정 커버드콜 지수,enriched,52,C,low,low,medium,medium,none,10,5,true,표준 KRX 코드|운용사|상품 설명·투자 목적|산업·국가 비중|분배 일정|실제 분배금 이력
0018Z0,RISE 미국양자컴퓨팅,naver_internal_unresolved,,Solactive US Quantum Computing Technology Index PR,thin,18,D,low,low,low,low,none,0,3,false,표준 KRX 코드|상세 메타데이터|운용사|상품 설명·투자 목적|구성종목|산업·국가 비중|분배 일정|실제 분배금 이력|필드별 출처
0019K0,TIME 미국나스닥100채권혼합50액티브,naver_internal_unresolved,,FnGuide 미국나스닥100 단기채권혼합 지수,thin,18,D,low,low,low,low,none,0,4,false,표준 KRX 코드|상세 메타데이터|운용사|상품 설명·투자 목적|구성종목|산업·국가 비중|분배 일정|실제 분배금 이력|필드별 출처
0020H0,KoAct 글로벌양자컴퓨팅액티브,naver_internal_unresolved,,FactSet 글로벌양자컴퓨팅 PR 지수,thin,18,D,low,low,low,low,none,0,3,false,표준 KRX 코드|상세 메타데이터|운용사|상품 설명·투자 목적|구성종목|산업·국가 비중|분배 일정|실제 분배금 이력|필드별 출처
0022T0,SOL 국제금커버드콜액티브,naver_internal_unresolved,,KEDI 골드인컴프리미엄 지수(NTR),thin,18,D,low,low,low,low,none,0,4,false,표준 KRX 코드|상세 메타데이터|운용사|상품 설명·투자 목적|구성종목|산업·국가 비중|분배 일정|실제 분배금 이력|필드별 출처
0023A0,SOL 미국양자컴퓨팅TOP10,naver_internal_unresolved,,KEDI 미국양자컴퓨팅 TOP10(PR),thin,18,D,low,low,low,low,none,0,3,false,표준 KRX 코드|상세 메타데이터|운용사|상품 설명·투자 목적|구성종목|산업·국가 비중|분배 일정|실제 분배금 이력|필드별 출처
0023B0,PLUS 미국양자컴퓨팅TOP10,naver_internal_unresolved,,iSelect 미국양자컴퓨팅 TOP10 (PR),thin,18,D,low,low,low,low,none,0,3,false,표준 KRX 코드|상세 메타데이터|운용사|상품 설명·투자 목적|구성종목|산업·국가 비중|분배 일정|실제 분배금 이력|필드별 출처
0025N0,TIGER TDF2045 적격,naver_internal_unresolved,,S&P Korea Target Date 2045 Global Index,thin,18,D,low,low,low,low,none,0,3,false,표준 KRX 코드|상세 메타데이터|운용사|상품 설명·투자 목적|구성종목|산업·국가 비중|분배 일정|실제 분배금 이력|필드별 출처
0026E0,KODEX 미국S&P500버퍼3월액티브,naver_internal_unresolved,,S&P500 10% Buffered Index March Series (USD) TR,thin,18,D,low,low,low,low,none,0,4,false,표준 KRX 코드|상세 메타데이터|운용사|상품 설명·투자 목적|구성종목|산업·국가 비중|분배 일정|실제 분배금 이력|필드별 출처
0026S0,1Q 미국S&P500,naver_internal_unresolved,하나자산운용(주),S&P 500,enriched,46,C,medium,low,low,medium,low,0,4,true,표준 KRX 코드|상품 설명·투자 목적|구성종목|산업·국가 비중|실제 분배금 이력
0028X0,KODEX 미국금융테크액티브,naver_internal_unresolved,,iSelect 미국 차세대 파이낸셜 테크 지수(시장가격),thin,18,D,low,low,low,low,none,0,3,false,표준 KRX 코드|상세 메타데이터|운용사|상품 설명·투자 목적|구성종목|산업·국가 비중|분배 일정|실제 분배금 이력|필드별 출처
0035T0,PLUS 글로벌휴머노이드로봇액티브,naver_internal_unresolved,,iSelect 글로벌휴머노이드로봇 (PR),thin,18,D,low,low,low,low,none,0,3,false,표준 KRX 코드|상세 메타데이터|운용사|상품 설명·투자 목적|구성종목|산업·국가 비중|분배 일정|실제 분배금 이력|필드별 출처
0036D0,TIME 미국배당다우존스액티브,naver_internal_unresolved,,Dow Jones U.S. Dividend 100 Price Return Index,thin,18,D,low,low,low,low,none,0,3,false,표준 KRX 코드|상세 메타데이터|운용사|상품 설명·투자 목적|구성종목|산업·국가 비중|분배 일정|실제 분배금 이력|필드별 출처
0036R0,RISE 미국휴머노이드로봇,naver_internal_unresolved,,KEDI 미국 휴머노이드 로봇 지수(시장가격),thin,18,D,low,low,low,low,none,0,3,false,표준 KRX 코드|상세 메타데이터|운용사|상품 설명·투자 목적|구성종목|산업·국가 비중|분배 일정|실제 분배금 이력|필드별 출처
0036Z0,RISE 미국천연가스밸류체인,naver_internal_unresolved,,Solactive US Natural Gas Value Chain Index PR,thin,18,D,low,low,low,low,none,0,3,false,표준 KRX 코드|상세 메타데이터|운용사|상품 설명·투자 목적|구성종목|산업·국가 비중|분배 일정|실제 분배금 이력|필드별 출처
0038A0,KODEX 미국휴머노이드로봇,naver_internal_unresolved,,iSelect 미국 휴머노이드 로봇 지수(Price Return),thin,18,D,low,low,low,low,none,0,3,false,표준 KRX 코드|상세 메타데이터|운용사|상품 설명·투자 목적|구성종목|산업·국가 비중|분배 일정|실제 분배금 이력|필드별 출처
0040S0,HANARO 글로벌피지컬AI액티브,naver_internal_unresolved,,Solactive Physical AI Index,thin,18,D,low,low,low,low,none,0,3,false,표준 KRX 코드|상세 메타데이터|운용사|상품 설명·투자 목적|구성종목|산업·국가 비중|분배 일정|실제 분배금 이력|필드별 출처
0040X0,SOL 팔란티어미국채커버드콜혼합,naver_internal_unresolved,,KEDI 팔란티어미국채커버드콜혼합지수(NTR),thin,18,D,low,low,low,low,none,0,5,false,표준 KRX 코드|상세 메타데이터|운용사|상품 설명·투자 목적|구성종목|산업·국가 비중|분배 일정|실제 분배금 이력|필드별 출처
0040Y0,SOL 팔란티어커버드콜OTM채권혼합,naver_internal_unresolved,,KEDI 팔란티어커버드콜OTM 채권혼합지수(NTR),thin,18,D,low,low,low,low,none,0,4,false,표준 KRX 코드|상세 메타데이터|운용사|상품 설명·투자 목적|구성종목|산업·국가 비중|분배 일정|실제 분배금 이력|필드별 출처
0041D0,KODEX 미국AI소프트웨어TOP10,naver_internal_unresolved,,iSelect 미국 AI 소프트웨어 TOP10 지수(PR),thin,18,D,low,low,low,low,none,0,3,false,표준 KRX 코드|상세 메타데이터|운용사|상품 설명·투자 목적|구성종목|산업·국가 비중|분배 일정|실제 분배금 이력|필드별 출처
0041E0,KODEX 미국S&P500액티브,naver_internal_unresolved,,S&P 500,thin,18,D,low,low,low,low,none,0,4,false,표준 KRX 코드|상세 메타데이터|운용사|상품 설명·투자 목적|구성종목|산업·국가 비중|분배 일정|실제 분배금 이력|필드별 출처
0043B0,TIGER 머니마켓액티브,naver_internal_unresolved,,KIS-미래에셋 MMF지수,thin,18,D,low,low,low,low,none,0,4,false,표준 KRX 코드|상세 메타데이터|운용사|상품 설명·투자 목적|구성종목|산업·국가 비중|분배 일정|실제 분배금 이력|필드별 출처
0043Y0,TIME 차이나AI테크액티브,naver_internal_unresolved,,Solactive China Artificial Intelligence 지수(원화환산)(PR),thin,18,D,low,low,low,low,none,0,3,false,표준 KRX 코드|상세 메타데이터|운용사|상품 설명·투자 목적|구성종목|산업·국가 비중|분배 일정|실제 분배금 이력|필드별 출처
0046A0,TIGER 미국초단기(3개월이하)국채,naver_internal_unresolved,,ICE 0-3 Month US Treasury Securities 지수,thin,18,D,low,low,low,low,none,0,5,false,표준 KRX 코드|상세 메타데이터|운용사|상품 설명·투자 목적|구성종목|산업·국가 비중|분배 일정|실제 분배금 이력|필드별 출처
0046Y0,ACE 미국배당퀄리티,naver_internal_unresolved,,WisdomTree U.S. Quality Dividend Growth Index (Price Return),thin,18,D,low,low,low,low,none,0,3,false,표준 KRX 코드|상세 메타데이터|운용사|상품 설명·투자 목적|구성종목|산업·국가 비중|분배 일정|실제 분배금 이력|필드별 출처
0047A0,TIGER 차이나테크TOP10,naver_internal_unresolved,,Mirae Asset China Tech Top 10 지수 (Price Return),thin,18,D,low,low,low,low,none,0,3,false,표준 KRX 코드|상세 메타데이터|운용사|상품 설명·투자 목적|구성종목|산업·국가 비중|분배 일정|실제 분배금 이력|필드별 출처
0047N0,PLUS 차이나AI테크TOP10,naver_internal_unresolved,,Solactive China AI Tech Top10 Index(PR),thin,18,D,low,low,low,low,none,0,3,false,표준 KRX 코드|상세 메타데이터|운용사|상품 설명·투자 목적|구성종목|산업·국가 비중|분배 일정|실제 분배금 이력|필드별 출처
0047P0,RISE 테슬라고정테크100,naver_internal_unresolved,,KEDI 테슬라고정테크100 지수(PR),thin,18,D,low,low,low,low,none,0,3,false,표준 KRX 코드|상세 메타데이터|운용사|상품 설명·투자 목적|구성종목|산업·국가 비중|분배 일정|실제 분배금 이력|필드별 출처
0047R0,RISE 팔란티어고정테크100,naver_internal_unresolved,,KEDI 팔란티어고정테크100 지수(PR),thin,18,D,low,low,low,low,none,0,3,false,표준 KRX 코드|상세 메타데이터|운용사|상품 설명·투자 목적|구성종목|산업·국가 비중|분배 일정|실제 분배금 이력|필드별 출처
0048J0,KODEX 미국머니마켓액티브,naver_internal_unresolved,,KAP 미국 머니마켓 지수,thin,18,D,low,low,low,low,none,0,4,false,표준 KRX 코드|상세 메타데이터|운용사|상품 설명·투자 목적|구성종목|산업·국가 비중|분배 일정|실제 분배금 이력|필드별 출처
0048K0,KODEX 차이나휴머노이드로봇,naver_internal_unresolved,,Solactive China Humanoid Robotics Index (CNH) (Price Return),thin,18,D,low,low,low,low,none,0,3,false,표준 KRX 코드|상세 메타데이터|운용사|상품 설명·투자 목적|구성종목|산업·국가 비중|분배 일정|실제 분배금 이력|필드별 출처
0049K0,ACE 미국배당퀄리티채권혼합50,naver_internal_unresolved,한국투자신탁운용,Bloomberg WisdomTree U.S. Quality Dividend & Short Term KRW Bonds 50:50 TR Index,enriched,46,C,medium,low,low,medium,low,0,4,true,표준 KRX 코드|상품 설명·투자 목적|구성종목|산업·국가 비중|실제 분배금 이력
0049M0,ACE 미국배당퀄리티+커버드콜액티브,naver_internal_unresolved,,Bloomberg WisdomTree U.S. Quality Dividend & B500 Premium Decrement 50:50 Index,thin,18,D,low,low,low,low,none,0,4,false,표준 KRX 코드|상세 메타데이터|운용사|상품 설명·투자 목적|구성종목|산업·국가 비중|분배 일정|실제 분배금 이력|필드별 출처
0050E0,PLUS 미국AI에이전트,naver_internal_unresolved,,Solactive US AI Agents Index(PR),thin,18,D,low,low,low,low,none,0,3,false,표준 KRX 코드|상세 메타데이터|운용사|상품 설명·투자 목적|구성종목|산업·국가 비중|분배 일정|실제 분배금 이력|필드별 출처
0051A0,KoAct 브로드컴밸류체인액티브,naver_internal_unresolved,,FactSet 브로드컴밸류체인 지수,thin,18,D,low,low,low,low,none,0,3,false,표준 KRX 코드|상세 메타데이터|운용사|상품 설명·투자 목적|구성종목|산업·국가 비중|분배 일정|실제 분배금 이력|필드별 출처
0051G0,SOL 미국원자력SMR,naver_internal_unresolved,,KEDI 미국원자력 SMR 지수(PR),thin,18,D,low,low,low,low,none,0,3,false,표준 KRX 코드|상세 메타데이터|운용사|상품 설명·투자 목적|구성종목|산업·국가 비중|분배 일정|실제 분배금 이력|필드별 출처
0052D0,TIGER 코리아배당다우존스,naver_internal_unresolved,,Dow Jones Korea Dividend 30 지수 (Price Return),enriched,48,C,low,low,medium,low,none,10,4,true,표준 KRX 코드|운용사|상품 설명·투자 목적|산업·국가 비중|분배 일정|실제 분배금 이력
0052S0,1Q 미국S&P500미국채혼합50액티브,naver_internal_unresolved,,S&P 500 and Short-Term Treasury 50/50 Blend Index,thin,18,D,low,low,low,low,none,0,5,false,표준 KRX 코드|상세 메타데이터|운용사|상품 설명·투자 목적|구성종목|산업·국가 비중|분배 일정|실제 분배금 이력|필드별 출처
0052T0,1Q 중단기회사채(A-이상)액티브,naver_internal_unresolved,,KEDI 중단기크레딧플러스채권(AAA~A-)지수(총수익),thin,18,D,low,low,low,low,none,0,4,false,표준 KRX 코드|상세 메타데이터|운용사|상품 설명·투자 목적|구성종목|산업·국가 비중|분배 일정|실제 분배금 이력|필드별 출처
0053L0,TIGER 차이나휴머노이드로봇,naver_internal_unresolved,,Mirae Asset China Humanoid Robot 지수(PR),thin,18,D,low,low,low,low,none,0,3,false,표준 KRX 코드|상세 메타데이터|운용사|상품 설명·투자 목적|구성종목|산업·국가 비중|분배 일정|실제 분배금 이력|필드별 출처
0053M0,더제이 중소형포커스액티브,naver_internal_unresolved,,코스피 200 중소형주지수,enriched,52,C,low,low,medium,medium,none,10,4,true,표준 KRX 코드|운용사|상품 설명·투자 목적|산업·국가 비중|분배 일정|실제 분배금 이력
0057H0,PLUS 미국S&P500미국채혼합50액티브,naver_internal_unresolved,,S&P 500 and U.S. Treasury Bill 0-3 Month 50/50 Blend Index (USD),thin,18,D,low,low,low,low,none,0,5,false,표준 KRX 코드|상세 메타데이터|운용사|상품 설명·투자 목적|구성종목|산업·국가 비중|분배 일정|실제 분배금 이력|필드별 출처
0060H0,TIGER 토탈월드스탁액티브,naver_internal_unresolved,,FTSE Global All Cap Index(PR),thin,18,D,low,low,low,low,none,0,3,false,표준 KRX 코드|상세 메타데이터|운용사|상품 설명·투자 목적|구성종목|산업·국가 비중|분배 일정|실제 분배금 이력|필드별 출처
0061Z0,RISE 단기특수은행채액티브,naver_internal_unresolved,,KAP 단기 특수은행채 지수(시장가격),thin,18,D,low,low,low,low,none,0,3,false,표준 KRX 코드|상세 메타데이터|운용사|상품 설명·투자 목적|구성종목|산업·국가 비중|분배 일정|실제 분배금 이력|필드별 출처
0064K0,KODEX 금액티브,naver_internal_unresolved,,Bloomberg Gold Spot NY 4pm USD Index,thin,18,D,low,low,low,low,none,0,3,false,표준 KRX 코드|상세 메타데이터|운용사|상품 설명·투자 목적|구성종목|산업·국가 비중|분배 일정|실제 분배금 이력|필드별 출처
0065G0,KODEX 차이나테크TOP10,naver_internal_unresolved,,Hang Seng China Tech Top 10 Select Index (HKD) (Price Return),thin,18,D,low,low,low,low,none,0,3,false,표준 KRX 코드|상세 메타데이터|운용사|상품 설명·투자 목적|구성종목|산업·국가 비중|분배 일정|실제 분배금 이력|필드별 출처
0066W0,SOL 국제금,naver_internal_unresolved,,KEDI 국제금현물 ETF 가격지수(PR),thin,18,D,low,low,low,low,none,0,3,false,표준 KRX 코드|상세 메타데이터|운용사|상품 설명·투자 목적|구성종목|산업·국가 비중|분배 일정|실제 분배금 이력|필드별 출처
0067V0,TIGER 차이나글로벌리더스TOP3+,naver_internal_unresolved,,"Solactive-KEDI 차이나글로벌리더스TOP3플러스 지수 (Price Return, CNH)",thin,18,D,low,low,low,low,none,0,3,false,표준 KRX 코드|상세 메타데이터|운용사|상품 설명·투자 목적|구성종목|산업·국가 비중|분배 일정|실제 분배금 이력|필드별 출처
0067Y0,TIGER 차이나AI소프트웨어,naver_internal_unresolved,,"Mirae Asset China AI Software 지수 (Price Return, HKD)",thin,18,D,low,low,low,low,none,0,3,false,표준 KRX 코드|상세 메타데이터|운용사|상품 설명·투자 목적|구성종목|산업·국가 비중|분배 일정|실제 분배금 이력|필드별 출처
0068M0,KODEX 미국S&P500버퍼6월액티브,naver_internal_unresolved,,S&P500 10% Buffered Index June Series (USD) TR,thin,18,D,low,low,low,low,none,0,4,false,표준 KRX 코드|상세 메타데이터|운용사|상품 설명·투자 목적|구성종목|산업·국가 비중|분배 일정|실제 분배금 이력|필드별 출처
0069M0,1Q 미국나스닥100,naver_internal_unresolved,,NASDAQ 100,thin,18,D,low,low,low,low,none,0,4,false,표준 KRX 코드|상세 메타데이터|운용사|상품 설명·투자 목적|구성종목|산업·국가 비중|분배 일정|실제 분배금 이력|필드별 출처
0072R0,TIGER KRX금현물,naver_internal_unresolved,,KRX 금현물지수,thin,18,D,low,low,low,low,none,0,3,false,표준 KRX 코드|상세 메타데이터|운용사|상품 설명·투자 목적|구성종목|산업·국가 비중|분배 일정|실제 분배금 이력|필드별 출처
0073X0,FOCUS 알리바바미국채커버드콜혼합,naver_internal_unresolved,,KEDI 알리바바미국채커버드콜혼합지수(TR),thin,18,D,low,low,low,low,none,0,5,false,표준 KRX 코드|상세 메타데이터|운용사|상품 설명·투자 목적|구성종목|산업·국가 비중|분배 일정|실제 분배금 이력|필드별 출처
0074K0,KoAct K수출핵심기업TOP30액티브,naver_internal_unresolved,,KEDI K수출핵심기업TOP30 지수(PR),enriched,52,C,low,low,medium,medium,none,10,3,true,표준 KRX 코드|운용사|상품 설명·투자 목적|산업·국가 비중|분배 일정|실제 분배금 이력
0078V0,PLUS 미국로보택시,naver_internal_unresolved,,KEDI 미국로보택시 지수(PR),thin,18,D,low,low,low,low,none,0,3,false,표준 KRX 코드|상세 메타데이터|운용사|상품 설명·투자 목적|구성종목|산업·국가 비중|분배 일정|실제 분배금 이력|필드별 출처
0079X0,ACE BYD밸류체인액티브,naver_internal_unresolved,,Bloomberg BYD Plus Top Supply Chain Select Price Return Index,thin,18,D,low,low,low,low,none,0,3,false,표준 KRX 코드|상세 메타데이터|운용사|상품 설명·투자 목적|구성종목|산업·국가 비중|분배 일정|실제 분배금 이력|필드별 출처
0080G0,KODEX 방산TOP10,naver_internal_unresolved,삼성자산운용(주),iSelect 방산 TOP10 지수(Price Return),enriched,66,B,medium,low,medium,medium,low,11,4,true,표준 KRX 코드|상품 설명·투자 목적|산업·국가 비중|실제 분배금 이력
0080X0,SOL 미국S&P500미국채혼합50,naver_internal_unresolved,,S&P 500 and iBoxx $ Treasuries 7-10Y 5050 Blend Index(USD) PR/TR Hybrid,thin,18,D,low,low,low,low,none,0,5,false,표준 KRX 코드|상세 메타데이터|운용사|상품 설명·투자 목적|구성종목|산업·국가 비중|분배 일정|실제 분배금 이력|필드별 출처
0080Y0,SOL 조선TOP3플러스레버리지,naver_internal_unresolved,신한자산운용 주식회사,FnGuide 조선 TOP3 플러스레버리지(2x) 지수,enriched,70,B,medium,low,medium,medium,low,15,5,true,표준 KRX 코드|상품 설명·투자 목적|산업·국가 비중|실제 분배금 이력
0082F0,HANARO 유럽방산,naver_internal_unresolved,,Stoxx 유럽 방산 지수,thin,18,D,low,low,low,low,none,0,3,false,표준 KRX 코드|상세 메타데이터|운용사|상품 설명·투자 목적|구성종목|산업·국가 비중|분배 일정|실제 분배금 이력|필드별 출처
0082V0,KODEX TDF2060액티브 적격,naver_internal_unresolved,,Samsung Korea Target Date 2060 Index,thin,18,D,low,low,low,low,none,0,3,false,표준 KRX 코드|상세 메타데이터|운용사|상품 설명·투자 목적|구성종목|산업·국가 비중|분배 일정|실제 분배금 이력|필드별 출처
0083S0,1Q 미국메디컬AI,naver_internal_unresolved,,KEDI 미국메디컬AI 지수,thin,18,D,low,low,low,low,none,0,3,false,표준 KRX 코드|상세 메타데이터|운용사|상품 설명·투자 목적|구성종목|산업·국가 비중|분배 일정|실제 분배금 이력|필드별 출처
0084D0,KIWOOM 미국테크100월간목표헤지액티브,naver_internal_unresolved,,Akros 미국테크100 월간방어적배분 지수(TR),thin,18,D,low,low,low,low,none,0,3,false,표준 KRX 코드|상세 메타데이터|운용사|상품 설명·투자 목적|구성종목|산업·국가 비중|분배 일정|실제 분배금 이력|필드별 출처
0084E0,KIWOOM 미국대형주500월간목표헤지액티브,naver_internal_unresolved,,Akros 미국대형주500 월간방어적배분 지수(TR),thin,18,D,low,low,low,low,none,0,3,false,표준 KRX 코드|상세 메타데이터|운용사|상품 설명·투자 목적|구성종목|산업·국가 비중|분배 일정|실제 분배금 이력|필드별 출처
0085N0,ACE 미국10년국채액티브(H),naver_internal_unresolved,,ICE U.S. Treasury 7-10 Year Bond Index (Total Return),thin,18,D,low,low,low,low,none,0,4,false,표준 KRX 코드|상세 메타데이터|운용사|상품 설명·투자 목적|구성종목|산업·국가 비중|분배 일정|실제 분배금 이력|필드별 출처
0085P0,ACE 미국10년국채액티브,naver_internal_unresolved,,ICE U.S. Treasury 7-10 Year Bond Index (Total Return),thin,18,D,low,low,low,low,none,0,4,false,표준 KRX 코드|상세 메타데이터|운용사|상품 설명·투자 목적|구성종목|산업·국가 비중|분배 일정|실제 분배금 이력|필드별 출처
0086B0,TIGER 리츠부동산인프라TOP10액티브,naver_internal_unresolved,,KEDI 리츠부동산인프라TOP10지수 (Price Return),enriched,52,C,low,low,medium,medium,none,9,3,true,표준 KRX 코드|운용사|상품 설명·투자 목적|산업·국가 비중|분배 일정|실제 분배금 이력
0086C0,TIGER 리츠부동산인프라10채권혼합액티브,naver_internal_unresolved,,KEDI 리츠부동산인프라TOP10채권혼합지수 (Price Return),enriched,52,C,low,low,medium,medium,none,10,3,true,표준 KRX 코드|운용사|상품 설명·투자 목적|산업·국가 비중|분배 일정|실제 분배금 이력
0087F0,ACE 차이나AI빅테크TOP2+액티브,naver_internal_unresolved,,Solactive China AI Big Tech TOP2+ Index (Price Return),thin,18,D,low,low,low,low,none,0,3,false,표준 KRX 코드|상세 메타데이터|운용사|상품 설명·투자 목적|구성종목|산업·국가 비중|분배 일정|실제 분배금 이력|필드별 출처
0088N0,WON K-글로벌수급상위,naver_internal_unresolved,,DeepSearch 외인수급 Top20 지수,enriched,48,C,low,low,medium,low,none,10,3,true,표준 KRX 코드|운용사|상품 설명·투자 목적|산업·국가 비중|분배 일정|실제 분배금 이력
0089B0,PLUS 미국나스닥100미국채혼합50,naver_internal_unresolved,,Nasdaq-100 US T-Bills 1-3 Month 50/50 Index (USD),thin,18,D,low,low,low,low,none,0,5,false,표준 KRX 코드|상세 메타데이터|운용사|상품 설명·투자 목적|구성종목|산업·국가 비중|분배 일정|실제 분배금 이력|필드별 출처
0089C0,KODEX 미국S&P500변동성확대시커버드콜,naver_internal_unresolved,,Cboe S&P 500 Volatility Contingent Daily Covered Call Index(Total Retrun),thin,18,D,low,low,low,low,none,0,5,false,표준 KRX 코드|상세 메타데이터|운용사|상품 설명·투자 목적|구성종목|산업·국가 비중|분배 일정|실제 분배금 이력|필드별 출처
0089D0,KODEX 금융고배당TOP10,naver_internal_unresolved,,코스피 200 금융 고배당 TOP 10 지수,enriched,48,C,low,low,medium,low,none,10,6,true,표준 KRX 코드|운용사|상품 설명·투자 목적|산업·국가 비중|분배 일정|실제 분배금 이력
0090B0,PLUS K방산소부장,naver_internal_unresolved,,Akros K방산소부장 지수(PR),enriched,48,C,low,low,medium,low,none,10,4,true,표준 KRX 코드|운용사|상품 설명·투자 목적|산업·국가 비중|분배 일정|실제 분배금 이력
0091C0,KODEX 미국10년국채액티브(H),naver_internal_unresolved,,KAP 미국 국채 10년 지수(총수익),thin,18,D,low,low,low,low,none,0,4,false,표준 KRX 코드|상세 메타데이터|운용사|상품 설명·투자 목적|구성종목|산업·국가 비중|분배 일정|실제 분배금 이력|필드별 출처
0091M0,HANARO 27-06 회사채(AA-이상)액티브,naver_internal_unresolved,,KIS 회사채(AA-이상)2706만기형지수(총수익),thin,18,D,low,low,low,low,none,0,5,false,표준 KRX 코드|상세 메타데이터|운용사|상품 설명·투자 목적|구성종목|산업·국가 비중|분배 일정|실제 분배금 이력|필드별 출처
0091P0,TIGER 코리아원자력,naver_internal_unresolved,,iSelect 코리아 원자력 지수 (Price Return),enriched,48,C,low,low,medium,low,none,10,4,true,표준 KRX 코드|운용사|상품 설명·투자 목적|산업·국가 비중|분배 일정|실제 분배금 이력
0092B0,SOL 한국원자력SMR,naver_internal_unresolved,,FnGuide 한국원자력 SMR 지수(PR),enriched,48,C,low,low,medium,low,none,10,4,true,표준 KRX 코드|운용사|상품 설명·투자 목적|산업·국가 비중|분배 일정|실제 분배금 이력
0092C0,SOL 27-12 회사채(AA-이상)액티브,naver_internal_unresolved,,"KAP 27-12 크레딧 채권지수(AA-이상, 총수익)",thin,18,D,low,low,low,low,none,0,5,false,표준 KRX 코드|상세 메타데이터|운용사|상품 설명·투자 목적|구성종목|산업·국가 비중|분배 일정|실제 분배금 이력|필드별 출처
0093A0,RISE AI반도체TOP10,naver_internal_unresolved,,FnGuide AI반도체TOP10 지수,enriched,48,C,low,low,medium,low,none,10,4,true,표준 KRX 코드|운용사|상품 설명·투자 목적|산업·국가 비중|분배 일정|실제 분배금 이력
0093B0,RISE 엔비디아고정테크100,naver_internal_unresolved,,KEDI 엔비디아고정테크100 지수(PR),thin,18,D,low,low,low,low,none,0,3,false,표준 KRX 코드|상세 메타데이터|운용사|상품 설명·투자 목적|구성종목|산업·국가 비중|분배 일정|실제 분배금 이력|필드별 출처
0093D0,KoAct 팔란티어밸류체인액티브,naver_internal_unresolved,,KEDI 팔란티어밸류체인지수(PR),thin,18,D,low,low,low,low,none,0,3,false,표준 KRX 코드|상세 메타데이터|운용사|상품 설명·투자 목적|구성종목|산업·국가 비중|분배 일정|실제 분배금 이력|필드별 출처
0094K0,TIGER 28-04 회사채(A+이상)액티브,naver_internal_unresolved,,KIS 회사채 2804만기형 지수(총수익),thin,18,D,low,low,low,low,none,0,5,false,표준 KRX 코드|상세 메타데이터|운용사|상품 설명·투자 목적|구성종목|산업·국가 비중|분배 일정|실제 분배금 이력|필드별 출처
0094L0,RISE 차이나테크TOP10위클리타겟커버드콜,naver_internal_unresolved,,Bloomberg China Tech Select TOP 10 + 12% Target Premium Weekly Index,thin,18,D,low,low,low,low,none,0,4,false,표준 KRX 코드|상세 메타데이터|운용사|상품 설명·투자 목적|구성종목|산업·국가 비중|분배 일정|실제 분배금 이력|필드별 출처
0094M0,RISE 코리아밸류업위클리고정커버드콜,naver_internal_unresolved,,코리아 밸류업 위클리 커버드콜 30% 지수,enriched,52,C,low,low,medium,medium,none,10,5,true,표준 KRX 코드|운용사|상품 설명·투자 목적|산업·국가 비중|분배 일정|실제 분배금 이력
0094X0,1Q 샤오미밸류체인액티브,naver_internal_unresolved,,Solactive-KEDI Xiaomi Focus China Tech Index,thin,18,D,low,low,low,low,none,0,3,false,표준 KRX 코드|상세 메타데이터|운용사|상품 설명·투자 목적|구성종목|산업·국가 비중|분배 일정|실제 분배금 이력|필드별 출처
0097L0,KIWOOM 한국고배당&미국AI테크,naver_internal_unresolved,,Akros 미국AI테크TOP10&한국고배당3070 지수,thin,18,D,low,low,low,low,none,0,3,false,표준 KRX 코드|상세 메타데이터|운용사|상품 설명·투자 목적|구성종목|산업·국가 비중|분배 일정|실제 분배금 이력|필드별 출처
0098F0,KODEX 원자력SMR,naver_internal_unresolved,,iSelect 원자력SMR 지수(Price Return),enriched,48,C,low,low,medium,low,none,10,4,true,표준 KRX 코드|운용사|상품 설명·투자 목적|산업·국가 비중|분배 일정|실제 분배금 이력
0098N0,PLUS 자사주매입고배당주,naver_internal_unresolved,,FnGuide 고배당주 플러스 자사주 지수 (PR),enriched,48,C,low,low,medium,low,none,10,5,true,표준 KRX 코드|운용사|상품 설명·투자 목적|산업·국가 비중|분배 일정|실제 분배금 이력
0098Z0,FOCUS 200,naver_internal_unresolved,,코스피 200,enriched,48,C,low,low,medium,low,none,10,4,true,표준 KRX 코드|운용사|상품 설명·투자 목적|산업·국가 비중|분배 일정|실제 분배금 이력
0099L0,ACE 우량회사채(AA-이상)액티브,naver_internal_unresolved,,KIS 1~3년 우량크레딧(AA-이상) 총수익지수,thin,18,D,low,low,low,low,none,0,4,false,표준 KRX 코드|상세 메타데이터|운용사|상품 설명·투자 목적|구성종목|산업·국가 비중|분배 일정|실제 분배금 이력|필드별 출처
0100K0,KODEX 방산TOP10레버리지,naver_internal_unresolved,,iSelect 방산 TOP10 지수(Price Return),enriched,52,C,low,low,medium,medium,none,10,5,true,표준 KRX 코드|운용사|상품 설명·투자 목적|산업·국가 비중|분배 일정|실제 분배금 이력
0101N0,RISE AI전력인프라,naver_internal_unresolved,,KRX-Akros AI 전력인프라 지수,enriched,48,C,low,low,medium,low,none,10,4,true,표준 KRX 코드|운용사|상품 설명·투자 목적|산업·국가 비중|분배 일정|실제 분배금 이력
0102A0,TIGER 미국AI소프트웨어TOP4Plus,naver_internal_unresolved,,Akros U.S. AI Software TOP4 Plus 지수 (Price Return),thin,18,D,low,low,low,low,none,0,3,false,표준 KRX 코드|상세 메타데이터|운용사|상품 설명·투자 목적|구성종목|산업·국가 비중|분배 일정|실제 분배금 이력|필드별 출처
0102X0,ACE 유럽방산TOP10,naver_internal_unresolved,,NYSE FactSet Europe Defense TOP10 Index (Price Return),thin,18,D,low,low,low,low,none,0,3,false,표준 KRX 코드|상세 메타데이터|운용사|상품 설명·투자 목적|구성종목|산업·국가 비중|분배 일정|실제 분배금 이력|필드별 출처
0103T0,1Q K소버린AI,naver_internal_unresolved,,iSelect K소버린AI 지수,enriched,48,C,low,low,medium,low,none,10,4,true,표준 KRX 코드|운용사|상품 설명·투자 목적|산업·국가 비중|분배 일정|실제 분배금 이력
0104G0,PLUS K방산레버리지,naver_internal_unresolved,,FnGuide K-방위산업 지수,enriched,52,C,low,low,medium,medium,none,10,5,true,표준 KRX 코드|운용사|상품 설명·투자 목적|산업·국가 비중|분배 일정|실제 분배금 이력
0104H0,KoAct 미국나스닥채권혼합50액티브,naver_internal_unresolved,,FnGuide 미국나스닥 금융채권혼합 지수,thin,18,D,low,low,low,low,none,0,3,false,표준 KRX 코드|상세 메타데이터|운용사|상품 설명·투자 목적|구성종목|산업·국가 비중|분배 일정|실제 분배금 이력|필드별 출처
0104N0,TIGER 200타겟위클리커버드콜,naver_internal_unresolved,,코스피 200 타겟 7% 위클리 커버드콜 지수,enriched,52,C,low,low,medium,medium,none,10,5,true,표준 KRX 코드|운용사|상품 설명·투자 목적|산업·국가 비중|분배 일정|실제 분배금 이력
0104P0,TIGER 코리아배당다우존스위클리커버드콜,naver_internal_unresolved,,KRX 다우존스 코리아 배당 30 타겟 7% 위클리 커버드콜 지수,enriched,52,C,low,low,medium,medium,none,10,5,true,표준 KRX 코드|운용사|상품 설명·투자 목적|산업·국가 비중|분배 일정|실제 분배금 이력
0105D0,SOL 한국AI소프트웨어,naver_internal_unresolved,,KEDI 한국AI소프트웨어 지수(PR),enriched,48,C,low,low,medium,low,none,10,4,true,표준 KRX 코드|운용사|상품 설명·투자 목적|산업·국가 비중|분배 일정|실제 분배금 이력
0105E0,SOL 코리아고배당,naver_internal_unresolved,,FnGuide 코리아 고배당 지수(PR),enriched,48,C,low,low,medium,low,none,10,4,true,표준 KRX 코드|운용사|상품 설명·투자 목적|산업·국가 비중|분배 일정|실제 분배금 이력
0107F0,KIWOOM 미국고배당&AI테크,naver_internal_unresolved,,Akros 미국AI테크TOP10&미국고배당3070 지수,thin,18,D,low,low,low,low,none,0,3,false,표준 KRX 코드|상세 메타데이터|운용사|상품 설명·투자 목적|구성종목|산업·국가 비중|분배 일정|실제 분배금 이력|필드별 출처
0111J0,HANARO 증권고배당TOP3플러스,naver_internal_unresolved,,FnGuide 증권 고배당 TOP3 플러스 지수,enriched,48,C,low,low,medium,low,none,10,5,true,표준 KRX 코드|운용사|상품 설명·투자 목적|산업·국가 비중|분배 일정|실제 분배금 이력
0111P0,1Q 미국나스닥100미국채혼합50액티브,naver_internal_unresolved,,Nasdaq-100 US T-Bills 0-6 Month 50/50 Index,thin,18,D,low,low,low,low,none,0,5,false,표준 KRX 코드|상세 메타데이터|운용사|상품 설명·투자 목적|구성종목|산업·국가 비중|분배 일정|실제 분배금 이력|필드별 출처
0112X0,마이티 200TR,naver_internal_unresolved,,코스피 200 TR,enriched,48,C,low,low,medium,low,none,10,4,true,표준 KRX 코드|운용사|상품 설명·투자 목적|산업·국가 비중|분배 일정|실제 분배금 이력
0113D0,TIME 글로벌탑픽액티브,naver_internal_unresolved,,"Bloomberg World Large, Mid & Small cap PR Index",thin,18,D,low,low,low,low,none,0,3,false,표준 KRX 코드|상세 메타데이터|운용사|상품 설명·투자 목적|구성종목|산업·국가 비중|분배 일정|실제 분배금 이력|필드별 출처
0113G0,KoAct 미국바이오헬스케어액티브,naver_internal_unresolved,,Solactive 미국바이오헬스케어지수 PR,thin,18,D,low,low,low,low,none,0,3,false,표준 KRX 코드|상세 메타데이터|운용사|상품 설명·투자 목적|구성종목|산업·국가 비중|분배 일정|실제 분배금 이력|필드별 출처
0113P0,HK 머니마켓액티브,naver_internal_unresolved,,KAP 머니마켓 지수(총수익),thin,18,D,low,low,low,low,none,0,4,false,표준 KRX 코드|상세 메타데이터|운용사|상품 설명·투자 목적|구성종목|산업·국가 비중|분배 일정|실제 분배금 이력|필드별 출처
0114X0,RISE 글로벌게임테크TOP3Plus,naver_internal_unresolved,,Solactive-KEDI 글로벌 게임 테크 TOP3 플러스 지수,thin,18,D,low,low,low,low,none,0,3,false,표준 KRX 코드|상세 메타데이터|운용사|상품 설명·투자 목적|구성종목|산업·국가 비중|분배 일정|실제 분배금 이력|필드별 출처
0115C0,RISE 미국고배당다우존스TOP10,naver_internal_unresolved,,Dow Jones U.S. High Dividend 10 Index,thin,18,D,low,low,low,low,none,0,3,false,표준 KRX 코드|상세 메타데이터|운용사|상품 설명·투자 목적|구성종목|산업·국가 비중|분배 일정|실제 분배금 이력|필드별 출처
0115D0,KODEX 조선TOP10,naver_internal_unresolved,,KRX 조선 TOP10,enriched,48,C,low,low,medium,low,none,10,4,true,표준 KRX 코드|운용사|상품 설명·투자 목적|산업·국가 비중|분배 일정|실제 분배금 이력
0115E0,KODEX 코리아소버린AI,naver_internal_unresolved,,KRX 코리아 소버린 AI 지수,enriched,48,C,low,low,medium,low,none,10,4,true,표준 KRX 코드|운용사|상품 설명·투자 목적|산업·국가 비중|분배 일정|실제 분배금 이력
0117L0,KODEX 26-12 금융채(AA-이상)액티브,naver_internal_unresolved,,KAP 26-12 금융채 총수익 지수(AA-이상),thin,18,D,low,low,low,low,none,0,5,false,표준 KRX 코드|상세 메타데이터|운용사|상품 설명·투자 목적|구성종목|산업·국가 비중|분배 일정|실제 분배금 이력|필드별 출처
0117V0,TIGER 코리아AI전력기기TOP3플러스,naver_internal_unresolved,,KEDI 코리아AI전력기기TOP3플러스 지수,enriched,48,C,low,low,medium,low,none,10,4,true,표준 KRX 코드|운용사|상품 설명·투자 목적|산업·국가 비중|분배 일정|실제 분배금 이력
0118S0,SOL 미국넥스트테크TOP10액티브,naver_internal_unresolved,,KEDI 미국넥스트테크TOP10(PR),thin,18,D,low,low,low,low,none,0,3,false,표준 KRX 코드|상세 메타데이터|운용사|상품 설명·투자 목적|구성종목|산업·국가 비중|분배 일정|실제 분배금 이력|필드별 출처
0118Z0,ACE 미국AI테크핵심산업액티브,naver_internal_unresolved,,Akros U.S. AI Innovator Price Return Index,thin,18,D,low,low,low,low,none,0,3,false,표준 KRX 코드|상세 메타데이터|운용사|상품 설명·투자 목적|구성종목|산업·국가 비중|분배 일정|실제 분배금 이력|필드별 출처
0119H0,KODEX 28-12 회사채(AA-이상)액티브,naver_internal_unresolved,,KAP 28-12 회사채 총수익 지수(AA- 이상),thin,18,D,low,low,low,low,none,0,5,false,표준 KRX 코드|상세 메타데이터|운용사|상품 설명·투자 목적|구성종목|산업·국가 비중|분배 일정|실제 분배금 이력|필드별 출처
0120J0,BNK 카카오그룹포커스,naver_internal_unresolved,,FnGuide 카카오그룹 포커스 지수,enriched,48,C,low,low,medium,low,none,10,4,true,표준 KRX 코드|운용사|상품 설명·투자 목적|산업·국가 비중|분배 일정|실제 분배금 이력
0122W0,RISE 26-11 회사채(AA-이상)액티브,naver_internal_unresolved,,KAP 26-11 회사채(AA-이상) 총수익지수,thin,18,D,low,low,low,low,none,0,5,false,표준 KRX 코드|상세 메타데이터|운용사|상품 설명·투자 목적|구성종목|산업·국가 비중|분배 일정|실제 분배금 이력|필드별 출처
0123G0,TIGER 미국AI전력SMR,naver_internal_unresolved,,Akros U.S. AI Electricity SMR Index 지수(PR),thin,18,D,low,low,low,low,none,0,3,false,표준 KRX 코드|상세 메타데이터|운용사|상품 설명·투자 목적|구성종목|산업·국가 비중|분배 일정|실제 분배금 이력|필드별 출처
0123S0,HANARO 26-12 은행채(AA+이상)액티브,naver_internal_unresolved,,KIS 은행채2612만기형 지수,thin,18,D,low,low,low,low,none,0,5,false,표준 KRX 코드|상세 메타데이터|운용사|상품 설명·투자 목적|구성종목|산업·국가 비중|분배 일정|실제 분배금 이력|필드별 출처
0127M0,ACE 미국대형가치주액티브,naver_internal_unresolved,,CRSP US Large Cap Value Index(PR),thin,18,D,low,low,low,low,none,0,3,false,표준 KRX 코드|상세 메타데이터|운용사|상품 설명·투자 목적|구성종목|산업·국가 비중|분배 일정|실제 분배금 이력|필드별 출처
0127P0,ACE 미국대형성장주액티브,naver_internal_unresolved,,CRSP US Large Cap Growth Index(PR),thin,18,D,low,low,low,low,none,0,3,false,표준 KRX 코드|상세 메타데이터|운용사|상품 설명·투자 목적|구성종목|산업·국가 비중|분배 일정|실제 분배금 이력|필드별 출처
0127R0,RISE 미국AI클라우드인프라,naver_internal_unresolved,,Akros 미국 AI 클라우드 인프라 지수(Price Return),thin,18,D,low,low,low,low,none,0,3,false,표준 KRX 코드|상세 메타데이터|운용사|상품 설명·투자 목적|구성종목|산업·국가 비중|분배 일정|실제 분배금 이력|필드별 출처
0127T0,KIWOOM 미국S&P500&배당다우존스비중전환,naver_internal_unresolved,,S&P500 생애배당다우존스 2040 지수,thin,18,D,low,low,low,low,none,0,4,false,표준 KRX 코드|상세 메타데이터|운용사|상품 설명·투자 목적|구성종목|산업·국가 비중|분배 일정|실제 분배금 이력|필드별 출처
0127V0,KIWOOM 미국S&P500 TOP10&배당다우비중전환,naver_internal_unresolved,,S&P500 TOP10 생애배당다우존스 2040 지수,thin,18,D,low,low,low,low,none,0,4,false,표준 KRX 코드|상세 메타데이터|운용사|상품 설명·투자 목적|구성종목|산업·국가 비중|분배 일정|실제 분배금 이력|필드별 출처
0128D0,PLUS 차이나항셍테크위클리타겟커버드콜,naver_internal_unresolved,,HSTECH 15% Target Premium Weekly Covered Call Index,thin,18,D,low,low,low,low,none,0,4,false,표준 KRX 코드|상세 메타데이터|운용사|상품 설명·투자 목적|구성종목|산업·국가 비중|분배 일정|실제 분배금 이력|필드별 출처
0131A0,SOL 차이나소비트렌드,naver_internal_unresolved,,SOLACTIVE-KEDI CHINA CONSUMER TREND INDEX(PR),thin,18,D,low,low,low,low,none,0,3,false,표준 KRX 코드|상세 메타데이터|운용사|상품 설명·투자 목적|구성종목|산업·국가 비중|분배 일정|실제 분배금 이력|필드별 출처
0131V0,1Q 미국우주항공테크,naver_internal_unresolved,,Akros 미국우주항공테크 지수,thin,18,D,low,low,low,low,none,0,3,false,표준 KRX 코드|상세 메타데이터|운용사|상품 설명·투자 목적|구성종목|산업·국가 비중|분배 일정|실제 분배금 이력|필드별 출처
0131W0,1Q 단기특수은행채액티브,naver_internal_unresolved,,KIS 단기특수은행채 지수(총수익),thin,18,D,low,low,low,low,none,0,3,false,표준 KRX 코드|상세 메타데이터|운용사|상품 설명·투자 목적|구성종목|산업·국가 비중|분배 일정|실제 분배금 이력|필드별 출처
0132D0,KoAct 글로벌K컬처밸류체인액티브,naver_internal_unresolved,,KEDI 글로벌 K컬처밸류체인 지수(PR),thin,18,D,low,low,low,low,none,0,3,false,표준 KRX 코드|상세 메타데이터|운용사|상품 설명·투자 목적|구성종목|산업·국가 비중|분배 일정|실제 분배금 이력|필드별 출처
0132H0,KODEX 미국원자력SMR,naver_internal_unresolved,,iSelect 미국원자력SMR 지수(Price Return),thin,18,D,low,low,low,low,none,0,3,false,표준 KRX 코드|상세 메타데이터|운용사|상품 설명·투자 목적|구성종목|산업·국가 비중|분배 일정|실제 분배금 이력|필드별 출처
0132K0,PLUS 테슬라위클리커버드콜채권혼합,naver_internal_unresolved,,Akros 테슬라 위클리 커버드콜 채권혼합 지수,thin,18,D,low,low,low,low,none,0,4,false,표준 KRX 코드|상세 메타데이터|운용사|상품 설명·투자 목적|구성종목|산업·국가 비중|분배 일정|실제 분배금 이력|필드별 출처
0133E0,TIGER 차이나증권,naver_internal_unresolved,,Solactive China Securities Index (Price Return),thin,18,D,low,low,low,low,none,0,3,false,표준 KRX 코드|상세 메타데이터|운용사|상품 설명·투자 목적|구성종목|산업·국가 비중|분배 일정|실제 분배금 이력|필드별 출처
0135Y0,IBK 중기종합채권(AA-이상)액티브,naver_internal_unresolved,,"KIS 중기종합채권 (1~5Y, AA-이상, 총수익)",thin,18,D,low,low,low,low,none,0,4,false,표준 KRX 코드|상세 메타데이터|운용사|상품 설명·투자 목적|구성종목|산업·국가 비중|분배 일정|실제 분배금 이력|필드별 출처
0137V0,KIWOOM 미국S&P500모멘텀,naver_internal_unresolved,,S&P500 모멘텀 지수,thin,18,D,low,low,low,low,none,0,4,false,표준 KRX 코드|상세 메타데이터|운용사|상품 설명·투자 목적|구성종목|산업·국가 비중|분배 일정|실제 분배금 이력|필드별 출처
0137W0,KIWOOM 미국S&P500&GOLD,naver_internal_unresolved,,S&P500 & S&P GSCI 금현물 90/10 혼합지수,thin,18,D,low,low,low,low,none,0,4,false,표준 KRX 코드|상세 메타데이터|운용사|상품 설명·투자 목적|구성종목|산업·국가 비중|분배 일정|실제 분배금 이력|필드별 출처
0138D0,RISE 동학개미,naver_internal_unresolved,,FnGuide 동학개미 지수,enriched,48,C,low,low,medium,low,none,10,3,true,표준 KRX 코드|운용사|상품 설명·투자 목적|산업·국가 비중|분배 일정|실제 분배금 이력
0138T0,RISE 미국S&P500데일리고정커버드콜,naver_internal_unresolved,,S&P500 10% Daily Fixed Covered Call Index,thin,18,D,low,low,low,low,none,0,5,false,표준 KRX 코드|상세 메타데이터|운용사|상품 설명·투자 목적|구성종목|산업·국가 비중|분배 일정|실제 분배금 이력|필드별 출처
0138Y0,PLUS 금채권혼합,naver_internal_unresolved,,Akros 미국 금현물 ETF 채권혼합 지수,thin,18,D,low,low,low,low,none,0,3,false,표준 KRX 코드|상세 메타데이터|운용사|상품 설명·투자 목적|구성종목|산업·국가 비중|분배 일정|실제 분배금 이력|필드별 출처
0139F0,TIGER 12월자동연장금융채(AA-이상)액티브,naver_internal_unresolved,,KIS 12월 만기 자동연장금융채(AA-이상) 총수익지수,thin,18,D,low,low,low,low,none,0,4,false,표준 KRX 코드|상세 메타데이터|운용사|상품 설명·투자 목적|구성종목|산업·국가 비중|분배 일정|실제 분배금 이력|필드별 출처
0139P0,ACE 고배당주,naver_internal_unresolved,,KRX-Akros 고배당주 20 지수,enriched,48,C,low,low,medium,low,none,10,4,true,표준 KRX 코드|운용사|상품 설명·투자 목적|산업·국가 비중|분배 일정|실제 분배금 이력
0141S0,SOL 조선기자재,naver_internal_unresolved,,FnGuide 조선기자재 지수(PR),enriched,48,C,low,low,medium,low,none,10,4,true,표준 KRX 코드|운용사|상품 설명·투자 목적|산업·국가 비중|분배 일정|실제 분배금 이력
0141T0,SOL 중기종합채권(AA-이상)액티브,naver_internal_unresolved,,"KAP K-중기종합채권지수(AA-이상,총수익)",thin,18,D,low,low,low,low,none,0,4,false,표준 KRX 코드|상세 메타데이터|운용사|상품 설명·투자 목적|구성종목|산업·국가 비중|분배 일정|실제 분배금 이력|필드별 출처
0142D0,TIGER 미국AI데이터센터TOP4Plus,naver_internal_unresolved,,Akros U.S. AI Data Center TOP4 Plus 지수(PR),thin,18,D,low,low,low,low,none,0,3,false,표준 KRX 코드|상세 메타데이터|운용사|상품 설명·투자 목적|구성종목|산업·국가 비중|분배 일정|실제 분배금 이력|필드별 출처
0144L0,KODEX 미국성장커버드콜액티브,naver_internal_unresolved,,NASDAQ 100,thin,18,D,low,low,low,low,none,0,5,false,표준 KRX 코드|상세 메타데이터|운용사|상품 설명·투자 목적|구성종목|산업·국가 비중|분배 일정|실제 분배금 이력|필드별 출처
0144M0,KODEX 미국드론UAM TOP10,naver_internal_unresolved,,iSelect 미국드론UAM TOP10 지수(Price Return),thin,18,D,low,low,low,low,none,0,3,false,표준 KRX 코드|상세 메타데이터|운용사|상품 설명·투자 목적|구성종목|산업·국가 비중|분배 일정|실제 분배금 이력|필드별 출처
0148J0,TIGER 코리아휴머노이드로봇산업,naver_internal_unresolved,,KEDI 코리아 휴머노이드로봇산업 지수 (PR),enriched,48,C,low,low,medium,low,none,10,4,true,표준 KRX 코드|운용사|상품 설명·투자 목적|산업·국가 비중|분배 일정|실제 분배금 이력
0150K0,KoAct 수소전력ESS인프라액티브,naver_internal_unresolved,,FnGuide 수소전력ESS인프라 지수(PR),enriched,52,C,low,low,medium,medium,none,10,4,true,표준 KRX 코드|운용사|상품 설명·투자 목적|산업·국가 비중|분배 일정|실제 분배금 이력
0151P0,RISE 코리아전략산업액티브,naver_internal_unresolved,,KAP 코리아전략산업지수,enriched,52,C,low,low,medium,medium,none,10,4,true,표준 KRX 코드|운용사|상품 설명·투자 목적|산업·국가 비중|분배 일정|실제 분배금 이력
0151S0,KODEX 미국AI반도체TOP3플러스,naver_internal_unresolved,,Akros 미국 AI 반도체 Top 3 플러스 지수 (Price Return),thin,18,D,low,low,low,low,none,0,3,false,표준 KRX 코드|상세 메타데이터|운용사|상품 설명·투자 목적|구성종목|산업·국가 비중|분배 일정|실제 분배금 이력|필드별 출처
0152E0,SOL 배당성향탑픽액티브,naver_internal_unresolved,,FnGuide 배당성향탑픽 지수(PR),enriched,52,C,low,low,medium,medium,none,10,5,true,표준 KRX 코드|운용사|상품 설명·투자 목적|산업·국가 비중|분배 일정|실제 분배금 이력
0153K0,KODEX 주주환원고배당주,naver_internal_unresolved,,Akros 주주환원 고배당 지수 (Price Return),enriched,48,C,low,low,medium,low,none,10,5,true,표준 KRX 코드|운용사|상품 설명·투자 목적|산업·국가 비중|분배 일정|실제 분배금 이력
0153P0,ACE 리츠부동산인프라액티브,naver_internal_unresolved,,FnGuide 맥쿼리인프라 배당 리츠 지수 (시장가격),enriched,52,C,low,low,medium,medium,none,10,3,true,표준 KRX 코드|운용사|상품 설명·투자 목적|산업·국가 비중|분배 일정|실제 분배금 이력
0153X0,PLUS 미국고배당주액티브,naver_internal_unresolved,,Akros 미국 고배당주 20 지수,thin,18,D,low,low,low,low,none,0,3,false,표준 KRX 코드|상세 메타데이터|운용사|상품 설명·투자 목적|구성종목|산업·국가 비중|분배 일정|실제 분배금 이력|필드별 출처
0154F0,WON 초대형IB&금융지주,naver_internal_unresolved,,iSelect 초대형IB&금융지주 지수,enriched,48,C,low,low,medium,low,none,10,4,true,표준 KRX 코드|운용사|상품 설명·투자 목적|산업·국가 비중|분배 일정|실제 분배금 이력
0154H0,KoAct 차이나바이오헬스케어액티브,naver_internal_unresolved,,Solactive 차이나바이오헬스케어지수 PR,thin,18,D,low,low,low,low,none,0,3,false,표준 KRX 코드|상세 메타데이터|운용사|상품 설명·투자 목적|구성종목|산업·국가 비중|분배 일정|실제 분배금 이력|필드별 출처
0155M0,ACE 미국SMR원자력TOP10,naver_internal_unresolved,,Solactive US SMR Nuclear TOP 10 Index (Price Return),thin,18,D,low,low,low,low,none,0,3,false,표준 KRX 코드|상세 메타데이터|운용사|상품 설명·투자 목적|구성종목|산업·국가 비중|분배 일정|실제 분배금 이력|필드별 출처
0155N0,HANARO K휴머노이드테마TOP10,naver_internal_unresolved,,iSelect K휴머노이드테마TOP10 지수,enriched,48,C,low,low,medium,low,none,10,4,true,표준 KRX 코드|운용사|상품 설명·투자 목적|산업·국가 비중|분배 일정|실제 분배금 이력
0162L0,KODEX 차이나AI반도체TOP10,naver_internal_unresolved,,Indxx China AI Semiconductor Top 10 Index (Price Return),thin,18,D,low,low,low,low,none,0,3,false,표준 KRX 코드|상세 메타데이터|운용사|상품 설명·투자 목적|구성종목|산업·국가 비중|분배 일정|실제 분배금 이력|필드별 출처
0162M0,KODEX 금융채1~2년(AA-이상)PLUS액티브,naver_internal_unresolved,,KAP 금융채 1-2년 총수익 지수,thin,18,D,low,low,low,low,none,0,4,false,표준 KRX 코드|상세 메타데이터|운용사|상품 설명·투자 목적|구성종목|산업·국가 비중|분배 일정|실제 분배금 이력|필드별 출처
0162Y0,TIME 코스닥액티브,naver_internal_unresolved,,코스닥,enriched,52,C,low,low,medium,medium,none,10,4,true,표준 KRX 코드|운용사|상품 설명·투자 목적|산업·국가 비중|분배 일정|실제 분배금 이력
0162Z0,RISE 삼성전자SK하이닉스채권혼합50,naver_internal_unresolved,,KAP 삼성전자SK하이닉스채권혼합50 지수,thin,18,D,low,low,low,low,none,0,3,false,표준 KRX 코드|상세 메타데이터|운용사|상품 설명·투자 목적|구성종목|산업·국가 비중|분배 일정|실제 분배금 이력|필드별 출처
0163Y0,KoAct 코스닥액티브,naver_internal_unresolved,,코스닥,enriched,52,C,low,low,medium,medium,none,10,4,true,표준 KRX 코드|운용사|상품 설명·투자 목적|산업·국가 비중|분배 일정|실제 분배금 이력
0164G0,RISE 차이나AI반도체TOP4Plus,naver_internal_unresolved,,Solactive China AI Semiconductor TOP 4 Plus Index,thin,18,D,low,low,low,low,none,0,3,false,표준 KRX 코드|상세 메타데이터|운용사|상품 설명·투자 목적|구성종목|산업·국가 비중|분배 일정|실제 분배금 이력|필드별 출처
0166N0,PLUS 코스닥150액티브,naver_internal_unresolved,,코스닥 150,enriched,52,C,low,low,medium,medium,none,10,3,true,표준 KRX 코드|운용사|상품 설명·투자 목적|산업·국가 비중|분배 일정|실제 분배금 이력
0166S0,PLUS K제조업핵심기업액티브,naver_internal_unresolved,,Akros K제조업 50 지수,enriched,52,C,low,low,medium,medium,none,10,4,true,표준 KRX 코드|운용사|상품 설명·투자 목적|산업·국가 비중|분배 일정|실제 분배금 이력
0166T0,PLUS 글로벌저작권핵심기업액티브,naver_internal_unresolved,,iSelect 미국AI지적재산 지수(PR),thin,18,D,low,low,low,low,none,0,3,false,표준 KRX 코드|상세 메타데이터|운용사|상품 설명·투자 목적|구성종목|산업·국가 비중|분배 일정|실제 분배금 이력|필드별 출처
0167A0,SOL AI반도체TOP2플러스,naver_internal_unresolved,,FnGuide AI반도체 TOP2 플러스 지수(PR),enriched,48,C,low,low,medium,low,none,10,4,true,표준 KRX 코드|운용사|상품 설명·투자 목적|산업·국가 비중|분배 일정|실제 분배금 이력
0167B0,SOL 200타겟위클리커버드콜,naver_internal_unresolved,,코스피 200 타겟 15% 위클리 커버드콜 지수,enriched,52,C,low,low,medium,medium,none,10,5,true,표준 KRX 코드|운용사|상품 설명·투자 목적|산업·국가 비중|분배 일정|실제 분배금 이력
0167Z0,KODEX 미국우주항공,naver_internal_unresolved,,iSelect 미국우주항공지수(Price Return),thin,18,D,low,low,low,low,none,0,3,false,표준 KRX 코드|상세 메타데이터|운용사|상품 설명·투자 목적|구성종목|산업·국가 비중|분배 일정|실제 분배금 이력|필드별 출처
0168K0,TIGER 기술이전바이오액티브,naver_internal_unresolved,,KRX 기술이전 바이오 지수,enriched,52,C,low,low,medium,medium,none,10,4,true,표준 KRX 코드|운용사|상품 설명·투자 목적|산업·국가 비중|분배 일정|실제 분배금 이력
0172V0,1Q 은액티브,naver_internal_unresolved,,Bloomberg Blended Silver Spot USD index,thin,18,D,low,low,low,low,none,0,3,false,표준 KRX 코드|상세 메타데이터|운용사|상품 설명·투자 목적|구성종목|산업·국가 비중|분배 일정|실제 분배금 이력|필드별 출처
0172Y0,ACE K수출핵심TOP10산업액티브,naver_internal_unresolved,,iSelect K수출핵심산업 지수 (시장가격),enriched,52,C,low,low,medium,medium,none,10,3,true,표준 KRX 코드|운용사|상품 설명·투자 목적|산업·국가 비중|분배 일정|실제 분배금 이력
0173Y0,KODEX 미국AI광통신네트워크,naver_internal_unresolved,,Akros 미국 AI 광통신 및 네트워크 인프라 지수(PR),thin,18,D,low,low,low,low,none,0,3,false,표준 KRX 코드|상세 메타데이터|운용사|상품 설명·투자 목적|구성종목|산업·국가 비중|분배 일정|실제 분배금 이력|필드별 출처
0174B0,KoAct 글로벌AI메모리반도체액티브,naver_internal_unresolved,,Solactive 글로벌AI메모리반도체 지수 (PR),thin,18,D,low,low,low,low,none,0,3,false,표준 KRX 코드|상세 메타데이터|운용사|상품 설명·투자 목적|구성종목|산업·국가 비중|분배 일정|실제 분배금 이력|필드별 출처
0174J0,DAISHIN343 오피스리츠플러스,naver_internal_unresolved,,KRX 프라임 오피스 리츠 지수,enriched,48,C,low,low,medium,low,none,10,3,true,표준 KRX 코드|운용사|상품 설명·투자 목적|산업·국가 비중|분배 일정|실제 분배금 이력
0174R0,KIWOOM 미국성장다우존스,naver_internal_unresolved,,미국성장다우존스 지수,thin,18,D,low,low,low,low,none,0,3,false,표준 KRX 코드|상세 메타데이터|운용사|상품 설명·투자 목적|구성종목|산업·국가 비중|분배 일정|실제 분배금 이력|필드별 출처
0176E0,RISE 미국AI전력인프라액티브,naver_internal_unresolved,,Solactive US AI Electricity Infrastructure Index PR,thin,18,D,low,low,low,low,none,0,3,false,표준 KRX 코드|상세 메타데이터|운용사|상품 설명·투자 목적|구성종목|산업·국가 비중|분배 일정|실제 분배금 이력|필드별 출처
0176P0,FOCUS AI반도체위클리고정커버드콜,naver_internal_unresolved,,AI 반도체 위클리 고정 30% 커버드콜 지수,enriched,52,C,low,low,medium,medium,none,10,5,true,표준 KRX 코드|운용사|상품 설명·투자 목적|산업·국가 비중|분배 일정|실제 분배금 이력
0177A0,WON 두산그룹포커스,naver_internal_unresolved,,iSelect 두산그룹 포커스 지수,enriched,48,C,low,low,medium,low,none,10,4,true,표준 KRX 코드|운용사|상품 설명·투자 목적|산업·국가 비중|분배 일정|실제 분배금 이력
0177N0,KODEX 삼성전자SK하이닉스채권혼합50,naver_internal_unresolved,,Wise 삼성전자 SK하이닉스 채권혼합 지수,thin,18,D,low,low,low,low,none,0,3,false,표준 KRX 코드|상세 메타데이터|운용사|상품 설명·투자 목적|구성종목|산업·국가 비중|분배 일정|실제 분배금 이력|필드별 출처
0177R0,TIGER 반도체TOP10커버드콜액티브,naver_internal_unresolved,,FnGuide 반도체 TOP10 Capped 지수(Price Return),enriched,52,C,low,low,medium,medium,none,10,5,true,표준 KRX 코드|운용사|상품 설명·투자 목적|산업·국가 비중|분배 일정|실제 분배금 이력
0177X0,ACE K휴머노이드로봇산업TOP2+,naver_internal_unresolved,,Akros K-휴머노이드 로봇 TOP2+ 지수 (시장가격),enriched,48,C,low,low,medium,low,none,10,4,true,표준 KRX 코드|운용사|상품 설명·투자 목적|산업·국가 비중|분배 일정|실제 분배금 이력
0178H0,IBK 미국AI TOP10국채혼합50,naver_internal_unresolved,,FnGuide 미국AI TOP10국채혼합 지수,thin,18,D,low,low,low,low,none,0,4,false,표준 KRX 코드|상세 메타데이터|운용사|상품 설명·투자 목적|구성종목|산업·국가 비중|분배 일정|실제 분배금 이력|필드별 출처
0180V0,ACE 미국우주테크액티브,naver_internal_unresolved,,FnGuide 미국스페이스테크 지수(시장가격),thin,18,D,low,low,low,low,none,0,3,false,표준 KRX 코드|상세 메타데이터|운용사|상품 설명·투자 목적|구성종목|산업·국가 비중|분배 일정|실제 분배금 이력|필드별 출처
0181B0,HANARO 미국AI메모리반도체TOP4+,naver_internal_unresolved,,Solactive US AI Memory Semiconductor Top4+ Index,thin,18,D,low,low,low,low,none,0,3,false,표준 KRX 코드|상세 메타데이터|운용사|상품 설명·투자 목적|구성종목|산업·국가 비중|분배 일정|실제 분배금 이력|필드별 출처
0181L0,SOL 미국우주항공TOP10,naver_internal_unresolved,,KEDI 미국우주항공 TOP10(PR),thin,18,D,low,low,low,low,none,0,3,false,표준 KRX 코드|상세 메타데이터|운용사|상품 설명·투자 목적|구성종목|산업·국가 비중|분배 일정|실제 분배금 이력|필드별 출처
0182R0,1Q K반도체TOP2+,naver_internal_unresolved,,NICE K반도체 TOP2 MAX+ 지수,enriched,48,C,low,low,medium,low,none,10,4,true,표준 KRX 코드|운용사|상품 설명·투자 목적|산업·국가 비중|분배 일정|실제 분배금 이력
0182S0,1Q K반도체TOP2채권혼합50,naver_internal_unresolved,,KEDI K반도체TOP2채권혼합 지수,thin,18,D,low,low,low,low,none,0,3,false,표준 KRX 코드|상세 메타데이터|운용사|상품 설명·투자 목적|구성종목|산업·국가 비중|분배 일정|실제 분배금 이력|필드별 출처
0183J0,TIGER 미국우주테크,naver_internal_unresolved,,Akros U.S. Space Tech 지수(PR),thin,18,D,low,low,low,low,none,0,3,false,표준 KRX 코드|상세 메타데이터|운용사|상품 설명·투자 목적|구성종목|산업·국가 비중|분배 일정|실제 분배금 이력|필드별 출처
0183V0,KIWOOM 삼성전자&SK하이닉스채권혼합50,naver_internal_unresolved,,FnGuide 삼성전자 & SK하이닉스 채권혼합 지수,thin,18,D,low,low,low,low,none,0,3,false,표준 KRX 코드|상세 메타데이터|운용사|상품 설명·투자 목적|구성종목|산업·국가 비중|분배 일정|실제 분배금 이력|필드별 출처
0184E0,1Q 200채권혼합50액티브,naver_internal_unresolved,,코스피 200 단기국공채 혼합지수,thin,18,D,low,low,low,low,none,0,4,false,표준 KRX 코드|상세 메타데이터|운용사|상품 설명·투자 목적|구성종목|산업·국가 비중|분배 일정|실제 분배금 이력|필드별 출처
0184L0,PLUS 중기종합채권(A-이상)액티브,naver_internal_unresolved,,KIS 중기종합채권(A-이상) 지수(총수익),thin,18,D,low,low,low,low,none,0,3,false,표준 KRX 코드|상세 메타데이터|운용사|상품 설명·투자 목적|구성종목|산업·국가 비중|분배 일정|실제 분배금 이력|필드별 출처
0184N0,PLUS 은채권혼합,naver_internal_unresolved,,Akros 은 채권혼합 지수,thin,18,D,low,low,low,low,none,0,3,false,표준 KRX 코드|상세 메타데이터|운용사|상품 설명·투자 목적|구성종목|산업·국가 비중|분배 일정|실제 분배금 이력|필드별 출처
0184V0,UNICORN K바이오액티브,naver_internal_unresolved,,FnGuide K-바이오 밸런스드 지수,enriched,52,C,low,low,medium,medium,none,10,4,true,표준 KRX 코드|운용사|상품 설명·투자 목적|산업·국가 비중|분배 일정|실제 분배금 이력
0185L0,TIME 글로벌휴머노이드로봇산업액티브,naver_internal_unresolved,,Solactive Global AI Humanoid Robotics 지수(원화환산)(PR),thin,18,D,low,low,low,low,none,0,3,false,표준 KRX 코드|상세 메타데이터|운용사|상품 설명·투자 목적|구성종목|산업·국가 비중|분배 일정|실제 분배금 이력|필드별 출처
0186L0,KoAct 미국로봇피지컬AI액티브,naver_internal_unresolved,,iSelect 미국로봇피지컬AI지수,thin,18,D,low,low,low,low,none,0,3,false,표준 KRX 코드|상세 메타데이터|운용사|상품 설명·투자 목적|구성종목|산업·국가 비중|분배 일정|실제 분배금 이력|필드별 출처
0186S0,1Q 코스닥150채권혼합50액티브,naver_internal_unresolved,,코스닥 150 단기국공채 혼합지수,thin,18,D,low,low,low,low,none,0,3,false,표준 KRX 코드|상세 메타데이터|운용사|상품 설명·투자 목적|구성종목|산업·국가 비중|분배 일정|실제 분배금 이력|필드별 출처
0189B0,TIGER 은액티브,naver_internal_unresolved,,ICE Silver Spot 지수 (시장가격),thin,18,D,low,low,low,low,none,0,3,false,표준 KRX 코드|상세 메타데이터|운용사|상품 설명·투자 목적|구성종목|산업·국가 비중|분배 일정|실제 분배금 이력|필드별 출처
0189Z0,DAISHIN343 금융&지주고배당,naver_internal_unresolved,,KRX-Akros 금융 & 지주 고배당 지수,enriched,48,C,low,low,medium,low,none,10,5,true,표준 KRX 코드|운용사|상품 설명·투자 목적|산업·국가 비중|분배 일정|실제 분배금 이력
0190C0,RISE 현대차고정피지컬AI,naver_internal_unresolved,,KEDI 현대차고정피지컬AI 지수,enriched,48,C,low,low,medium,low,none,10,4,true,표준 KRX 코드|운용사|상품 설명·투자 목적|산업·국가 비중|분배 일정|실제 분배금 이력
0190G0,KODEX 반도체타겟위클리커버드콜,naver_internal_unresolved,,KRX 반도체 타겟 9% 분배 위클리 커버드콜 지수,enriched,52,C,low,low,medium,medium,none,10,5,true,표준 KRX 코드|운용사|상품 설명·투자 목적|산업·국가 비중|분배 일정|실제 분배금 이력
0190M0,KIWOOM 미국AI테크하이베타,naver_internal_unresolved,,Akros 미국AI&프론티어테크 하이베타 지수,thin,18,D,low,low,low,low,none,0,3,false,표준 KRX 코드|상세 메타데이터|운용사|상품 설명·투자 목적|구성종목|산업·국가 비중|분배 일정|실제 분배금 이력|필드별 출처
0190Y0,TIGER 구글밸류체인,naver_internal_unresolved,,Akros Google Value Chain 지수 (Price Return),thin,18,D,low,low,low,low,none,0,3,false,표준 KRX 코드|상세 메타데이터|운용사|상품 설명·투자 목적|구성종목|산업·국가 비중|분배 일정|실제 분배금 이력|필드별 출처
0191B0,MIDAS 코스닥액티브,naver_internal_unresolved,,코스닥,enriched,52,C,low,low,medium,medium,none,10,4,true,표준 KRX 코드|운용사|상품 설명·투자 목적|산업·국가 비중|분배 일정|실제 분배금 이력
0191M0,마이티 5월만기자동연장특수채(AAA)액티브,naver_internal_unresolved,,KAP 5월 만기자동연장 특수채(AAA) 총수익 지수,thin,18,D,low,low,low,low,none,0,3,false,표준 KRX 코드|상세 메타데이터|운용사|상품 설명·투자 목적|구성종목|산업·국가 비중|분배 일정|실제 분배금 이력|필드별 출처
0191S0,IBK 코스닥150,naver_internal_unresolved,,코스닥 150,enriched,48,C,low,low,medium,low,none,10,3,true,표준 KRX 코드|운용사|상품 설명·투자 목적|산업·국가 비중|분배 일정|실제 분배금 이력
0191W0,HANARO 중기종합채권(A-이상)액티브,naver_internal_unresolved,,KIS 중기종합채권시장 A-이상 총수익지수,thin,18,D,low,low,low,low,none,0,3,false,표준 KRX 코드|상세 메타데이터|운용사|상품 설명·투자 목적|구성종목|산업·국가 비중|분배 일정|실제 분배금 이력|필드별 출처
0192L0,RISE SK하이닉스단일종목레버리지,naver_internal_unresolved,,KRX SK하이닉스 지수,enriched,52,C,low,low,medium,medium,none,1,5,true,표준 KRX 코드|운용사|상품 설명·투자 목적|산업·국가 비중|분배 일정|실제 분배금 이력
0192M0,RISE 삼성전자단일종목레버리지,naver_internal_unresolved,,KRX 삼성전자 지수,enriched,52,C,low,low,medium,medium,none,1,5,true,표준 KRX 코드|운용사|상품 설명·투자 목적|산업·국가 비중|분배 일정|실제 분배금 이력
0192S0,SOL 코스피200채권혼합50,naver_internal_unresolved,,코스피 200 KTB 혼합지수,thin,18,D,low,low,low,low,none,0,4,false,표준 KRX 코드|상세 메타데이터|운용사|상품 설명·투자 목적|구성종목|산업·국가 비중|분배 일정|실제 분배금 이력|필드별 출처
0192T0,SOL 코스닥TOP10,naver_internal_unresolved,,코스닥 TOP 10 지수,enriched,48,C,low,low,medium,low,none,10,6,true,표준 KRX 코드|운용사|상품 설명·투자 목적|산업·국가 비중|분배 일정|실제 분배금 이력
0192Z0,TIGER 중기종합채권(A-이상)액티브,naver_internal_unresolved,,NICE 중기종합채권(A-이상)(총수익지수),thin,18,D,low,low,low,low,none,0,3,false,표준 KRX 코드|상세 메타데이터|운용사|상품 설명·투자 목적|구성종목|산업·국가 비중|분배 일정|실제 분배금 이력|필드별 출처
0193G0,KoAct 코스피액티브,naver_internal_unresolved,,코스피,enriched,52,C,low,low,medium,medium,none,10,4,true,표준 KRX 코드|운용사|상품 설명·투자 목적|산업·국가 비중|분배 일정|실제 분배금 이력
0193K0,PLUS 삼성전자단일종목레버리지,naver_internal_unresolved,,KRX 삼성전자 지수,enriched,52,C,low,low,medium,medium,none,3,5,true,표준 KRX 코드|운용사|상품 설명·투자 목적|산업·국가 비중|분배 일정|실제 분배금 이력
0193L0,PLUS 삼성전자선물단일종목인버스2X,naver_internal_unresolved,한화자산운용,KRX 삼성전자 선물 인버스 -2X 지수,enriched,75,A,medium,low,medium,medium,low,2,5,true,표준 KRX 코드|상품 설명·투자 목적|산업·국가 비중|실제 분배금 이력
0193M0,BNK 27-12 특수채(AAA이상)액티브,naver_internal_unresolved,,KAP 27-12 특수채 총수익 지수(AAA이상),thin,18,D,low,low,low,low,none,0,4,false,표준 KRX 코드|상세 메타데이터|운용사|상품 설명·투자 목적|구성종목|산업·국가 비중|분배 일정|실제 분배금 이력|필드별 출처
0193T0,KODEX SK하이닉스단일종목레버리지,naver_internal_unresolved,,KRX SK하이닉스 지수,enriched,52,C,low,low,medium,medium,none,1,5,true,표준 KRX 코드|운용사|상품 설명·투자 목적|산업·국가 비중|분배 일정|실제 분배금 이력
0193W0,KODEX 삼성전자단일종목레버리지,naver_internal_unresolved,,KRX 삼성전자 지수,enriched,52,C,low,low,medium,medium,none,1,5,true,표준 KRX 코드|운용사|상품 설명·투자 목적|산업·국가 비중|분배 일정|실제 분배금 이력
0194M0,ACE 삼성전자단일종목레버리지,naver_internal_unresolved,,KRX 삼성전자 지수,enriched,52,C,low,low,medium,medium,none,2,5,true,표준 KRX 코드|운용사|상품 설명·투자 목적|산업·국가 비중|분배 일정|실제 분배금 이력
0194N0,KIWOOM 삼성전자선물단일종목레버리지,naver_internal_unresolved,,KRX 삼성전자 선물 지수,enriched,52,C,low,low,medium,medium,none,1,5,true,표준 KRX 코드|운용사|상품 설명·투자 목적|산업·국가 비중|분배 일정|실제 분배금 이력
0194R0,KIWOOM SK하이닉스선물단일종목레버리지,naver_internal_unresolved,,KRX SK하이닉스 선물 지수,enriched,52,C,low,low,medium,medium,none,1,5,true,표준 KRX 코드|운용사|상품 설명·투자 목적|산업·국가 비중|분배 일정|실제 분배금 이력
0194T0,ACE SK하이닉스단일종목레버리지,naver_internal_unresolved,,KRX SK하이닉스 지수,enriched,52,C,low,low,medium,medium,none,2,5,true,표준 KRX 코드|운용사|상품 설명·투자 목적|산업·국가 비중|분배 일정|실제 분배금 이력
0195R0,TIGER 삼성전자단일종목레버리지,naver_internal_unresolved,,KRX 삼성전자 지수,enriched,52,C,low,low,medium,medium,none,1,5,true,표준 KRX 코드|운용사|상품 설명·투자 목적|산업·국가 비중|분배 일정|실제 분배금 이력
0195S0,TIGER SK하이닉스단일종목레버리지,naver_internal_unresolved,,KRX SK하이닉스 지수,enriched,52,C,low,low,medium,medium,none,1,5,true,표준 KRX 코드|운용사|상품 설명·투자 목적|산업·국가 비중|분배 일정|실제 분배금 이력
0197W0,SOL SK하이닉스단일종목레버리지,naver_internal_unresolved,,KRX SK하이닉스 지수,enriched,52,C,low,low,medium,medium,none,1,5,true,표준 KRX 코드|운용사|상품 설명·투자 목적|산업·국가 비중|분배 일정|실제 분배금 이력
0197X0,SOL SK하이닉스선물단일종목인버스2X,naver_internal_unresolved,,KRX SK하이닉스 선물 지수,thin,18,D,low,low,low,low,none,0,5,false,표준 KRX 코드|상세 메타데이터|운용사|상품 설명·투자 목적|구성종목|산업·국가 비중|분배 일정|실제 분배금 이력|필드별 출처
0198A0,KIWOOM 코스닥150커버드콜액티브,naver_internal_unresolved,,코스닥 150 위클리 고정 30% 커버드콜 지수,enriched,52,C,low,low,medium,medium,none,10,4,true,표준 KRX 코드|운용사|상품 설명·투자 목적|산업·국가 비중|분배 일정|실제 분배금 이력
0198B0,1Q 삼성전자선물단일종목레버리지,naver_internal_unresolved,,KRX 삼성전자 선물 지수,enriched,52,C,low,low,medium,medium,none,1,5,true,표준 KRX 코드|운용사|상품 설명·투자 목적|산업·국가 비중|분배 일정|실제 분배금 이력
0198D0,1Q SK하이닉스선물단일종목레버리지,naver_internal_unresolved,,KRX SK하이닉스 선물 지수,enriched,52,C,low,low,medium,medium,none,1,5,true,표준 KRX 코드|운용사|상품 설명·투자 목적|산업·국가 비중|분배 일정|실제 분배금 이력
0199C0,ACE 고배당주Plus커버드콜액티브,naver_internal_unresolved,,KRX-Akros 고배당주 20 위클리 고정 30% 커버드콜 지수,enriched,52,C,low,low,medium,medium,none,10,6,true,표준 KRX 코드|운용사|상품 설명·투자 목적|산업·국가 비중|분배 일정|실제 분배금 이력
0203D0,PLUS 200위클리커버드콜채권혼합,naver_internal_unresolved,,코스피 200 KTB 혼합 위클리 고정 10% 커버드콜 지수,thin,18,D,low,low,low,low,none,0,5,false,표준 KRX 코드|상세 메타데이터|운용사|상품 설명·투자 목적|구성종목|산업·국가 비중|분배 일정|실제 분배금 이력|필드별 출처
0203R0,WON 중단기종합채권(A-이상)액티브,naver_internal_unresolved,,KAP 중단기 종합채권 총수익 지수(A-이상),thin,18,D,low,low,low,low,none,0,3,false,표준 KRX 코드|상세 메타데이터|운용사|상품 설명·투자 목적|구성종목|산업·국가 비중|분배 일정|실제 분배금 이력|필드별 출처
0203S0,WON 삼성전자현대차채권혼합50,naver_internal_unresolved,,KAP 삼성전자현대차채권혼합지수,thin,18,D,low,low,low,low,none,0,3,false,표준 KRX 코드|상세 메타데이터|운용사|상품 설명·투자 목적|구성종목|산업·국가 비중|분배 일정|실제 분배금 이력|필드별 출처
0204D0,KODEX 현대차로보틱스밸류체인TOP3플러스,naver_internal_unresolved,,Akros 현대차로보틱스 밸류체인 TOP3 플러스 지수 (PR),thin,18,D,low,low,low,low,none,0,3,false,표준 KRX 코드|상세 메타데이터|운용사|상품 설명·투자 목적|구성종목|산업·국가 비중|분배 일정|실제 분배금 이력|필드별 출처
0204S0,TIGER 코스닥액티브,naver_internal_unresolved,,코스닥,enriched,52,C,low,low,medium,medium,none,10,4,true,표준 KRX 코드|운용사|상품 설명·투자 목적|산업·국가 비중|분배 일정|실제 분배금 이력
0206G0,1Q 현대차기아채권혼합50,naver_internal_unresolved,,KEDI 현대차&기아채권혼합50지수,thin,18,D,low,low,low,low,none,0,3,false,표준 KRX 코드|상세 메타데이터|운용사|상품 설명·투자 목적|구성종목|산업·국가 비중|분배 일정|실제 분배금 이력|필드별 출처
0207G0,SOL 우주항공밸류체인,naver_internal_unresolved,,Akros 우주항공밸류체인 지수(PR),enriched,48,C,low,low,medium,low,none,10,4,true,표준 KRX 코드|운용사|상품 설명·투자 목적|산업·국가 비중|분배 일정|실제 분배금 이력
0207Z0,KIWOOM 미국우주데이터센터인프라,naver_internal_unresolved,,iSelect 미국 우주데이터센터인프라 지수,thin,18,D,low,low,low,low,none,0,3,false,표준 KRX 코드|상세 메타데이터|운용사|상품 설명·투자 목적|구성종목|산업·국가 비중|분배 일정|실제 분배금 이력|필드별 출처
0208N0,IBK 코스피액티브,naver_internal_unresolved,,코스피,enriched,52,C,low,low,medium,medium,none,10,3,true,표준 KRX 코드|운용사|상품 설명·투자 목적|산업·국가 비중|분배 일정|실제 분배금 이력
0209D0,KODEX 전고체배터리ESS TOP2플러스,naver_internal_unresolved,,Akros 한국 전고체 배터리 ESS TOP2 플러스 지수(Price Return),enriched,48,C,low,low,medium,low,none,10,4,true,표준 KRX 코드|운용사|상품 설명·투자 목적|산업·국가 비중|분배 일정|실제 분배금 이력
0209Z0,ACE 코리아AI전력TOP10,naver_internal_unresolved,,Akros 코리아 AI전력 TOP 10 지수 (시장가격),enriched,48,C,low,low,medium,low,none,10,4,true,표준 KRX 코드|운용사|상품 설명·투자 목적|산업·국가 비중|분배 일정|실제 분배금 이력
0210A0,ACE K반도체TOP2+,naver_internal_unresolved,,KRX K-AI 반도체TOP2+ 지수,enriched,48,C,low,low,medium,low,none,10,4,true,표준 KRX 코드|운용사|상품 설명·투자 목적|산업·국가 비중|분배 일정|실제 분배금 이력
0210E0,PLUS 200커버드콜액티브,naver_internal_unresolved,,코스피 200 위클리 고정 30% 커버드콜 지수,enriched,52,C,low,low,medium,medium,none,10,5,true,표준 KRX 코드|운용사|상품 설명·투자 목적|산업·국가 비중|분배 일정|실제 분배금 이력
0216K0,KIWOOM 미국우주테크TOP2채권혼합50,naver_internal_unresolved,,Akros 미국 우주 Top 2 채권혼합 지수,thin,18,D,low,low,low,low,none,0,3,false,표준 KRX 코드|상세 메타데이터|운용사|상품 설명·투자 목적|구성종목|산업·국가 비중|분배 일정|실제 분배금 이력|필드별 출처
0216Z0,ACE K방산TOP5+,naver_internal_unresolved,,KRX K-AI 방산TOP5+ 지수,enriched,48,C,low,low,medium,low,none,10,4,true,표준 KRX 코드|운용사|상품 설명·투자 목적|산업·국가 비중|분배 일정|실제 분배금 이력
069500,KODEX 200,krx_numeric,삼성자산운용(주),코스피 200,enriched,71,B,medium,low,medium,medium,low,201,4,true,상품 설명·투자 목적|산업·국가 비중|실제 분배금 이력
069660,KIWOOM 200,krx_numeric,,코스피 200,enriched,53,C,low,low,medium,low,none,10,4,true,운용사|상품 설명·투자 목적|산업·국가 비중|분배 일정|실제 분배금 이력
091160,KODEX 반도체,krx_numeric,삼성자산운용(주),KRX 반도체,enriched,71,B,medium,low,medium,medium,low,36,4,true,상품 설명·투자 목적|산업·국가 비중|실제 분배금 이력
091170,KODEX 은행,krx_numeric,,KRX 은행,enriched,53,C,low,low,medium,low,none,10,4,true,운용사|상품 설명·투자 목적|산업·국가 비중|분배 일정|실제 분배금 이력
091180,KODEX 자동차,krx_numeric,,KRX 자동차,enriched,53,C,low,low,medium,low,none,10,4,true,운용사|상품 설명·투자 목적|산업·국가 비중|분배 일정|실제 분배금 이력
091220,TIGER 은행,krx_numeric,,KRX 은행,enriched,53,C,low,low,medium,low,none,10,4,true,운용사|상품 설명·투자 목적|산업·국가 비중|분배 일정|실제 분배금 이력
091230,TIGER 반도체,krx_numeric,,KRX 반도체,enriched,53,C,low,low,medium,low,none,10,4,true,운용사|상품 설명·투자 목적|산업·국가 비중|분배 일정|실제 분배금 이력
099140,KODEX 차이나H,krx_numeric,,Hang Seng China H,thin,23,D,low,low,low,low,none,0,3,false,상세 메타데이터|운용사|상품 설명·투자 목적|구성종목|산업·국가 비중|분배 일정|실제 분배금 이력|필드별 출처
100910,KIWOOM KRX100,krx_numeric,,KRX 100,enriched,53,C,low,low,medium,low,none,10,4,true,운용사|상품 설명·투자 목적|산업·국가 비중|분배 일정|실제 분배금 이력
101280,KODEX 일본TOPIX100,krx_numeric,,TOPIX100,thin,23,D,low,low,low,low,none,0,3,false,상세 메타데이터|운용사|상품 설명·투자 목적|구성종목|산업·국가 비중|분배 일정|실제 분배금 이력|필드별 출처
102110,TIGER 200,krx_numeric,미래에셋자산운용(주),코스피 200,enriched,71,B,medium,low,medium,medium,low,200,4,true,상품 설명·투자 목적|산업·국가 비중|실제 분배금 이력
102780,KODEX 삼성그룹,krx_numeric,,삼성그룹,enriched,53,C,low,low,medium,low,none,10,3,true,운용사|상품 설명·투자 목적|산업·국가 비중|분배 일정|실제 분배금 이력
102960,KODEX 기계장비,krx_numeric,,KRX 기계장비,enriched,53,C,low,low,medium,low,none,10,4,true,운용사|상품 설명·투자 목적|산업·국가 비중|분배 일정|실제 분배금 이력
102970,KODEX 증권,krx_numeric,,KRX 증권,enriched,53,C,low,low,medium,low,none,10,4,true,운용사|상품 설명·투자 목적|산업·국가 비중|분배 일정|실제 분배금 이력
104520,KIWOOM 블루칩,krx_numeric,,MKF 블루칩,enriched,53,C,low,low,medium,low,none,10,3,true,운용사|상품 설명·투자 목적|산업·국가 비중|분배 일정|실제 분배금 이력
104530,KIWOOM 코리아고배당,krx_numeric,,MKF 웰스 고배당20,enriched,53,C,low,low,medium,low,none,10,4,true,운용사|상품 설명·투자 목적|산업·국가 비중|분배 일정|실제 분배금 이력
105010,TIGER 라틴35,krx_numeric,,BNY Latin America 35 ADR,thin,23,D,low,low,low,low,none,0,3,false,상세 메타데이터|운용사|상품 설명·투자 목적|구성종목|산업·국가 비중|분배 일정|실제 분배금 이력|필드별 출처
105190,ACE 200,krx_numeric,,코스피 200,enriched,53,C,low,low,medium,low,none,10,4,true,운용사|상품 설명·투자 목적|산업·국가 비중|분배 일정|실제 분배금 이력
105780,RISE 5대그룹주,krx_numeric,,MKF 5대그룹주,enriched,53,C,low,low,medium,low,none,10,3,true,운용사|상품 설명·투자 목적|산업·국가 비중|분배 일정|실제 분배금 이력
108450,ACE 삼성그룹섹터가중,krx_numeric,,MKF SAMs SW,enriched,53,C,low,low,medium,low,none,10,3,true,운용사|상품 설명·투자 목적|산업·국가 비중|분배 일정|실제 분배금 이력
108590,TREX 200,krx_numeric,,코스피 200,enriched,53,C,low,low,medium,low,none,10,4,true,운용사|상품 설명·투자 목적|산업·국가 비중|분배 일정|실제 분배금 이력
114100,RISE 국고채3년,krx_numeric,,KTB INDEX(시장가격),thin,23,D,low,low,low,low,none,0,4,false,상세 메타데이터|운용사|상품 설명·투자 목적|구성종목|산업·국가 비중|분배 일정|실제 분배금 이력|필드별 출처
114260,KODEX 국고채3년,krx_numeric,,MKF 국고채지수(총수익),thin,23,D,low,low,low,low,none,0,4,false,상세 메타데이터|운용사|상품 설명·투자 목적|구성종목|산업·국가 비중|분배 일정|실제 분배금 이력|필드별 출처
114460,ACE 국고채3년,krx_numeric,,KTB INDEX(시장가격),thin,23,D,low,low,low,low,none,0,4,false,상세 메타데이터|운용사|상품 설명·투자 목적|구성종목|산업·국가 비중|분배 일정|실제 분배금 이력|필드별 출처
114470,KIWOOM 국고채3년,krx_numeric,,KTB INDEX(시장가격),thin,23,D,low,low,low,low,none,0,4,false,상세 메타데이터|운용사|상품 설명·투자 목적|구성종목|산업·국가 비중|분배 일정|실제 분배금 이력|필드별 출처
114800,KODEX 인버스,krx_numeric,삼성자산운용(주),코스피 200 선물인버스 지수,enriched,80,A,medium,low,medium,medium,low,2,5,true,상품 설명·투자 목적|산업·국가 비중|실제 분배금 이력
114820,TIGER 국채3년,krx_numeric,,KTB INDEX(시장가격),thin,23,D,low,low,low,low,none,0,4,false,상세 메타데이터|운용사|상품 설명·투자 목적|구성종목|산업·국가 비중|분배 일정|실제 분배금 이력|필드별 출처
117460,KODEX 에너지화학,krx_numeric,,KRX 에너지화학,enriched,53,C,low,low,medium,low,none,10,4,true,운용사|상품 설명·투자 목적|산업·국가 비중|분배 일정|실제 분배금 이력
117680,KODEX 철강,krx_numeric,,KRX 철강,enriched,53,C,low,low,medium,low,none,10,4,true,운용사|상품 설명·투자 목적|산업·국가 비중|분배 일정|실제 분배금 이력
117690,TIGER 차이나항셍30,krx_numeric,,Hang Seng China (Hong Kong-listed) 30 Index,thin,23,D,low,low,low,low,none,0,3,false,상세 메타데이터|운용사|상품 설명·투자 목적|구성종목|산업·국가 비중|분배 일정|실제 분배금 이력|필드별 출처
117700,KODEX 건설,krx_numeric,,KRX 건설,enriched,53,C,low,low,medium,low,none,10,4,true,운용사|상품 설명·투자 목적|산업·국가 비중|분배 일정|실제 분배금 이력
122090,PLUS 코스피50,krx_numeric,,코스피 50,enriched,53,C,low,low,medium,low,none,10,4,true,운용사|상품 설명·투자 목적|산업·국가 비중|분배 일정|실제 분배금 이력
122260,KIWOOM 통안채1년,krx_numeric,,MK 통안채지수(총수익),thin,23,D,low,low,low,low,none,0,4,false,상세 메타데이터|운용사|상품 설명·투자 목적|구성종목|산업·국가 비중|분배 일정|실제 분배금 이력|필드별 출처
122630,KODEX 레버리지,krx_numeric,삼성자산운용(주),코스피 200 레버리지지수,enriched,75,A,medium,low,medium,medium,low,210,5,true,상품 설명·투자 목적|산업·국가 비중|실제 분배금 이력
123310,TIGER 인버스,krx_numeric,,코스피 200 선물지수,thin,23,D,low,low,low,low,none,0,5,false,상세 메타데이터|운용사|상품 설명·투자 목적|구성종목|산업·국가 비중|분배 일정|실제 분배금 이력|필드별 출처
123320,TIGER 레버리지,krx_numeric,,코스피 200,enriched,57,B,low,low,medium,medium,none,10,5,true,운용사|상품 설명·투자 목적|산업·국가 비중|분배 일정|실제 분배금 이력
130680,TIGER 원유선물Enhanced(H),krx_numeric,,S&P GSCI Crude Oil Enhanced Index ER,thin,23,D,low,low,low,low,none,0,3,false,상세 메타데이터|운용사|상품 설명·투자 목적|구성종목|산업·국가 비중|분배 일정|실제 분배금 이력|필드별 출처
130730,KIWOOM 단기자금,krx_numeric,,MK 머니마켓 지수(총수익),thin,23,D,low,low,low,low,none,0,3,false,상세 메타데이터|운용사|상품 설명·투자 목적|구성종목|산업·국가 비중|분배 일정|실제 분배금 이력|필드별 출처
131890,ACE 삼성그룹동일가중,krx_numeric,,MKF SAMs EW 지수,enriched,53,C,low,low,medium,low,none,10,4,true,운용사|상품 설명·투자 목적|산업·국가 비중|분배 일정|실제 분배금 이력
132030,KODEX 골드선물(H),krx_numeric,삼성자산운용(주),S&P GSCI Gold Index(TR),enriched,55,B,medium,low,low,medium,low,0,3,true,상품 설명·투자 목적|구성종목|산업·국가 비중|실제 분배금 이력
133690,TIGER 미국나스닥100,krx_numeric,미래에셋자산운용(주),NASDAQ 100,enriched,51,C,medium,low,low,medium,low,0,4,true,상품 설명·투자 목적|구성종목|산업·국가 비중|실제 분배금 이력
136340,RISE 중기우량회사채,krx_numeric,,KOBI 크레딧 지수(총수익),thin,23,D,low,low,low,low,none,0,4,false,상세 메타데이터|운용사|상품 설명·투자 목적|구성종목|산업·국가 비중|분배 일정|실제 분배금 이력|필드별 출처
137610,TIGER 농산물선물Enhanced(H),krx_numeric,,S&P GSCI Agriculture Enhanced Index(ER),thin,23,D,low,low,low,low,none,0,3,false,상세 메타데이터|운용사|상품 설명·투자 목적|구성종목|산업·국가 비중|분배 일정|실제 분배금 이력|필드별 출처
138230,KIWOOM 미국달러선물,krx_numeric,,미국달러선물지수,thin,23,D,low,low,low,low,none,0,3,false,상세 메타데이터|운용사|상품 설명·투자 목적|구성종목|산업·국가 비중|분배 일정|실제 분배금 이력|필드별 출처
138520,TIGER 삼성그룹,krx_numeric,,MKF SAMs FW,enriched,53,C,low,low,medium,low,none,10,4,true,운용사|상품 설명·투자 목적|산업·국가 비중|분배 일정|실제 분배금 이력
138530,TIGER LG그룹플러스,krx_numeric,,MKF LG그룹+ FW,enriched,53,C,low,low,medium,low,none,10,4,true,운용사|상품 설명·투자 목적|산업·국가 비중|분배 일정|실제 분배금 이력
138540,TIGER 현대차그룹플러스,krx_numeric,,MKF 현대차그룹+ FW,enriched,53,C,low,low,medium,low,none,10,5,true,운용사|상품 설명·투자 목적|산업·국가 비중|분배 일정|실제 분배금 이력
138910,KODEX 구리선물(H),krx_numeric,,S&P GSCI North American Copper Index(TR),thin,23,D,low,low,low,low,none,0,3,false,상세 메타데이터|운용사|상품 설명·투자 목적|구성종목|산업·국가 비중|분배 일정|실제 분배금 이력|필드별 출처
138920,KODEX 콩선물(H),krx_numeric,,S&P GSCI Soybeans Index(TR),thin,23,D,low,low,low,low,none,0,3,false,상세 메타데이터|운용사|상품 설명·투자 목적|구성종목|산업·국가 비중|분배 일정|실제 분배금 이력|필드별 출처
139220,TIGER 200 건설,krx_numeric,,코스피 200 건설,enriched,53,C,low,low,medium,low,none,10,5,true,운용사|상품 설명·투자 목적|산업·국가 비중|분배 일정|실제 분배금 이력
139230,TIGER 200 중공업,krx_numeric,,코스피 200 중공업,enriched,53,C,low,low,medium,low,none,10,5,true,운용사|상품 설명·투자 목적|산업·국가 비중|분배 일정|실제 분배금 이력
139240,TIGER 200 철강소재,krx_numeric,,코스피 200 철강/소재,enriched,53,C,low,low,medium,low,none,10,5,true,운용사|상품 설명·투자 목적|산업·국가 비중|분배 일정|실제 분배금 이력
139250,TIGER 200 에너지화학,krx_numeric,,코스피 200 에너지/화학,enriched,53,C,low,low,medium,low,none,10,5,true,운용사|상품 설명·투자 목적|산업·국가 비중|분배 일정|실제 분배금 이력
139260,TIGER 200 IT,krx_numeric,,코스피 200 정보기술,enriched,53,C,low,low,medium,low,none,10,5,true,운용사|상품 설명·투자 목적|산업·국가 비중|분배 일정|실제 분배금 이력
139270,TIGER 200 금융,krx_numeric,,코스피 200 금융,enriched,53,C,low,low,medium,low,none,10,5,true,운용사|상품 설명·투자 목적|산업·국가 비중|분배 일정|실제 분배금 이력
139280,TIGER 경기방어,krx_numeric,,코스피 200 경기방어소비재,enriched,53,C,low,low,medium,low,none,10,4,true,운용사|상품 설명·투자 목적|산업·국가 비중|분배 일정|실제 분배금 이력
139290,TIGER 200 경기소비재,krx_numeric,,코스피 200 경기소비재,enriched,53,C,low,low,medium,low,none,10,5,true,운용사|상품 설명·투자 목적|산업·국가 비중|분배 일정|실제 분배금 이력
139320,TIGER 금은선물(H),krx_numeric,,S&P GSCI Precious Metals Index(TR),thin,23,D,low,low,low,low,none,0,3,false,상세 메타데이터|운용사|상품 설명·투자 목적|구성종목|산업·국가 비중|분배 일정|실제 분배금 이력|필드별 출처
139660,KIWOOM 미국달러선물인버스,krx_numeric,,미국달러선물지수,thin,23,D,low,low,low,low,none,0,4,false,상세 메타데이터|운용사|상품 설명·투자 목적|구성종목|산업·국가 비중|분배 일정|실제 분배금 이력|필드별 출처
140570,RISE 수출주,krx_numeric,,MKF 수출주 지수,enriched,53,C,low,low,medium,low,none,10,3,true,운용사|상품 설명·투자 목적|산업·국가 비중|분배 일정|실제 분배금 이력
140580,RISE 우량업종대표주,krx_numeric,,MKF 우량업종대표주 지수,enriched,53,C,low,low,medium,low,none,10,3,true,운용사|상품 설명·투자 목적|산업·국가 비중|분배 일정|실제 분배금 이력
140700,KODEX 보험,krx_numeric,,KRX 보험,enriched,53,C,low,low,medium,low,none,10,4,true,운용사|상품 설명·투자 목적|산업·국가 비중|분배 일정|실제 분배금 이력
140710,KODEX 운송,krx_numeric,,KRX 운송,enriched,53,C,low,low,medium,low,none,10,4,true,운용사|상품 설명·투자 목적|산업·국가 비중|분배 일정|실제 분배금 이력
140950,파워 코스피100,krx_numeric,,코스피 100,enriched,53,C,low,low,medium,low,none,10,3,true,운용사|상품 설명·투자 목적|산업·국가 비중|분배 일정|실제 분배금 이력
143850,TIGER 미국S&P500선물(H),krx_numeric,,S&P 500 Futures Index(ER),thin,23,D,low,low,low,low,none,0,4,false,상세 메타데이터|운용사|상품 설명·투자 목적|구성종목|산업·국가 비중|분배 일정|실제 분배금 이력|필드별 출처
143860,TIGER 헬스케어,krx_numeric,,KRX 헬스케어,enriched,53,C,low,low,medium,low,none,10,4,true,운용사|상품 설명·투자 목적|산업·국가 비중|분배 일정|실제 분배금 이력
144600,KODEX 은선물(H),krx_numeric,,S&P GSCI Silver Index(TR),thin,23,D,low,low,low,low,none,0,3,false,상세 메타데이터|운용사|상품 설명·투자 목적|구성종목|산업·국가 비중|분배 일정|실제 분배금 이력|필드별 출처
145670,ACE 인버스,krx_numeric,,코스피 200 선물지수,enriched,57,B,low,low,medium,medium,none,2,5,true,운용사|상품 설명·투자 목적|산업·국가 비중|분배 일정|실제 분배금 이력
145850,TREX 펀더멘탈 200,krx_numeric,,FnGuide-RAFI 코리아200 지수,enriched,53,C,low,low,medium,low,none,10,4,true,운용사|상품 설명·투자 목적|산업·국가 비중|분배 일정|실제 분배금 이력
147970,TIGER 모멘텀,krx_numeric,,FnGuide 모멘텀 지수,enriched,53,C,low,low,medium,low,none,10,3,true,운용사|상품 설명·투자 목적|산업·국가 비중|분배 일정|실제 분배금 이력
148020,RISE 200,krx_numeric,,코스피 200,enriched,53,C,low,low,medium,low,none,10,4,true,운용사|상품 설명·투자 목적|산업·국가 비중|분배 일정|실제 분배금 이력
148070,KIWOOM 국고채10년,krx_numeric,,KIS 10년 국고채 지수 (총수익),thin,23,D,low,low,low,low,none,0,4,false,상세 메타데이터|운용사|상품 설명·투자 목적|구성종목|산업·국가 비중|분배 일정|실제 분배금 이력|필드별 출처
150460,TIGER 중국소비테마,krx_numeric,,FnGuide 중국내수테마 지수,enriched,53,C,low,low,medium,low,none,10,3,true,운용사|상품 설명·투자 목적|산업·국가 비중|분배 일정|실제 분배금 이력
152100,PLUS 200,krx_numeric,,코스피 200,enriched,53,C,low,low,medium,low,none,10,4,true,운용사|상품 설명·투자 목적|산업·국가 비중|분배 일정|실제 분배금 이력
152380,KODEX 국채선물10년,krx_numeric,,10년국채선물지수,thin,23,D,low,low,low,low,none,0,4,false,상세 메타데이터|운용사|상품 설명·투자 목적|구성종목|산업·국가 비중|분배 일정|실제 분배금 이력|필드별 출처
152500,ACE 레버리지,krx_numeric,,코스피 200,enriched,57,B,low,low,medium,medium,none,10,5,true,운용사|상품 설명·투자 목적|산업·국가 비중|분배 일정|실제 분배금 이력
152870,파워 200,krx_numeric,,코스피 200,enriched,53,C,low,low,medium,low,none,10,4,true,운용사|상품 설명·투자 목적|산업·국가 비중|분배 일정|실제 분배금 이력
153130,KODEX 단기채권,krx_numeric,,KRW Cash 지수(총수익),thin,23,D,low,low,low,low,none,0,3,false,상세 메타데이터|운용사|상품 설명·투자 목적|구성종목|산업·국가 비중|분배 일정|실제 분배금 이력|필드별 출처
153270,KIWOOM 코스피100,krx_numeric,,코스피 100,enriched,53,C,low,low,medium,low,none,10,3,true,운용사|상품 설명·투자 목적|산업·국가 비중|분배 일정|실제 분배금 이력
156080,KODEX MSCI Korea,krx_numeric,,MSCI Korea Index,enriched,53,C,low,low,medium,low,none,10,3,true,운용사|상품 설명·투자 목적|산업·국가 비중|분배 일정|실제 분배금 이력
157450,TIGER 단기통안채,krx_numeric,,KIS MSB 6M(총수익),thin,23,D,low,low,low,low,none,0,4,false,상세 메타데이터|운용사|상품 설명·투자 목적|구성종목|산업·국가 비중|분배 일정|실제 분배금 이력|필드별 출처
157490,TIGER 소프트웨어,krx_numeric,,FnGuide 소프트웨어 지수,enriched,53,C,low,low,medium,low,none,10,5,true,운용사|상품 설명·투자 목적|산업·국가 비중|분배 일정|실제 분배금 이력
157500,TIGER 증권,krx_numeric,,FnGuide 증권 지수,enriched,53,C,low,low,medium,low,none,10,4,true,운용사|상품 설명·투자 목적|산업·국가 비중|분배 일정|실제 분배금 이력
159800,마이티 코스피100,krx_numeric,,코스피 100,enriched,53,C,low,low,medium,low,none,10,3,true,운용사|상품 설명·투자 목적|산업·국가 비중|분배 일정|실제 분배금 이력
160580,TIGER 구리실물,krx_numeric,,S&P GSCI Cash Copper Index,thin,23,D,low,low,low,low,none,0,3,false,상세 메타데이터|운용사|상품 설명·투자 목적|구성종목|산업·국가 비중|분배 일정|실제 분배금 이력|필드별 출처
161510,PLUS 고배당주,krx_numeric,,FnGuide 배당주 지수,enriched,53,C,low,low,medium,low,none,10,4,true,운용사|상품 설명·투자 목적|산업·국가 비중|분배 일정|실제 분배금 이력
166400,TIGER 200커버드콜OTM,krx_numeric,,코스피 200 커버드콜 5% OTM,enriched,57,B,low,low,medium,medium,none,10,5,true,운용사|상품 설명·투자 목적|산업·국가 비중|분배 일정|실제 분배금 이력
167860,KIWOOM 국고채10년레버리지,krx_numeric,,KIS 10년 국고채 지수 (총수익),thin,23,D,low,low,low,low,none,0,5,false,상세 메타데이터|운용사|상품 설명·투자 목적|구성종목|산업·국가 비중|분배 일정|실제 분배금 이력|필드별 출처
168580,ACE 중국본토CSI300,krx_numeric,,CSI 300 Index,thin,23,D,low,low,low,low,none,0,3,false,상세 메타데이터|운용사|상품 설명·투자 목적|구성종목|산업·국가 비중|분배 일정|실제 분배금 이력|필드별 출처
169950,KODEX 차이나A50,krx_numeric,,FTSE China A50 Index,thin,23,D,low,low,low,low,none,0,3,false,상세 메타데이터|운용사|상품 설명·투자 목적|구성종목|산업·국가 비중|분배 일정|실제 분배금 이력|필드별 출처
174350,TIGER 로우볼,krx_numeric,,FnGuide Low Vol 지수,enriched,53,C,low,low,medium,low,none,10,4,true,운용사|상품 설명·투자 목적|산업·국가 비중|분배 일정|실제 분배금 이력
174360,RISE 중국본토대형주CSI100,krx_numeric,,CSI A100,thin,23,D,low,low,low,low,none,0,3,false,상세 메타데이터|운용사|상품 설명·투자 목적|구성종목|산업·국가 비중|분배 일정|실제 분배금 이력|필드별 출처
176950,KODEX 국채선물10년인버스,krx_numeric,,10년국채선물지수,thin,23,D,low,low,low,low,none,0,5,false,상세 메타데이터|운용사|상품 설명·투자 목적|구성종목|산업·국가 비중|분배 일정|실제 분배금 이력|필드별 출처
181480,ACE 미국부동산리츠(합성 H),krx_numeric,,Dow Jones U.S. Real Estate Index,thin,23,D,low,low,low,low,none,0,3,false,상세 메타데이터|운용사|상품 설명·투자 목적|구성종목|산업·국가 비중|분배 일정|실제 분배금 이력|필드별 출처
182480,TIGER 미국MSCI리츠(합성 H),krx_numeric,,MSCI US REIT Index,thin,23,D,low,low,low,low,none,0,3,false,상세 메타데이터|운용사|상품 설명·투자 목적|구성종목|산업·국가 비중|분배 일정|실제 분배금 이력|필드별 출처
182490,TIGER 단기선진하이일드(합성 H),krx_numeric,,Markit iBoxx USD Liquid High Yield 0-5 year 지수,thin,23,D,low,low,low,low,none,0,3,false,상세 메타데이터|운용사|상품 설명·투자 목적|구성종목|산업·국가 비중|분배 일정|실제 분배금 이력|필드별 출처
183700,RISE 200채권혼합50,krx_numeric,,코스피 200 KTB 혼합지수,thin,23,D,low,low,low,low,none,0,4,false,상세 메타데이터|운용사|상품 설명·투자 목적|구성종목|산업·국가 비중|분배 일정|실제 분배금 이력|필드별 출처
183710,RISE 주식혼합,krx_numeric,,주식국채혼합(주식형)지수,thin,23,D,low,low,low,low,none,0,4,false,상세 메타데이터|운용사|상품 설명·투자 목적|구성종목|산업·국가 비중|분배 일정|실제 분배금 이력|필드별 출처
185680,KODEX 미국S&P바이오(합성),krx_numeric,,S&P Biotechnology Select Industry Index,thin,23,D,low,low,low,low,none,0,3,false,상세 메타데이터|운용사|상품 설명·투자 목적|구성종목|산업·국가 비중|분배 일정|실제 분배금 이력|필드별 출처
189400,PLUS 글로벌MSCI(합성 H),krx_numeric,,MSCI ACWI Index,thin,23,D,low,low,low,low,none,0,3,false,상세 메타데이터|운용사|상품 설명·투자 목적|구성종목|산업·국가 비중|분배 일정|실제 분배금 이력|필드별 출처
190620,ACE 단기통안채,krx_numeric,,KIS MSB 단기지수(총수익),thin,23,D,low,low,low,low,none,0,4,false,상세 메타데이터|운용사|상품 설명·투자 목적|구성종목|산업·국가 비중|분배 일정|실제 분배금 이력|필드별 출처
192090,TIGER 차이나CSI300,krx_numeric,,CSI 300 Index,thin,23,D,low,low,low,low,none,0,3,false,상세 메타데이터|운용사|상품 설명·투자 목적|구성종목|산업·국가 비중|분배 일정|실제 분배금 이력|필드별 출처
192720,파워 고배당저변동성,krx_numeric,,코스피 200 고배당지수,enriched,53,C,low,low,medium,low,none,10,6,true,운용사|상품 설명·투자 목적|산업·국가 비중|분배 일정|실제 분배금 이력
195920,TIGER 일본TOPIX(합성 H),krx_numeric,,TOPIX,thin,23,D,low,low,low,low,none,0,3,false,상세 메타데이터|운용사|상품 설명·투자 목적|구성종목|산업·국가 비중|분배 일정|실제 분배금 이력|필드별 출처
195930,TIGER 유로스탁스50(합성 H),krx_numeric,,EURO STOXX 50 Index,thin,23,D,low,low,low,low,none,0,3,false,상세 메타데이터|운용사|상품 설명·투자 목적|구성종목|산업·국가 비중|분배 일정|실제 분배금 이력|필드별 출처
195970,PLUS 선진국MSCI(합성 H),krx_numeric,,MSCI EAFE Index,thin,23,D,low,low,low,low,none,0,3,false,상세 메타데이터|운용사|상품 설명·투자 목적|구성종목|산업·국가 비중|분배 일정|실제 분배금 이력|필드별 출처
195980,PLUS 신흥국MSCI(합성 H),krx_numeric,,MSCI EM Index,thin,23,D,low,low,low,low,none,0,3,false,상세 메타데이터|운용사|상품 설명·투자 목적|구성종목|산업·국가 비중|분배 일정|실제 분배금 이력|필드별 출처
196030,ACE 일본TOPIX레버리지(H),krx_numeric,,TOPIX,thin,23,D,low,low,low,low,none,0,4,false,상세 메타데이터|운용사|상품 설명·투자 목적|구성종목|산업·국가 비중|분배 일정|실제 분배금 이력|필드별 출처
196230,RISE 단기통안채,krx_numeric,,KIS 통안채 5개월 지수(총수익),thin,23,D,low,low,low,low,none,0,4,false,상세 메타데이터|운용사|상품 설명·투자 목적|구성종목|산업·국가 비중|분배 일정|실제 분배금 이력|필드별 출처
200030,KODEX 미국S&P500산업재(합성),krx_numeric,,S&P Select Sector Industrial Index,thin,23,D,low,low,low,low,none,0,4,false,상세 메타데이터|운용사|상품 설명·투자 목적|구성종목|산업·국가 비중|분배 일정|실제 분배금 이력|필드별 출처
200250,KIWOOM 인도Nifty50(합성),krx_numeric,,Nifty 50 Index,thin,23,D,low,low,low,low,none,0,3,false,상세 메타데이터|운용사|상품 설명·투자 목적|구성종목|산업·국가 비중|분배 일정|실제 분배금 이력|필드별 출처
203780,TIGER 미국나스닥바이오,krx_numeric,미래에셋자산운용(주),NASDAQ Biotechnology,enriched,51,C,medium,low,low,medium,low,0,4,true,상품 설명·투자 목적|구성종목|산업·국가 비중|실제 분배금 이력
204450,KODEX 차이나H레버리지(H),krx_numeric,,Hang Seng China H,thin,23,D,low,low,low,low,none,0,4,false,상세 메타데이터|운용사|상품 설명·투자 목적|구성종목|산업·국가 비중|분배 일정|실제 분배금 이력|필드별 출처
204480,TIGER 차이나CSI300레버리지(합성),krx_numeric,,CSI 300 Index,thin,23,D,low,low,low,low,none,0,4,false,상세 메타데이터|운용사|상품 설명·투자 목적|구성종목|산업·국가 비중|분배 일정|실제 분배금 이력|필드별 출처
205720,ACE 일본TOPIX인버스(합성 H),krx_numeric,,TOPIX,thin,23,D,low,low,low,low,none,0,4,false,상세 메타데이터|운용사|상품 설명·투자 목적|구성종목|산업·국가 비중|분배 일정|실제 분배금 이력|필드별 출처
210780,TIGER 코스피고배당,krx_numeric,,코스피 고배당 50,enriched,53,C,low,low,medium,low,none,10,4,true,운용사|상품 설명·투자 목적|산업·국가 비중|분배 일정|실제 분배금 이력
211560,TIGER 배당성장,krx_numeric,,코스피 배당성장 50,enriched,53,C,low,low,medium,low,none,10,5,true,운용사|상품 설명·투자 목적|산업·국가 비중|분배 일정|실제 분배금 이력
211900,KODEX 코리아배당성장,krx_numeric,,코스피 배당성장 50,enriched,53,C,low,low,medium,low,none,10,5,true,운용사|상품 설명·투자 목적|산업·국가 비중|분배 일정|실제 분배금 이력
213610,KODEX 삼성그룹밸류,krx_numeric,,WISE 삼성그룹 밸류 인덱스,enriched,53,C,low,low,medium,low,none,10,5,true,운용사|상품 설명·투자 목적|산업·국가 비중|분배 일정|실제 분배금 이력
213630,PLUS 미국다우존스고배당주(합성 H),krx_numeric,,Dow Jones U.S Select Dividend Index(시장가격지수),thin,23,D,low,low,low,low,none,0,3,false,상세 메타데이터|운용사|상품 설명·투자 목적|구성종목|산업·국가 비중|분배 일정|실제 분배금 이력|필드별 출처
214980,KODEX 단기채권PLUS,krx_numeric,,KRW Cash PLUS 지수(총수익),thin,23,D,low,low,low,low,none,0,3,false,상세 메타데이터|운용사|상품 설명·투자 목적|구성종목|산업·국가 비중|분배 일정|실제 분배금 이력|필드별 출처
215620,HK S&P코리아로우볼,krx_numeric,,S&P Korea 저변동성 지수,enriched,53,C,low,low,medium,low,none,10,4,true,운용사|상품 설명·투자 목적|산업·국가 비중|분배 일정|실제 분배금 이력
217770,TIGER 원유선물인버스(H),krx_numeric,,S&P GSCI Crude Oil Index ER,thin,23,D,low,low,low,low,none,0,4,false,상세 메타데이터|운용사|상품 설명·투자 목적|구성종목|산업·국가 비중|분배 일정|실제 분배금 이력|필드별 출처
217780,TIGER 차이나CSI300인버스(합성),krx_numeric,,CSI 300 Index,thin,23,D,low,low,low,low,none,0,4,false,상세 메타데이터|운용사|상품 설명·투자 목적|구성종목|산업·국가 비중|분배 일정|실제 분배금 이력|필드별 출처
218420,KODEX 미국S&P500에너지(합성),krx_numeric,,S&P Select Sector Energy Index,thin,23,D,low,low,low,low,none,0,4,false,상세 메타데이터|운용사|상품 설명·투자 목적|구성종목|산업·국가 비중|분배 일정|실제 분배금 이력|필드별 출처
219390,RISE 미국S&P원유생산기업(합성 H),krx_numeric,,S&P Oil & Gas Exploration & Production Select Industry Index(PR),thin,23,D,low,low,low,low,none,0,3,false,상세 메타데이터|운용사|상품 설명·투자 목적|구성종목|산업·국가 비중|분배 일정|실제 분배금 이력|필드별 출처
219480,KODEX 미국S&P500선물(H),krx_numeric,,S&P 500 Futures Total Return Index,thin,23,D,low,low,low,low,none,0,4,false,상세 메타데이터|운용사|상품 설명·투자 목적|구성종목|산업·국가 비중|분배 일정|실제 분배금 이력|필드별 출처
219900,ACE 중국본토CSI300레버리지(합성),krx_numeric,,CSI 300 Index,thin,23,D,low,low,low,low,none,0,4,false,상세 메타데이터|운용사|상품 설명·투자 목적|구성종목|산업·국가 비중|분배 일정|실제 분배금 이력|필드별 출처
220130,SOL 차이나강소기업CSI500(합성 H),krx_numeric,,CSI 500 지수,thin,23,D,low,low,low,low,none,0,3,false,상세 메타데이터|운용사|상품 설명·투자 목적|구성종목|산업·국가 비중|분배 일정|실제 분배금 이력|필드별 출처
223190,KODEX 200가치저변동,krx_numeric,,코스피 200 가치저변동성,enriched,53,C,low,low,medium,low,none,10,4,true,운용사|상품 설명·투자 목적|산업·국가 비중|분배 일정|실제 분배금 이력
225030,TIGER 미국S&P500선물인버스(H),krx_numeric,,S&P 500 Futures Total Return Index,thin,23,D,low,low,low,low,none,0,5,false,상세 메타데이터|운용사|상품 설명·투자 목적|구성종목|산업·국가 비중|분배 일정|실제 분배금 이력|필드별 출처
225040,TIGER 미국S&P500레버리지(합성 H),krx_numeric,,S&P 500,thin,23,D,low,low,low,low,none,0,5,false,상세 메타데이터|운용사|상품 설명·투자 목적|구성종목|산업·국가 비중|분배 일정|실제 분배금 이력|필드별 출처
225050,TIGER 유로스탁스레버리지(합성 H),krx_numeric,,EURO STOXX 50 Index,thin,23,D,low,low,low,low,none,0,4,false,상세 메타데이터|운용사|상품 설명·투자 목적|구성종목|산업·국가 비중|분배 일정|실제 분배금 이력|필드별 출처
225060,TIGER 이머징마켓MSCI레버리지(합성 H),krx_numeric,,MSCI EM Index,thin,23,D,low,low,low,low,none,0,4,false,상세 메타데이터|운용사|상품 설명·투자 목적|구성종목|산업·국가 비중|분배 일정|실제 분배금 이력|필드별 출처
225130,ACE 골드선물 레버리지(합성 H),krx_numeric,,S&P GSCI GOLD Index Excess Return,thin,23,D,low,low,low,low,none,0,4,false,상세 메타데이터|운용사|상품 설명·투자 목적|구성종목|산업·국가 비중|분배 일정|실제 분배금 이력|필드별 출처
225800,KIWOOM 미국달러선물레버리지,krx_numeric,,미국달러선물지수,enriched,57,B,low,low,medium,medium,none,1,4,true,운용사|상품 설명·투자 목적|산업·국가 비중|분배 일정|실제 분배금 이력
226380,ACE Fn성장소비주도주,krx_numeric,,FnGuide 성장소비주도 지수,enriched,53,C,low,low,medium,low,none,10,5,true,운용사|상품 설명·투자 목적|산업·국가 비중|분배 일정|실제 분배금 이력
226490,KODEX 코스피,krx_numeric,,코스피,enriched,53,C,low,low,medium,low,none,10,3,true,운용사|상품 설명·투자 목적|산업·국가 비중|분배 일정|실제 분배금 이력
226980,KODEX 200 중소형,krx_numeric,,코스피 200 중소형주지수,enriched,53,C,low,low,medium,low,none,10,4,true,운용사|상품 설명·투자 목적|산업·국가 비중|분배 일정|실제 분배금 이력
227540,TIGER 200 헬스케어,krx_numeric,,코스피 200 헬스케어,enriched,53,C,low,low,medium,low,none,10,5,true,운용사|상품 설명·투자 목적|산업·국가 비중|분배 일정|실제 분배금 이력
227550,TIGER 200 산업재,krx_numeric,,코스피 200 산업재,enriched,53,C,low,low,medium,low,none,10,5,true,운용사|상품 설명·투자 목적|산업·국가 비중|분배 일정|실제 분배금 이력
227560,TIGER 200 생활소비재,krx_numeric,,코스피 200 생활소비재,enriched,53,C,low,low,medium,low,none,10,5,true,운용사|상품 설명·투자 목적|산업·국가 비중|분배 일정|실제 분배금 이력
227570,TIGER 우량가치,krx_numeric,,FnGuide 퀄리티밸류 지수,enriched,53,C,low,low,medium,low,none,10,4,true,운용사|상품 설명·투자 목적|산업·국가 비중|분배 일정|실제 분배금 이력
227830,PLUS 코스피,krx_numeric,,코스피,enriched,53,C,low,low,medium,low,none,10,3,true,운용사|상품 설명·투자 목적|산업·국가 비중|분배 일정|실제 분배금 이력
228790,TIGER 화장품,krx_numeric,,WISE 화장품 지수,enriched,53,C,low,low,medium,low,none,10,4,true,운용사|상품 설명·투자 목적|산업·국가 비중|분배 일정|실제 분배금 이력
228800,TIGER 여행레저,krx_numeric,,WISE 여행레저 지수,enriched,53,C,low,low,medium,low,none,10,4,true,운용사|상품 설명·투자 목적|산업·국가 비중|분배 일정|실제 분배금 이력
228810,TIGER 미디어컨텐츠,krx_numeric,,WISE 미디어컨텐츠 지수,enriched,53,C,low,low,medium,low,none,10,4,true,운용사|상품 설명·투자 목적|산업·국가 비중|분배 일정|실제 분배금 이력
228820,TIGER KTOP30,krx_numeric,,KTOP 30,enriched,53,C,low,low,medium,low,none,10,3,true,운용사|상품 설명·투자 목적|산업·국가 비중|분배 일정|실제 분배금 이력
229200,KODEX 코스닥150,krx_numeric,,코스닥 150,enriched,53,C,low,low,medium,low,none,10,3,true,운용사|상품 설명·투자 목적|산업·국가 비중|분배 일정|실제 분배금 이력
229720,KODEX KTOP30,krx_numeric,,KTOP 30,enriched,53,C,low,low,medium,low,none,10,3,true,운용사|상품 설명·투자 목적|산업·국가 비중|분배 일정|실제 분배금 이력
230480,KIWOOM 미국달러선물인버스2X,krx_numeric,,미국달러선물지수,enriched,57,B,low,low,medium,medium,none,1,5,true,운용사|상품 설명·투자 목적|산업·국가 비중|분배 일정|실제 분배금 이력
232080,TIGER 코스닥150,krx_numeric,,코스닥 150,enriched,53,C,low,low,medium,low,none,10,3,true,운용사|상품 설명·투자 목적|산업·국가 비중|분배 일정|실제 분배금 이력
233160,TIGER 코스닥150 레버리지,krx_numeric,,코스닥 150,enriched,57,B,low,low,medium,medium,none,10,4,true,운용사|상품 설명·투자 목적|산업·국가 비중|분배 일정|실제 분배금 이력
233740,KODEX 코스닥150레버리지,krx_numeric,,코스닥 150,enriched,57,B,low,low,medium,medium,none,10,4,true,운용사|상품 설명·투자 목적|산업·국가 비중|분배 일정|실제 분배금 이력
234310,RISE V&S셀렉트밸류,krx_numeric,,FnGuide 셀렉트 밸류 지수,enriched,53,C,low,low,medium,low,none,10,4,true,운용사|상품 설명·투자 목적|산업·국가 비중|분배 일정|실제 분배금 이력
236350,TIGER 인도니프티50레버리지(합성),krx_numeric,,Nifty 50 Index,thin,23,D,low,low,low,low,none,0,4,false,상세 메타데이터|운용사|상품 설명·투자 목적|구성종목|산업·국가 비중|분배 일정|실제 분배금 이력|필드별 출처
237350,KODEX 코스피100,krx_numeric,,코스피 100,enriched,53,C,low,low,medium,low,none,10,4,true,운용사|상품 설명·투자 목적|산업·국가 비중|분배 일정|실제 분배금 이력
237370,KODEX 코리아배당성장채권혼합,krx_numeric,,배당성장채권혼합지수,thin,23,D,low,low,low,low,none,0,3,false,상세 메타데이터|운용사|상품 설명·투자 목적|구성종목|산업·국가 비중|분배 일정|실제 분배금 이력|필드별 출처
237440,TIGER 경기방어채권혼합,krx_numeric,,경기방어소비재 채권혼합 지수,thin,23,D,low,low,low,low,none,0,3,false,상세 메타데이터|운용사|상품 설명·투자 목적|구성종목|산업·국가 비중|분배 일정|실제 분배금 이력|필드별 출처
238670,PLUS 스마트베타Quality채권혼합,krx_numeric,,WISE-KAP 스마트베타 Quality 채권혼합지수,thin,23,D,low,low,low,low,none,0,3,false,상세 메타데이터|운용사|상품 설명·투자 목적|구성종목|산업·국가 비중|분배 일정|실제 분배금 이력|필드별 출처
238720,ACE 일본Nikkei225(H),krx_numeric,,Nikkei 225,thin,23,D,low,low,low,low,none,0,3,false,상세 메타데이터|운용사|상품 설명·투자 목적|구성종목|산업·국가 비중|분배 일정|실제 분배금 이력|필드별 출처
239660,PLUS 우량회사채50,krx_numeric,,KOBI HALF CREDIT Index(총수익),thin,23,D,low,low,low,low,none,0,4,false,상세 메타데이터|운용사|상품 설명·투자 목적|구성종목|산업·국가 비중|분배 일정|실제 분배금 이력|필드별 출처
241180,TIGER 일본니케이225,krx_numeric,,Nikkei 225,thin,23,D,low,low,low,low,none,0,3,false,상세 메타데이터|운용사|상품 설명·투자 목적|구성종목|산업·국가 비중|분배 일정|실제 분배금 이력|필드별 출처
241390,RISE V&S셀렉트밸류채권혼합,krx_numeric,,FnGuide 셀렉트벨류 채권혼합지수,thin,23,D,low,low,low,low,none,0,3,false,상세 메타데이터|운용사|상품 설명·투자 목적|구성종목|산업·국가 비중|분배 일정|실제 분배금 이력|필드별 출처
243880,TIGER 200IT레버리지,krx_numeric,,코스피 200 정보기술,enriched,57,B,low,low,medium,medium,none,10,6,true,운용사|상품 설명·투자 목적|산업·국가 비중|분배 일정|실제 분배금 이력
243890,TIGER 200에너지화학레버리지,krx_numeric,,코스피 200 에너지/화학,enriched,57,B,low,low,medium,medium,none,10,6,true,운용사|상품 설명·투자 목적|산업·국가 비중|분배 일정|실제 분배금 이력
244580,KODEX 바이오,krx_numeric,삼성자산운용(주),FnGuide 바이오 지수,enriched,71,B,medium,low,medium,medium,low,51,4,true,상품 설명·투자 목적|산업·국가 비중|실제 분배금 이력
244620,KODEX 모멘텀Plus,krx_numeric,,FnGuide 모멘텀 Plus 지수,enriched,53,C,low,low,medium,low,none,10,3,true,운용사|상품 설명·투자 목적|산업·국가 비중|분배 일정|실제 분배금 이력
244660,KODEX 퀄리티Plus,krx_numeric,,FnGuide 퀄리티 Plus 지수,enriched,53,C,low,low,medium,low,none,10,3,true,운용사|상품 설명·투자 목적|산업·국가 비중|분배 일정|실제 분배금 이력
244670,KODEX 밸류Plus,krx_numeric,,FnGuide 벨류 Plus 지수,enriched,53,C,low,low,medium,low,none,10,4,true,운용사|상품 설명·투자 목적|산업·국가 비중|분배 일정|실제 분배금 이력
245340,TIGER 미국다우존스30,krx_numeric,,Dow Jones Industrial Average,thin,23,D,low,low,low,low,none,0,3,false,상세 메타데이터|운용사|상품 설명·투자 목적|구성종목|산업·국가 비중|분배 일정|실제 분배금 이력|필드별 출처
245350,TIGER 유로스탁스배당30,krx_numeric,,Euro STOXX Select Dividend 30,thin,23,D,low,low,low,low,none,0,3,false,상세 메타데이터|운용사|상품 설명·투자 목적|구성종목|산업·국가 비중|분배 일정|실제 분배금 이력|필드별 출처
245360,TIGER 차이나HSCEI,krx_numeric,,Hang Seng China H,thin,23,D,low,low,low,low,none,0,3,false,상세 메타데이터|운용사|상품 설명·투자 목적|구성종목|산업·국가 비중|분배 일정|실제 분배금 이력|필드별 출처
245710,ACE 베트남VN30(합성),krx_numeric,,VN30 Index(PR),thin,23,D,low,low,low,low,none,0,3,false,상세 메타데이터|운용사|상품 설명·투자 목적|구성종목|산업·국가 비중|분배 일정|실제 분배금 이력|필드별 출처
248270,TIGER S&P글로벌헬스케어(합성),krx_numeric,,S&P Global 1200 Health Care Index,thin,23,D,low,low,low,low,none,0,3,false,상세 메타데이터|운용사|상품 설명·투자 목적|구성종목|산업·국가 비중|분배 일정|실제 분배금 이력|필드별 출처
250730,RISE 차이나HSCEI(H),krx_numeric,,Hang Seng China H,thin,23,D,low,low,low,low,none,0,3,false,상세 메타데이터|운용사|상품 설명·투자 목적|구성종목|산업·국가 비중|분배 일정|실제 분배금 이력|필드별 출처
250780,TIGER 코스닥150선물인버스,krx_numeric,,F-코스닥150 지수,thin,23,D,low,low,low,low,none,0,4,false,상세 메타데이터|운용사|상품 설명·투자 목적|구성종목|산업·국가 비중|분배 일정|실제 분배금 이력|필드별 출처
251340,KODEX 코스닥150선물인버스,krx_numeric,,F-코스닥150 지수,thin,23,D,low,low,low,low,none,0,4,false,상세 메타데이터|운용사|상품 설명·투자 목적|구성종목|산업·국가 비중|분배 일정|실제 분배금 이력|필드별 출처
251350,KODEX MSCI선진국,krx_numeric,,MSCI World,thin,23,D,low,low,low,low,none,0,3,false,상세 메타데이터|운용사|상품 설명·투자 목적|구성종목|산업·국가 비중|분배 일정|실제 분배금 이력|필드별 출처
251590,PLUS 고배당저변동50,krx_numeric,,FnGuide 고배당저변동50 지수,enriched,53,C,low,low,medium,low,none,10,4,true,운용사|상품 설명·투자 목적|산업·국가 비중|분배 일정|실제 분배금 이력
251600,PLUS 고배당주채권혼합,krx_numeric,,FnGuide 고배당 채권혼합 지수,thin,23,D,low,low,low,low,none,0,3,false,상세 메타데이터|운용사|상품 설명·투자 목적|구성종목|산업·국가 비중|분배 일정|실제 분배금 이력|필드별 출처
252000,TIGER 200동일가중,krx_numeric,,코스피 200 동일가중지수,enriched,53,C,low,low,medium,low,none,10,4,true,운용사|상품 설명·투자 목적|산업·국가 비중|분배 일정|실제 분배금 이력
252400,RISE 200선물레버리지,krx_numeric,,코스피 200 선물지수,enriched,57,B,low,low,medium,medium,none,3,5,true,운용사|상품 설명·투자 목적|산업·국가 비중|분배 일정|실제 분배금 이력
252410,RISE 200선물인버스,krx_numeric,,코스피 200 선물지수,enriched,57,B,low,low,medium,medium,none,1,5,true,운용사|상품 설명·투자 목적|산업·국가 비중|분배 일정|실제 분배금 이력
252420,RISE 200선물인버스2X,krx_numeric,,코스피 200 선물지수,enriched,57,B,low,low,medium,medium,none,2,6,true,운용사|상품 설명·투자 목적|산업·국가 비중|분배 일정|실제 분배금 이력
252650,KODEX 200동일가중,krx_numeric,,코스피 200 동일가중지수,enriched,53,C,low,low,medium,low,none,10,4,true,운용사|상품 설명·투자 목적|산업·국가 비중|분배 일정|실제 분배금 이력
252670,KODEX 200선물인버스2X,krx_numeric,,코스피 200 선물지수,enriched,57,B,low,low,medium,medium,none,1,6,true,운용사|상품 설명·투자 목적|산업·국가 비중|분배 일정|실제 분배금 이력
252710,TIGER 200선물인버스2X,krx_numeric,,코스피 200 선물지수,enriched,57,B,low,low,medium,medium,none,1,6,true,운용사|상품 설명·투자 목적|산업·국가 비중|분배 일정|실제 분배금 이력
253150,PLUS 200선물레버리지,krx_numeric,,코스피 200 선물지수,enriched,57,B,low,low,medium,medium,none,4,5,true,운용사|상품 설명·투자 목적|산업·국가 비중|분배 일정|실제 분배금 이력
253160,PLUS 200선물인버스2X,krx_numeric,,코스피 200 선물지수,enriched,57,B,low,low,medium,medium,none,2,6,true,운용사|상품 설명·투자 목적|산업·국가 비중|분배 일정|실제 분배금 이력
253230,KIWOOM 200선물인버스2X,krx_numeric,,코스피 200 선물지수,enriched,57,B,low,low,medium,medium,none,2,6,true,운용사|상품 설명·투자 목적|산업·국가 비중|분배 일정|실제 분배금 이력
253240,KIWOOM 200선물인버스,krx_numeric,,코스피 200 선물지수,enriched,57,B,low,low,medium,medium,none,1,5,true,운용사|상품 설명·투자 목적|산업·국가 비중|분배 일정|실제 분배금 이력
253250,KIWOOM 200선물레버리지,krx_numeric,,코스피 200 선물지수,enriched,57,B,low,low,medium,medium,none,1,5,true,운용사|상품 설명·투자 목적|산업·국가 비중|분배 일정|실제 분배금 이력
253280,RISE 헬스케어,krx_numeric,,FnGuide 헬스케어 지수,enriched,53,C,low,low,medium,low,none,10,4,true,운용사|상품 설명·투자 목적|산업·국가 비중|분배 일정|실제 분배금 이력
253290,RISE 헬스케어채권혼합,krx_numeric,,FnGuide 헬스케어 채권혼합 지수,thin,23,D,low,low,low,low,none,0,3,false,상세 메타데이터|운용사|상품 설명·투자 목적|구성종목|산업·국가 비중|분배 일정|실제 분배금 이력|필드별 출처
256440,ACE MSCI인도네시아(합성),krx_numeric,,MSCI Indonesia Index,thin,23,D,low,low,low,low,none,0,3,false,상세 메타데이터|운용사|상품 설명·투자 목적|구성종목|산업·국가 비중|분배 일정|실제 분배금 이력|필드별 출처
256450,PLUS 심천차이넥스트(합성),krx_numeric,,SZSE ChiNext Price Index,thin,23,D,low,low,low,low,none,0,3,false,상세 메타데이터|운용사|상품 설명·투자 목적|구성종목|산업·국가 비중|분배 일정|실제 분배금 이력|필드별 출처
256750,KODEX 차이나심천ChiNext(합성),krx_numeric,,SZSE ChiNext Price Index,thin,23,D,low,low,low,low,none,0,3,false,상세 메타데이터|운용사|상품 설명·투자 목적|구성종목|산업·국가 비중|분배 일정|실제 분배금 이력|필드별 출처
261060,TIGER 코스닥150IT,krx_numeric,,코스닥 150 정보기술,enriched,53,C,low,low,medium,low,none,10,4,true,운용사|상품 설명·투자 목적|산업·국가 비중|분배 일정|실제 분배금 이력
261070,TIGER 코스닥150바이오테크,krx_numeric,,코스닥 150 헬스케어,enriched,53,C,low,low,medium,low,none,10,4,true,운용사|상품 설명·투자 목적|산업·국가 비중|분배 일정|실제 분배금 이력
261110,TIGER 미국달러선물레버리지,krx_numeric,,미국달러선물지수,enriched,57,B,low,low,medium,medium,none,2,4,true,운용사|상품 설명·투자 목적|산업·국가 비중|분배 일정|실제 분배금 이력
261120,TIGER 미국달러선물인버스2X,krx_numeric,,미국달러선물지수,enriched,57,B,low,low,medium,medium,none,2,5,true,운용사|상품 설명·투자 목적|산업·국가 비중|분배 일정|실제 분배금 이력
261140,TIGER 우선주,krx_numeric,,코스피 우선주 지수,enriched,53,C,low,low,medium,low,none,10,3,true,운용사|상품 설명·투자 목적|산업·국가 비중|분배 일정|실제 분배금 이력
261220,KODEX WTI원유선물(H),krx_numeric,,S&P GSCI Crude Oil Index ER,thin,23,D,low,low,low,low,none,0,3,false,상세 메타데이터|운용사|상품 설명·투자 목적|구성종목|산업·국가 비중|분배 일정|실제 분배금 이력|필드별 출처
261240,KODEX 미국달러선물,krx_numeric,,미국달러선물지수,thin,23,D,low,low,low,low,none,0,3,false,상세 메타데이터|운용사|상품 설명·투자 목적|구성종목|산업·국가 비중|분배 일정|실제 분배금 이력|필드별 출처
261250,KODEX 미국달러선물레버리지,krx_numeric,,미국달러선물지수,enriched,57,B,low,low,medium,medium,none,4,4,true,운용사|상품 설명·투자 목적|산업·국가 비중|분배 일정|실제 분배금 이력
261260,KODEX 미국달러선물인버스2X,krx_numeric,,미국달러선물지수,enriched,57,B,low,low,medium,medium,none,5,5,true,운용사|상품 설명·투자 목적|산업·국가 비중|분배 일정|실제 분배금 이력
261270,KODEX 미국달러선물인버스,krx_numeric,,미국달러선물지수,thin,23,D,low,low,low,low,none,0,4,false,상세 메타데이터|운용사|상품 설명·투자 목적|구성종목|산업·국가 비중|분배 일정|실제 분배금 이력|필드별 출처
261920,ACE MSCI필리핀(합성),krx_numeric,,MSCI Philippines IMI Index,thin,23,D,low,low,low,low,none,0,3,false,상세 메타데이터|운용사|상품 설명·투자 목적|구성종목|산업·국가 비중|분배 일정|실제 분배금 이력|필드별 출처
265690,ACE 러시아MSCI(합성),krx_numeric,,MSCI Russia 25% Capped Price Return Index,thin,23,D,low,low,low,low,none,0,3,false,상세 메타데이터|운용사|상품 설명·투자 목적|구성종목|산업·국가 비중|분배 일정|실제 분배금 이력|필드별 출처
266160,RISE 고배당,krx_numeric,,FnGuide 고배당포커스 지수,enriched,53,C,low,low,medium,low,none,10,4,true,운용사|상품 설명·투자 목적|산업·국가 비중|분배 일정|실제 분배금 이력
266360,KODEX K콘텐츠,krx_numeric,,KRX K콘텐츠,enriched,53,C,low,low,medium,low,none,10,4,true,운용사|상품 설명·투자 목적|산업·국가 비중|분배 일정|실제 분배금 이력
266370,KODEX IT,krx_numeric,,KRX 정보기술,enriched,53,C,low,low,medium,low,none,10,4,true,운용사|상품 설명·투자 목적|산업·국가 비중|분배 일정|실제 분배금 이력
266390,KODEX 경기소비재,krx_numeric,,KRX 경기소비재,enriched,53,C,low,low,medium,low,none,10,4,true,운용사|상품 설명·투자 목적|산업·국가 비중|분배 일정|실제 분배금 이력
266410,KODEX 필수소비재,krx_numeric,,KRX 필수소비재,enriched,53,C,low,low,medium,low,none,10,4,true,운용사|상품 설명·투자 목적|산업·국가 비중|분배 일정|실제 분배금 이력
266420,KODEX 헬스케어,krx_numeric,,KRX 헬스케어,enriched,53,C,low,low,medium,low,none,10,4,true,운용사|상품 설명·투자 목적|산업·국가 비중|분배 일정|실제 분배금 이력
266550,PLUS 중형주저변동50,krx_numeric,,FnGuide 중형주저변동50지수,enriched,53,C,low,low,medium,low,none,10,4,true,운용사|상품 설명·투자 목적|산업·국가 비중|분배 일정|실제 분배금 이력
267440,RISE 미국장기국채선물(H),krx_numeric,,S&P U.S. Treasury Bond Futures Excess Return Index,thin,23,D,low,low,low,low,none,0,4,false,상세 메타데이터|운용사|상품 설명·투자 목적|구성종목|산업·국가 비중|분배 일정|실제 분배금 이력|필드별 출처
267450,RISE 미국장기국채선물인버스(H),krx_numeric,,S&P U.S. Treasury Bond Futures Excess Return Index,thin,23,D,low,low,low,low,none,0,5,false,상세 메타데이터|운용사|상품 설명·투자 목적|구성종목|산업·국가 비중|분배 일정|실제 분배금 이력|필드별 출처
267490,RISE 미국장기국채선물레버리지(합성 H),krx_numeric,,S&P U.S. Treasury Bond Futures Excess Return Index,thin,23,D,low,low,low,low,none,0,5,false,상세 메타데이터|운용사|상품 설명·투자 목적|구성종목|산업·국가 비중|분배 일정|실제 분배금 이력|필드별 출처
267770,TIGER 200선물레버리지,krx_numeric,,코스피 200 선물지수,enriched,57,B,low,low,medium,medium,none,3,5,true,운용사|상품 설명·투자 목적|산업·국가 비중|분배 일정|실제 분배금 이력
269370,TIGER S&P글로벌인프라(합성),krx_numeric,,S&P Global Infrastructure Index,thin,23,D,low,low,low,low,none,0,3,false,상세 메타데이터|운용사|상품 설명·투자 목적|구성종목|산업·국가 비중|분배 일정|실제 분배금 이력|필드별 출처
269420,KODEX S&P글로벌인프라(합성),krx_numeric,,S&P Global Infrastructure Index,thin,23,D,low,low,low,low,none,0,3,false,상세 메타데이터|운용사|상품 설명·투자 목적|구성종목|산업·국가 비중|분배 일정|실제 분배금 이력|필드별 출처
269530,PLUS S&P글로벌인프라,krx_numeric,,S&P Global Infrastructure Index,thin,23,D,low,low,low,low,none,0,3,false,상세 메타데이터|운용사|상품 설명·투자 목적|구성종목|산업·국가 비중|분배 일정|실제 분배금 이력|필드별 출처
269540,PLUS 미국S&P500(H),krx_numeric,,S&P 500,thin,23,D,low,low,low,low,none,0,4,false,상세 메타데이터|운용사|상품 설명·투자 목적|구성종목|산업·국가 비중|분배 일정|실제 분배금 이력|필드별 출처
270800,RISE KQ고배당,krx_numeric,,FnGuide KQ고배당포커스 지수,enriched,53,C,low,low,medium,low,none,10,3,true,운용사|상품 설명·투자 목적|산업·국가 비중|분배 일정|실제 분배금 이력
270810,RISE 코스닥150,krx_numeric,,코스닥 150,enriched,53,C,low,low,medium,low,none,10,3,true,운용사|상품 설명·투자 목적|산업·국가 비중|분배 일정|실제 분배금 이력
271050,KODEX WTI원유선물인버스(H),krx_numeric,,S&P GSCI Crude Oil Index ER,thin,23,D,low,low,low,low,none,0,4,false,상세 메타데이터|운용사|상품 설명·투자 목적|구성종목|산업·국가 비중|분배 일정|실제 분배금 이력|필드별 출처
271060,KODEX 3대농산물선물(H),krx_numeric,,S&P GSCI Grains Select Index ER,thin,23,D,low,low,low,low,none,0,3,false,상세 메타데이터|운용사|상품 설명·투자 목적|구성종목|산업·국가 비중|분배 일정|실제 분배금 이력|필드별 출처
272560,RISE 단기국공채액티브,krx_numeric,,KIS 종합채권국공채3M~1.5Y지수,thin,23,D,low,low,low,low,none,0,3,false,상세 메타데이터|운용사|상품 설명·투자 목적|구성종목|산업·국가 비중|분배 일정|실제 분배금 이력|필드별 출처
272570,RISE 중장기국공채액티브,krx_numeric,,KIS 종합채권국공채4~5Y지수,thin,23,D,low,low,low,low,none,0,3,false,상세 메타데이터|운용사|상품 설명·투자 목적|구성종목|산업·국가 비중|분배 일정|실제 분배금 이력|필드별 출처
272580,TIGER 단기채권액티브,krx_numeric,,KIS MSB 6M PLUS 지수,thin,23,D,low,low,low,low,none,0,3,false,상세 메타데이터|운용사|상품 설명·투자 목적|구성종목|산업·국가 비중|분배 일정|실제 분배금 이력|필드별 출처
272910,ACE 중장기국공채액티브,krx_numeric,,KIS 종합채권국공채1-10Y지수,thin,23,D,low,low,low,low,none,0,3,false,상세 메타데이터|운용사|상품 설명·투자 목적|구성종목|산업·국가 비중|분배 일정|실제 분배금 이력|필드별 출처
273130,KODEX 종합채권(AA-이상)액티브,krx_numeric,,KAP 한국종합채권지수,thin,23,D,low,low,low,low,none,0,4,false,상세 메타데이터|운용사|상품 설명·투자 목적|구성종목|산업·국가 비중|분배 일정|실제 분배금 이력|필드별 출처
273140,KODEX 단기변동금리부채권액티브,krx_numeric,,KAP 단기변동금리부은행채권지수,thin,23,D,low,low,low,low,none,0,3,false,상세 메타데이터|운용사|상품 설명·투자 목적|구성종목|산업·국가 비중|분배 일정|실제 분배금 이력|필드별 출처
275280,KODEX 모멘텀주,krx_numeric,,MSCI Korea IMI Momentum Capped,enriched,53,C,low,low,medium,low,none,10,3,true,운용사|상품 설명·투자 목적|산업·국가 비중|분배 일정|실제 분배금 이력
275290,KODEX 가치주,krx_numeric,,MSCI Korea IMI Enhanced Value Capped,enriched,53,C,low,low,medium,low,none,10,4,true,운용사|상품 설명·투자 목적|산업·국가 비중|분배 일정|실제 분배금 이력
275300,KODEX 우량주,krx_numeric,,MSCI Korea IMI Quality Capped,enriched,53,C,low,low,medium,low,none,10,3,true,운용사|상품 설명·투자 목적|산업·국가 비중|분배 일정|실제 분배금 이력
275750,RISE 코스닥150선물인버스,krx_numeric,,F-코스닥150 지수,thin,23,D,low,low,low,low,none,0,4,false,상세 메타데이터|운용사|상품 설명·투자 목적|구성종목|산업·국가 비중|분배 일정|실제 분배금 이력|필드별 출처
275980,TIGER 글로벌4차산업혁신기술(합성 H),krx_numeric,,Morningstar Exponential Technologies Equal Weighted Select PR USD,thin,23,D,low,low,low,low,none,0,3,false,상세 메타데이터|운용사|상품 설명·투자 목적|구성종목|산업·국가 비중|분배 일정|실제 분배금 이력|필드별 출처
276000,TIGER 글로벌자원생산기업(합성 H),krx_numeric,,MorningStar Global Upstream Resources Index(PR),thin,23,D,low,low,low,low,none,0,3,false,상세 메타데이터|운용사|상품 설명·투자 목적|구성종목|산업·국가 비중|분배 일정|실제 분배금 이력|필드별 출처
276650,RISE 글로벌테크놀로지(합성 H),krx_numeric,,S&P Global 1200 Information Technology and Interactive Media & Services(PR),thin,23,D,low,low,low,low,none,0,3,false,상세 메타데이터|운용사|상품 설명·투자 목적|구성종목|산업·국가 비중|분배 일정|실제 분배금 이력|필드별 출처
276970,KODEX 미국S&P500배당귀족커버드콜(합성 H),krx_numeric,,S&P500 Dividend Aristocrats Covered Call(7.2% Premium) Index,thin,23,D,low,low,low,low,none,0,5,false,상세 메타데이터|운용사|상품 설명·투자 목적|구성종목|산업·국가 비중|분배 일정|실제 분배금 이력|필드별 출처
276990,KODEX 글로벌로봇(합성),krx_numeric,,ROBO Global Robotics & Automation UCITS Price Return Index,thin,23,D,low,low,low,low,none,0,3,false,상세 메타데이터|운용사|상품 설명·투자 목적|구성종목|산업·국가 비중|분배 일정|실제 분배금 이력|필드별 출처
277540,ACE 아시아TOP50,krx_numeric,,S&P ASIA50 Price Return Index,thin,23,D,low,low,low,low,none,0,3,false,상세 메타데이터|운용사|상품 설명·투자 목적|구성종목|산업·국가 비중|분배 일정|실제 분배금 이력|필드별 출처
277630,TIGER 코스피,krx_numeric,,코스피,enriched,53,C,low,low,medium,low,none,10,3,true,운용사|상품 설명·투자 목적|산업·국가 비중|분배 일정|실제 분배금 이력
277640,TIGER 코스피대형주,krx_numeric,,코스피 대형주,enriched,53,C,low,low,medium,low,none,10,3,true,운용사|상품 설명·투자 목적|산업·국가 비중|분배 일정|실제 분배금 이력
277650,TIGER 코스피중형주,krx_numeric,,코스피 중형주,enriched,53,C,low,low,medium,low,none,10,3,true,운용사|상품 설명·투자 목적|산업·국가 비중|분배 일정|실제 분배금 이력
278240,RISE 코스닥150선물레버리지,krx_numeric,,F-코스닥150 지수,enriched,57,B,low,low,medium,medium,none,3,4,true,운용사|상품 설명·투자 목적|산업·국가 비중|분배 일정|실제 분배금 이력
278530,KODEX 200TR,krx_numeric,,코스피 200 TR,enriched,53,C,low,low,medium,low,none,10,4,true,운용사|상품 설명·투자 목적|산업·국가 비중|분배 일정|실제 분배금 이력
278540,KODEX MSCI Korea TR,krx_numeric,,MSCI Korea TR Index,enriched,53,C,low,low,medium,low,none,10,3,true,운용사|상품 설명·투자 목적|산업·국가 비중|분배 일정|실제 분배금 이력
278620,PLUS 단기채권액티브,krx_numeric,,"KAP 투자적격 크레딧 채권 1년 지수(A- 이상,총수익)",thin,23,D,low,low,low,low,none,0,4,false,상세 메타데이터|운용사|상품 설명·투자 목적|구성종목|산업·국가 비중|분배 일정|실제 분배금 이력|필드별 출처
279530,KODEX 고배당주,krx_numeric,,FnGuide 고배당 Plus 지수,enriched,53,C,low,low,medium,low,none,10,4,true,운용사|상품 설명·투자 목적|산업·국가 비중|분배 일정|실제 분배금 이력
279540,KODEX 최소변동성,krx_numeric,,KRX 최소변동성지수,enriched,53,C,low,low,medium,low,none,10,4,true,운용사|상품 설명·투자 목적|산업·국가 비중|분배 일정|실제 분배금 이력
280320,ACE 미국IT인터넷(합성 H),krx_numeric,,다우존스 인터넷 종합지수,thin,23,D,low,low,low,low,none,0,3,false,상세 메타데이터|운용사|상품 설명·투자 목적|구성종목|산업·국가 비중|분배 일정|실제 분배금 이력|필드별 출처
280920,PLUS 주도업종,krx_numeric,,FnGuide 주도업종 지수,enriched,53,C,low,low,medium,low,none,10,3,true,운용사|상품 설명·투자 목적|산업·국가 비중|분배 일정|실제 분배금 이력
280930,KODEX 미국러셀2000(H),krx_numeric,,FTSE Russell 2000 Index,thin,23,D,low,low,low,low,none,0,3,false,상세 메타데이터|운용사|상품 설명·투자 목적|구성종목|산업·국가 비중|분배 일정|실제 분배금 이력|필드별 출처
280940,KODEX 골드선물인버스(H),krx_numeric,,S&P GSCI GOLD Index Excess Return,thin,23,D,low,low,low,low,none,0,4,false,상세 메타데이터|운용사|상품 설명·투자 목적|구성종목|산업·국가 비중|분배 일정|실제 분배금 이력|필드별 출처
281990,RISE 중소형고배당,krx_numeric,,FnGuide 중소형고배당포커스 지수,enriched,53,C,low,low,medium,low,none,10,4,true,운용사|상품 설명·투자 목적|산업·국가 비중|분배 일정|실제 분배금 이력
282000,RISE 국고채3년선물인버스,krx_numeric,,국채선물지수,thin,23,D,low,low,low,low,none,0,5,false,상세 메타데이터|운용사|상품 설명·투자 목적|구성종목|산업·국가 비중|분배 일정|실제 분배금 이력|필드별 출처
283580,KODEX 차이나CSI300,krx_numeric,,CSI 300 Index,thin,23,D,low,low,low,low,none,0,3,false,상세 메타데이터|운용사|상품 설명·투자 목적|구성종목|산업·국가 비중|분배 일정|실제 분배금 이력|필드별 출처
284430,KODEX 200미국채혼합50,krx_numeric,,코스피 200 미국채 혼합지수,thin,23,D,low,low,low,low,none,0,5,false,상세 메타데이터|운용사|상품 설명·투자 목적|구성종목|산업·국가 비중|분배 일정|실제 분배금 이력|필드별 출처
284980,RISE 200금융,krx_numeric,,코스피 200 금융,enriched,53,C,low,low,medium,low,none,10,5,true,운용사|상품 설명·투자 목적|산업·국가 비중|분배 일정|실제 분배금 이력
285690,FOCUS ESG리더스,krx_numeric,,KRX ESG Leaders 150,enriched,53,C,low,low,medium,low,none,10,4,true,운용사|상품 설명·투자 목적|산업·국가 비중|분배 일정|실제 분배금 이력
287180,PLUS 미국나스닥테크,krx_numeric,,NASDAQ 100 Technology Sector Index,thin,23,D,low,low,low,low,none,0,4,false,상세 메타데이터|운용사|상품 설명·투자 목적|구성종목|산업·국가 비중|분배 일정|실제 분배금 이력|필드별 출처
289040,KODEX MSCI KOREA ESG유니버설,krx_numeric,,MSCI Korea ESG Universal Capped Index,enriched,53,C,low,low,medium,low,none,10,4,true,운용사|상품 설명·투자 목적|산업·국가 비중|분배 일정|실제 분배금 이력
289250,TIGER MSCI KOREA ESG유니버설,krx_numeric,,MSCI Korea ESG Universal Index,enriched,53,C,low,low,medium,low,none,10,4,true,운용사|상품 설명·투자 목적|산업·국가 비중|분배 일정|실제 분배금 이력
289260,TIGER MSCI KOREA ESG리더스,krx_numeric,,MSCI Korea Country ESG Leaders Capped Index,enriched,53,C,low,low,medium,low,none,10,4,true,운용사|상품 설명·투자 목적|산업·국가 비중|분배 일정|실제 분배금 이력
289480,TIGER 200커버드콜,krx_numeric,,코스피 200 커버드콜 ATM 지수,enriched,57,B,low,low,medium,medium,none,10,5,true,운용사|상품 설명·투자 목적|산업·국가 비중|분배 일정|실제 분배금 이력
289670,PLUS 국채선물10년,krx_numeric,,10년국채선물지수,thin,23,D,low,low,low,low,none,0,4,false,상세 메타데이터|운용사|상품 설명·투자 목적|구성종목|산업·국가 비중|분배 일정|실제 분배금 이력|필드별 출처
290080,RISE 200고배당커버드콜ATM,krx_numeric,,코스피 200 고배당커버드콜 ATM 지수(시장가격지수),enriched,57,B,low,low,medium,medium,none,10,5,true,운용사|상품 설명·투자 목적|산업·국가 비중|분배 일정|실제 분배금 이력
290130,RISE ESG사회책임투자,krx_numeric,,KRX ESG 사회책임경영지수(S),enriched,53,C,low,low,medium,low,none,10,4,true,운용사|상품 설명·투자 목적|산업·국가 비중|분배 일정|실제 분배금 이력
291130,ACE MSCI멕시코(합성),krx_numeric,,MSCI MEXICO IMI 25/50 Price return Index,thin,23,D,low,low,low,low,none,0,3,false,상세 메타데이터|운용사|상품 설명·투자 목적|구성종목|산업·국가 비중|분배 일정|실제 분배금 이력|필드별 출처
291620,KIWOOM 코스닥150선물인버스,krx_numeric,,F-코스닥150 지수,thin,23,D,low,low,low,low,none,0,4,false,상세 메타데이터|운용사|상품 설명·투자 목적|구성종목|산업·국가 비중|분배 일정|실제 분배금 이력|필드별 출처
291630,KIWOOM 코스닥150선물레버리지,krx_numeric,,F-코스닥150 지수,enriched,57,B,low,low,medium,medium,none,1,4,true,운용사|상품 설명·투자 목적|산업·국가 비중|분배 일정|실제 분배금 이력
291680,RISE 차이나H선물인버스(H),krx_numeric,,Hang Seng China Enterprises Futures Index(Price Return),thin,23,D,low,low,low,low,none,0,4,false,상세 메타데이터|운용사|상품 설명·투자 목적|구성종목|산업·국가 비중|분배 일정|실제 분배금 이력|필드별 출처
291890,KODEX MSCI EM선물(H),krx_numeric,,iEdge Emerging Markets Futures Index(ER),thin,23,D,low,low,low,low,none,0,3,false,상세 메타데이터|운용사|상품 설명·투자 목적|구성종목|산업·국가 비중|분배 일정|실제 분배금 이력|필드별 출처
292050,RISE KRX300,krx_numeric,,KRX 300,enriched,53,C,low,low,medium,low,none,10,3,true,운용사|상품 설명·투자 목적|산업·국가 비중|분배 일정|실제 분배금 이력
292150,TIGER 코리아TOP10,krx_numeric,,FnGuide TOP10 지수,enriched,53,C,low,low,medium,low,none,10,3,true,운용사|상품 설명·투자 목적|산업·국가 비중|분배 일정|실제 분배금 이력
292160,TIGER KRX300,krx_numeric,,KRX 300,enriched,53,C,low,low,medium,low,none,10,3,true,운용사|상품 설명·투자 목적|산업·국가 비중|분배 일정|실제 분배금 이력
292190,KODEX KRX300,krx_numeric,,KRX 300,enriched,53,C,low,low,medium,low,none,10,3,true,운용사|상품 설명·투자 목적|산업·국가 비중|분배 일정|실제 분배금 이력
292500,SOL KRX300,krx_numeric,,KRX 300,enriched,53,C,low,low,medium,low,none,10,3,true,운용사|상품 설명·투자 목적|산업·국가 비중|분배 일정|실제 분배금 이력
292560,TIGER 일본엔선물,krx_numeric,,엔선물지수,thin,23,D,low,low,low,low,none,0,3,false,상세 메타데이터|운용사|상품 설명·투자 목적|구성종목|산업·국가 비중|분배 일정|실제 분배금 이력|필드별 출처
292770,KODEX 국채선물3년인버스,krx_numeric,,국채선물지수,thin,23,D,low,low,low,low,none,0,5,false,상세 메타데이터|운용사|상품 설명·투자 목적|구성종목|산업·국가 비중|분배 일정|실제 분배금 이력|필드별 출처
293180,HANARO 200,krx_numeric,,코스피 200,enriched,53,C,low,low,medium,low,none,10,4,true,운용사|상품 설명·투자 목적|산업·국가 비중|분배 일정|실제 분배금 이력
294400,KIWOOM 200TR,krx_numeric,,코스피 200 TR,enriched,53,C,low,low,medium,low,none,10,4,true,운용사|상품 설명·투자 목적|산업·국가 비중|분배 일정|실제 분배금 이력
295000,RISE 국채선물10년,krx_numeric,,10년국채선물지수,thin,23,D,low,low,low,low,none,0,4,false,상세 메타데이터|운용사|상품 설명·투자 목적|구성종목|산업·국가 비중|분배 일정|실제 분배금 이력|필드별 출처
295020,RISE 국채선물10년인버스,krx_numeric,,10년국채선물지수,thin,23,D,low,low,low,low,none,0,5,false,상세 메타데이터|운용사|상품 설명·투자 목적|구성종목|산업·국가 비중|분배 일정|실제 분배금 이력|필드별 출처
295040,SOL 200TR,krx_numeric,,코스피 200 TR,enriched,53,C,low,low,medium,low,none,10,4,true,운용사|상품 설명·투자 목적|산업·국가 비중|분배 일정|실제 분배금 이력
298340,PLUS 국채선물3년,krx_numeric,,국채선물지수,enriched,53,C,low,low,medium,low,none,1,4,true,운용사|상품 설명·투자 목적|산업·국가 비중|분배 일정|실제 분배금 이력
298770,KODEX 한국대만IT프리미어,krx_numeric,,한국 대만 IT 프리미어지수,thin,23,D,low,low,low,low,none,0,3,false,상세 메타데이터|운용사|상품 설명·투자 목적|구성종목|산업·국가 비중|분배 일정|실제 분배금 이력|필드별 출처
300610,TIGER K게임,krx_numeric,,WISE K게임 테마 지수,enriched,53,C,low,low,medium,low,none,10,4,true,운용사|상품 설명·투자 목적|산업·국가 비중|분배 일정|실제 분배금 이력
300640,RISE 게임테마,krx_numeric,,WISE 게임 테마 지수 (시장가격지수),enriched,53,C,low,low,medium,low,none,10,4,true,운용사|상품 설명·투자 목적|산업·국가 비중|분배 일정|실제 분배금 이력
300950,KODEX 게임산업,krx_numeric,,FnGuide 게임 산업 지수,enriched,53,C,low,low,medium,low,none,10,4,true,운용사|상품 설명·투자 목적|산업·국가 비중|분배 일정|실제 분배금 이력
301400,PLUS 코스닥150,krx_numeric,,코스닥 150,enriched,53,C,low,low,medium,low,none,10,3,true,운용사|상품 설명·투자 목적|산업·국가 비중|분배 일정|실제 분배금 이력
302190,TIGER 중장기국채,krx_numeric,,KIS 국채 3-10년 지수(시장가격지수),thin,23,D,low,low,low,low,none,0,4,false,상세 메타데이터|운용사|상품 설명·투자 목적|구성종목|산업·국가 비중|분배 일정|실제 분배금 이력|필드별 출처
302450,RISE 코스피,krx_numeric,,코스피,enriched,53,C,low,low,medium,low,none,10,3,true,운용사|상품 설명·투자 목적|산업·국가 비중|분배 일정|실제 분배금 이력
304660,KODEX 미국30년국채울트라선물(H),krx_numeric,,S&P Ultra T-Bond Futures Index(ER),thin,23,D,low,low,low,low,none,0,4,false,상세 메타데이터|운용사|상품 설명·투자 목적|구성종목|산업·국가 비중|분배 일정|실제 분배금 이력|필드별 출처
304670,KODEX 미국30년국채울트라선물인버스(H),krx_numeric,,S&P Ultra T-Bond Futures Index(ER),thin,23,D,low,low,low,low,none,0,5,false,상세 메타데이터|운용사|상품 설명·투자 목적|구성종목|산업·국가 비중|분배 일정|실제 분배금 이력|필드별 출처
304760,HANARO KRX300,krx_numeric,,KRX 300,enriched,53,C,low,low,medium,low,none,10,3,true,운용사|상품 설명·투자 목적|산업·국가 비중|분배 일정|실제 분배금 이력
304770,HANARO 코스닥150,krx_numeric,,코스닥 150,enriched,53,C,low,low,medium,low,none,10,3,true,운용사|상품 설명·투자 목적|산업·국가 비중|분배 일정|실제 분배금 이력
304780,HANARO 200선물레버리지,krx_numeric,,코스피 200 선물지수,enriched,57,B,low,low,medium,medium,none,3,5,true,운용사|상품 설명·투자 목적|산업·국가 비중|분배 일정|실제 분배금 이력
304940,KODEX 미국나스닥100선물(H),krx_numeric,,NASDAQ 100,thin,23,D,low,low,low,low,none,0,4,false,상세 메타데이터|운용사|상품 설명·투자 목적|구성종목|산업·국가 비중|분배 일정|실제 분배금 이력|필드별 출처
305050,ACE 코스피,krx_numeric,,코스피,enriched,53,C,low,low,medium,low,none,10,3,true,운용사|상품 설명·투자 목적|산업·국가 비중|분배 일정|실제 분배금 이력
305080,TIGER 미국채10년선물,krx_numeric,,S&P 10-Year U.S. Treasury Note Futures(ER),thin,23,D,low,low,low,low,none,0,4,false,상세 메타데이터|운용사|상품 설명·투자 목적|구성종목|산업·국가 비중|분배 일정|실제 분배금 이력|필드별 출처
305540,TIGER 2차전지테마,krx_numeric,,WISE 2차전지 테마 지수,enriched,53,C,low,low,medium,low,none,10,4,true,운용사|상품 설명·투자 목적|산업·국가 비중|분배 일정|실제 분배금 이력
305720,KODEX 2차전지산업,krx_numeric,,FnGuide 2차전지 산업 지수,enriched,53,C,low,low,medium,low,none,10,4,true,운용사|상품 설명·투자 목적|산업·국가 비중|분배 일정|실제 분배금 이력
306520,HANARO 200선물인버스,krx_numeric,,코스피 200 선물지수,thin,23,D,low,low,low,low,none,0,5,false,상세 메타데이터|운용사|상품 설명·투자 목적|구성종목|산업·국가 비중|분배 일정|실제 분배금 이력|필드별 출처
306530,HANARO 코스닥150선물레버리지,krx_numeric,,F-코스닥150 지수,enriched,57,B,low,low,medium,medium,none,2,4,true,운용사|상품 설명·투자 목적|산업·국가 비중|분배 일정|실제 분배금 이력
306950,KODEX KRX300레버리지,krx_numeric,,KRX 300,enriched,57,B,low,low,medium,medium,none,10,4,true,운용사|상품 설명·투자 목적|산업·국가 비중|분배 일정|실제 분배금 이력
307510,TIGER 의료기기,krx_numeric,,FnGuide 의료기기 지수,enriched,53,C,low,low,medium,low,none,10,4,true,운용사|상품 설명·투자 목적|산업·국가 비중|분배 일정|실제 분배금 이력
307520,TIGER 지주회사,krx_numeric,,FnGuide 지주회사 지수,enriched,53,C,low,low,medium,low,none,10,3,true,운용사|상품 설명·투자 목적|산업·국가 비중|분배 일정|실제 분배금 이력
308620,KODEX 미국10년국채선물,krx_numeric,,S&P 10-Year U.S. Treasury Note Futures KRW(ER),thin,23,D,low,low,low,low,none,0,4,false,상세 메타데이터|운용사|상품 설명·투자 목적|구성종목|산업·국가 비중|분배 일정|실제 분배금 이력|필드별 출처
309230,ACE 미국WideMoat동일가중,krx_numeric,,MorningStar Wide Moat Focus Index,thin,23,D,low,low,low,low,none,0,3,false,상세 메타데이터|운용사|상품 설명·투자 목적|구성종목|산업·국가 비중|분배 일정|실제 분배금 이력|필드별 출처
310080,RISE 중국MSCI China(H),krx_numeric,,"MSCI China Index(USD, Price Return)",thin,23,D,low,low,low,low,none,0,3,false,상세 메타데이터|운용사|상품 설명·투자 목적|구성종목|산업·국가 비중|분배 일정|실제 분배금 이력|필드별 출처
310960,TIGER 200TR,krx_numeric,,코스피 200 TR,enriched,53,C,low,low,medium,low,none,10,4,true,운용사|상품 설명·투자 목적|산업·국가 비중|분배 일정|실제 분배금 이력
310970,TIGER MSCI Korea TR,krx_numeric,,MSCI Korea TR Index,enriched,53,C,low,low,medium,low,none,10,3,true,운용사|상품 설명·투자 목적|산업·국가 비중|분배 일정|실제 분배금 이력
314250,KODEX 미국빅테크10(H),krx_numeric,,NYSE U.S. Big TECH 10 INDEX,thin,23,D,low,low,low,low,none,0,3,false,상세 메타데이터|운용사|상품 설명·투자 목적|구성종목|산업·국가 비중|분배 일정|실제 분배금 이력|필드별 출처
314700,HANARO 농업융복합산업,krx_numeric,,FnGuide 농업융복합산업 지수(시장가격),enriched,53,C,low,low,medium,low,none,10,4,true,운용사|상품 설명·투자 목적|산업·국가 비중|분배 일정|실제 분배금 이력
315270,TIGER 200커뮤니케이션서비스,krx_numeric,,코스피 200 커뮤니케이션서비스,enriched,53,C,low,low,medium,low,none,10,4,true,운용사|상품 설명·투자 목적|산업·국가 비중|분배 일정|실제 분배금 이력
315930,KODEX Top5PlusTR,krx_numeric,,FnGuide TOP 5 Plus Total Return 지수,enriched,53,C,low,low,medium,low,none,10,3,true,운용사|상품 설명·투자 목적|산업·국가 비중|분배 일정|실제 분배금 이력
315960,RISE 대형고배당10TR,krx_numeric,,WISE 대형고배당10 TR 지수,enriched,53,C,low,low,medium,low,none,10,4,true,운용사|상품 설명·투자 목적|산업·국가 비중|분배 일정|실제 분배금 이력
316300,ACE 싱가포르리츠,krx_numeric,,Morningstar Singapore REIT Yield Focus Index(PR),thin,23,D,low,low,low,low,none,0,3,false,상세 메타데이터|운용사|상품 설명·투자 목적|구성종목|산업·국가 비중|분배 일정|실제 분배금 이력|필드별 출처
316670,KIWOOM 코스닥150,krx_numeric,,코스닥 150,enriched,53,C,low,low,medium,low,none,10,3,true,운용사|상품 설명·투자 목적|산업·국가 비중|분배 일정|실제 분배금 이력
319640,TIGER 골드선물(H),krx_numeric,,S&P GSCI Gold Index(TR),thin,23,D,low,low,low,low,none,0,3,false,상세 메타데이터|운용사|상품 설명·투자 목적|구성종목|산업·국가 비중|분배 일정|실제 분배금 이력|필드별 출처
321410,KODEX 멀티에셋하이인컴(H),krx_numeric,,Morningstar Multi-Asset High Income 10% Capped Index,thin,23,D,low,low,low,low,none,0,3,false,상세 메타데이터|운용사|상품 설명·투자 목적|구성종목|산업·국가 비중|분배 일정|실제 분배금 이력|필드별 출처
322400,HANARO e커머스,krx_numeric,,FnGuide E커머스 지수,enriched,53,C,low,low,medium,low,none,10,3,true,운용사|상품 설명·투자 목적|산업·국가 비중|분배 일정|실제 분배금 이력
322410,HANARO K고배당,krx_numeric,,FnGuide 고배당 알파 지수,enriched,53,C,low,low,medium,low,none,10,4,true,운용사|상품 설명·투자 목적|산업·국가 비중|분배 일정|실제 분배금 이력
325010,KODEX 성장주,krx_numeric,,FnGuide 성장 지수(PR),enriched,53,C,low,low,medium,low,none,10,4,true,운용사|상품 설명·투자 목적|산업·국가 비중|분배 일정|실제 분배금 이력
325020,KODEX 배당가치,krx_numeric,,FnGuide SLV 배당가치 지수,enriched,53,C,low,low,medium,low,none,10,5,true,운용사|상품 설명·투자 목적|산업·국가 비중|분배 일정|실제 분배금 이력
326230,RISE 내수주플러스,krx_numeric,,FnGuide 내수주플러스 지수,enriched,53,C,low,low,medium,low,none,10,3,true,운용사|상품 설명·투자 목적|산업·국가 비중|분배 일정|실제 분배금 이력
326240,RISE IT플러스,krx_numeric,,FnGuide IT플러스 지수,enriched,53,C,low,low,medium,low,none,10,4,true,운용사|상품 설명·투자 목적|산업·국가 비중|분배 일정|실제 분배금 이력
328370,PLUS 코스피TR,krx_numeric,,코스피 TR,enriched,53,C,low,low,medium,low,none,10,3,true,운용사|상품 설명·투자 목적|산업·국가 비중|분배 일정|실제 분배금 이력
329200,TIGER 리츠부동산인프라,krx_numeric,,FnGuide 리츠부동산인프라,enriched,53,C,low,low,medium,low,none,10,3,true,운용사|상품 설명·투자 목적|산업·국가 비중|분배 일정|실제 분배금 이력
329650,KODEX TRF3070,krx_numeric,,FnGuide TRF 3070 지수,thin,23,D,low,low,low,low,none,0,3,false,상세 메타데이터|운용사|상품 설명·투자 목적|구성종목|산업·국가 비중|분배 일정|실제 분배금 이력|필드별 출처
329660,KODEX TRF5050,krx_numeric,,FnGuide TRF 5050 지수,thin,23,D,low,low,low,low,none,0,3,false,상세 메타데이터|운용사|상품 설명·투자 목적|구성종목|산업·국가 비중|분배 일정|실제 분배금 이력|필드별 출처
329670,KODEX TRF7030,krx_numeric,,FnGuide TRF 7030 지수,thin,23,D,low,low,low,low,none,0,3,false,상세 메타데이터|운용사|상품 설명·투자 목적|구성종목|산업·국가 비중|분배 일정|실제 분배금 이력|필드별 출처
329750,TIGER 미국달러단기채권액티브,krx_numeric,,KIS U.S. TREASURY BOND 0-1Y 지수(총수익),thin,23,D,low,low,low,low,none,0,3,false,상세 메타데이터|운용사|상품 설명·투자 목적|구성종목|산업·국가 비중|분배 일정|실제 분배금 이력|필드별 출처
332500,ACE 200TR,krx_numeric,,코스피 200 TR,enriched,53,C,low,low,medium,low,none,10,4,true,운용사|상품 설명·투자 목적|산업·국가 비중|분배 일정|실제 분배금 이력
332610,PLUS 미국단기회사채(AAA~A),krx_numeric,,ICE BofaAML 1-3 Year AAA-A US Corporate Index(총수익지수),thin,23,D,low,low,low,low,none,0,4,false,상세 메타데이터|운용사|상품 설명·투자 목적|구성종목|산업·국가 비중|분배 일정|실제 분배금 이력|필드별 출처
332620,PLUS 미국장기우량회사채,krx_numeric,,ICE BofaAML 15+ Year AAA-A US Corporate Index(총수익지수),thin,23,D,low,low,low,low,none,0,4,false,상세 메타데이터|운용사|상품 설명·투자 목적|구성종목|산업·국가 비중|분배 일정|실제 분배금 이력|필드별 출처
332930,HANARO 200TR,krx_numeric,,코스피 200 TR,enriched,53,C,low,low,medium,low,none,10,4,true,운용사|상품 설명·투자 목적|산업·국가 비중|분배 일정|실제 분배금 이력
332940,HANARO MSCI Korea TR,krx_numeric,,MSCI Korea TR Index,enriched,53,C,low,low,medium,low,none,10,3,true,운용사|상품 설명·투자 목적|산업·국가 비중|분배 일정|실제 분배금 이력
334690,RISE 팔라듐선물(H),krx_numeric,,S&P GSCI Palladium Excess Return Index,thin,23,D,low,low,low,low,none,0,3,false,상세 메타데이터|운용사|상품 설명·투자 목적|구성종목|산업·국가 비중|분배 일정|실제 분배금 이력|필드별 출처
334700,RISE 팔라듐선물인버스(H),krx_numeric,,S&P GSCI Palladium Excess Return Index,thin,23,D,low,low,low,low,none,0,4,false,상세 메타데이터|운용사|상품 설명·투자 목적|구성종목|산업·국가 비중|분배 일정|실제 분배금 이력|필드별 출처
336160,RISE 금융채액티브,krx_numeric,,KIS 종합채권금융채 2.5Y-3Y 지수 (총수익),thin,23,D,low,low,low,low,none,0,3,false,상세 메타데이터|운용사|상품 설명·투자 목적|구성종목|산업·국가 비중|분배 일정|실제 분배금 이력|필드별 출처
337120,KODEX 멀티팩터,krx_numeric,,FnGuide 멀티팩터 지수,enriched,53,C,low,low,medium,low,none,10,3,true,운용사|상품 설명·투자 목적|산업·국가 비중|분배 일정|실제 분배금 이력
337140,KODEX 코스피대형주,krx_numeric,,코스피 대형주,enriched,53,C,low,low,medium,low,none,10,3,true,운용사|상품 설명·투자 목적|산업·국가 비중|분배 일정|실제 분배금 이력
337150,KODEX 200exTOP,krx_numeric,,코스피 200 초대형제외 지수,enriched,53,C,low,low,medium,low,none,10,4,true,운용사|상품 설명·투자 목적|산업·국가 비중|분배 일정|실제 분배금 이력
337160,KODEX 200ESG,krx_numeric,,코스피 200 ESG 지수,enriched,53,C,low,low,medium,low,none,10,4,true,운용사|상품 설명·투자 목적|산업·국가 비중|분배 일정|실제 분배금 이력
341850,TIGER 리츠부동산인프라채권,krx_numeric,,KIS 리츠부동산인프라채권PR 지수,enriched,53,C,low,low,medium,low,none,10,3,true,운용사|상품 설명·투자 목적|산업·국가 비중|분배 일정|실제 분배금 이력
352540,KODEX 일본부동산리츠(H),krx_numeric,,Tokyo Stock Exchange REIT Index,thin,23,D,low,low,low,low,none,0,3,false,상세 메타데이터|운용사|상품 설명·투자 목적|구성종목|산업·국가 비중|분배 일정|실제 분배금 이력|필드별 출처
352560,KODEX 미국부동산리츠(H),krx_numeric,,Dow Jones U.S. Real Estate PR Index,thin,23,D,low,low,low,low,none,0,3,false,상세 메타데이터|운용사|상품 설명·투자 목적|구성종목|산업·국가 비중|분배 일정|실제 분배금 이력|필드별 출처
354240,RISE 미국고정배당우선증권,krx_numeric,,ICE BofAML Core Plus Fixed Rate Preferred Securities Index(PR),thin,23,D,low,low,low,low,none,0,3,false,상세 메타데이터|운용사|상품 설명·투자 목적|구성종목|산업·국가 비중|분배 일정|실제 분배금 이력|필드별 출처
354350,HANARO 글로벌럭셔리S&P(합성),krx_numeric,,S&P Global Luxury Index,thin,23,D,low,low,low,low,none,0,3,false,상세 메타데이터|운용사|상품 설명·투자 목적|구성종목|산업·국가 비중|분배 일정|실제 분배금 이력|필드별 출처
354500,ACE 코스닥150,krx_numeric,,코스닥 150,enriched,53,C,low,low,medium,low,none,10,3,true,운용사|상품 설명·투자 목적|산업·국가 비중|분배 일정|실제 분배금 이력
356540,ACE 종합채권(AA-이상)액티브,krx_numeric,,KIS 종합채권 AA-이상 총수익 지수(Total return Index),thin,23,D,low,low,low,low,none,0,4,false,상세 메타데이터|운용사|상품 설명·투자 목적|구성종목|산업·국가 비중|분배 일정|실제 분배금 이력|필드별 출처
357870,TIGER CD금리투자KIS(합성),krx_numeric,,KIS CD Index(총수익),thin,23,D,low,low,low,low,none,0,4,false,상세 메타데이터|운용사|상품 설명·투자 목적|구성종목|산업·국가 비중|분배 일정|실제 분배금 이력|필드별 출처
359210,KODEX 코스피TR,krx_numeric,,코스피 TR,enriched,53,C,low,low,medium,low,none,10,3,true,운용사|상품 설명·투자 목적|산업·국가 비중|분배 일정|실제 분배금 이력
360140,KODEX 200롱코스닥150숏선물,krx_numeric,,코스피200 롱 100% 코스닥150 숏 100% 선물지수,enriched,53,C,low,low,medium,low,none,10,4,true,운용사|상품 설명·투자 목적|산업·국가 비중|분배 일정|실제 분배금 이력
360150,KODEX 코스닥150롱코스피200숏선물,krx_numeric,,코스닥150 롱 100% 코스피200 숏 100% 선물지수,enriched,53,C,low,low,medium,low,none,2,4,true,운용사|상품 설명·투자 목적|산업·국가 비중|분배 일정|실제 분배금 이력
360200,ACE 미국S&P500,krx_numeric,,S&P 500,thin,23,D,low,low,low,low,none,0,4,false,상세 메타데이터|운용사|상품 설명·투자 목적|구성종목|산업·국가 비중|분배 일정|실제 분배금 이력|필드별 출처
360750,TIGER 미국S&P500,krx_numeric,미래에셋자산운용(주),S&P 500,enriched,51,C,medium,low,low,medium,low,0,4,true,상품 설명·투자 목적|구성종목|산업·국가 비중|실제 분배금 이력
361580,RISE 200TR,krx_numeric,,코스피 200 TR,enriched,53,C,low,low,medium,low,none,10,4,true,운용사|상품 설명·투자 목적|산업·국가 비중|분배 일정|실제 분배금 이력
363510,SOL KIS단기통안채,krx_numeric,,KIS 단기통안채 Index(총수익),thin,23,D,low,low,low,low,none,0,4,false,상세 메타데이터|운용사|상품 설명·투자 목적|구성종목|산업·국가 비중|분배 일정|실제 분배금 이력|필드별 출처
363570,KODEX 장기종합채권(AA-이상)액티브,krx_numeric,,"KAP 한국장기종합채권지수(AA-이상, 총수익)",thin,23,D,low,low,low,low,none,0,4,false,상세 메타데이터|운용사|상품 설명·투자 목적|구성종목|산업·국가 비중|분배 일정|실제 분배금 이력|필드별 출처
363580,KODEX 200IT TR,krx_numeric,,코스피200 정보기술 TR,enriched,53,C,low,low,medium,low,none,10,6,true,운용사|상품 설명·투자 목적|산업·국가 비중|분배 일정|실제 분배금 이력
364690,KODEX 혁신기술테마액티브,krx_numeric,,코스피,enriched,57,B,low,low,medium,medium,none,10,4,true,운용사|상품 설명·투자 목적|산업·국가 비중|분배 일정|실제 분배금 이력
364960,TIGER BBIG,krx_numeric,,KRX BBIG 지수,enriched,53,C,low,low,medium,low,none,10,6,true,운용사|상품 설명·투자 목적|산업·국가 비중|분배 일정|실제 분배금 이력
364970,TIGER 바이오TOP10,krx_numeric,,KRX 바이오 TOP 10 지수,enriched,53,C,low,low,medium,low,none,10,4,true,운용사|상품 설명·투자 목적|산업·국가 비중|분배 일정|실제 분배금 이력
364980,TIGER 2차전지TOP10,krx_numeric,,KRX 2차전지 TOP 10 지수,enriched,53,C,low,low,medium,low,none,10,4,true,운용사|상품 설명·투자 목적|산업·국가 비중|분배 일정|실제 분배금 이력
364990,TIGER 게임TOP10,krx_numeric,,KRX 게임 TOP 10 지수,enriched,53,C,low,low,medium,low,none,10,4,true,운용사|상품 설명·투자 목적|산업·국가 비중|분배 일정|실제 분배금 이력
365000,TIGER 인터넷TOP10,krx_numeric,,KRX 인터넷 TOP 10 지수,enriched,53,C,low,low,medium,low,none,10,4,true,운용사|상품 설명·투자 목적|산업·국가 비중|분배 일정|실제 분배금 이력
365040,TIGER AI코리아그로스액티브,krx_numeric,,코스피,enriched,57,B,low,low,medium,medium,none,10,5,true,운용사|상품 설명·투자 목적|산업·국가 비중|분배 일정|실제 분배금 이력
365780,ACE 국고채10년,krx_numeric,,KIS 10년 국고채 지수 (총수익),thin,23,D,low,low,low,low,none,0,4,false,상세 메타데이터|운용사|상품 설명·투자 목적|구성종목|산업·국가 비중|분배 일정|실제 분배금 이력|필드별 출처
367380,ACE 미국나스닥100,krx_numeric,,NASDAQ 100,thin,23,D,low,low,low,low,none,0,4,false,상세 메타데이터|운용사|상품 설명·투자 목적|구성종목|산업·국가 비중|분배 일정|실제 분배금 이력|필드별 출처
367740,HANARO Fn5G산업,krx_numeric,,FnGuide 5G 산업 지수,enriched,53,C,low,low,medium,low,none,10,4,true,운용사|상품 설명·투자 목적|산업·국가 비중|분배 일정|실제 분배금 이력
367760,RISE 네트워크인프라,krx_numeric,,FnGuide 네트워크 인프라 지수,enriched,53,C,low,low,medium,low,none,10,4,true,운용사|상품 설명·투자 목적|산업·국가 비중|분배 일정|실제 분배금 이력
367770,RISE 수소경제테마,krx_numeric,,FnGuide 수소 경제 테마 지수,enriched,53,C,low,low,medium,low,none,10,4,true,운용사|상품 설명·투자 목적|산업·국가 비중|분배 일정|실제 분배금 이력
368190,HANARO Fn K-뉴딜디지털플러스,krx_numeric,,FnGuide K-뉴딜 디지털 플러스 지수,enriched,53,C,low,low,medium,low,none,10,5,true,운용사|상품 설명·투자 목적|산업·국가 비중|분배 일정|실제 분배금 이력
368590,RISE 미국나스닥100,krx_numeric,,NASDAQ 100,thin,23,D,low,low,low,low,none,0,4,false,상세 메타데이터|운용사|상품 설명·투자 목적|구성종목|산업·국가 비중|분배 일정|실제 분배금 이력|필드별 출처
368680,KODEX K-뉴딜디지털플러스,krx_numeric,,FnGuide K-뉴딜 디지털 플러스 지수,enriched,53,C,low,low,medium,low,none,10,5,true,운용사|상품 설명·투자 목적|산업·국가 비중|분배 일정|실제 분배금 이력
371150,RISE 차이나항셍테크,krx_numeric,,Hang Seng TECH Index,thin,23,D,low,low,low,low,none,0,3,false,상세 메타데이터|운용사|상품 설명·투자 목적|구성종목|산업·국가 비중|분배 일정|실제 분배금 이력|필드별 출처
371160,TIGER 차이나항셍테크,krx_numeric,,Hang Seng TECH Index,thin,23,D,low,low,low,low,none,0,3,false,상세 메타데이터|운용사|상품 설명·투자 목적|구성종목|산업·국가 비중|분배 일정|실제 분배금 이력|필드별 출처
371450,TIGER 글로벌클라우드컴퓨팅INDXX,krx_numeric,,Indxx Global Cloud Computing Index(PR),thin,23,D,low,low,low,low,none,0,3,false,상세 메타데이터|운용사|상품 설명·투자 목적|구성종목|산업·국가 비중|분배 일정|실제 분배금 이력|필드별 출처
371460,TIGER 차이나전기차SOLACTIVE,krx_numeric,,Solactive China Electric Vehicle and Battery Index(PR),thin,23,D,low,low,low,low,none,0,3,false,상세 메타데이터|운용사|상품 설명·투자 목적|구성종목|산업·국가 비중|분배 일정|실제 분배금 이력|필드별 출처
371470,TIGER 차이나바이오테크SOLACTIVE,krx_numeric,,Solactive China Biotech Index(PR),thin,23,D,low,low,low,low,none,0,3,false,상세 메타데이터|운용사|상품 설명·투자 목적|구성종목|산업·국가 비중|분배 일정|실제 분배금 이력|필드별 출처
371870,ACE 차이나항셍테크,krx_numeric,,Hang Seng TECH Index,thin,23,D,low,low,low,low,none,0,3,false,상세 메타데이터|운용사|상품 설명·투자 목적|구성종목|산업·국가 비중|분배 일정|실제 분배금 이력|필드별 출처
372330,KODEX 차이나항셍테크,krx_numeric,,Hang Seng TECH Index,thin,23,D,low,low,low,low,none,0,3,false,상세 메타데이터|운용사|상품 설명·투자 목적|구성종목|산업·국가 비중|분배 일정|실제 분배금 이력|필드별 출처
373490,KODEX 코리아혁신성장액티브,krx_numeric,,FnGuide K-이노베이션 지수,enriched,57,B,low,low,medium,medium,none,10,4,true,운용사|상품 설명·투자 목적|산업·국가 비중|분배 일정|실제 분배금 이력
373790,KIWOOM 미국방어배당성장나스닥,krx_numeric,,Nasdaq US Low Volatility Dividend Achievers Index,thin,23,D,low,low,low,low,none,0,3,false,상세 메타데이터|운용사|상품 설명·투자 목적|구성종목|산업·국가 비중|분배 일정|실제 분배금 이력|필드별 출처
375270,RISE 글로벌데이터센터리츠(합성),krx_numeric,,Kelly Data Center & Tech Infrastructure Net Total Return Index,thin,23,D,low,low,low,low,none,0,3,false,상세 메타데이터|운용사|상품 설명·투자 목적|구성종목|산업·국가 비중|분배 일정|실제 분배금 이력|필드별 출처
375760,HANARO 탄소효율그린뉴딜,krx_numeric,,KRX/S&P 탄소효율 그린뉴딜지수,enriched,53,C,low,low,medium,low,none,10,4,true,운용사|상품 설명·투자 목적|산업·국가 비중|분배 일정|실제 분배금 이력
375770,KODEX 탄소효율그린뉴딜,krx_numeric,,KRX/S&P 탄소효율 그린뉴딜지수,enriched,53,C,low,low,medium,low,none,10,4,true,운용사|상품 설명·투자 목적|산업·국가 비중|분배 일정|실제 분배금 이력
376410,TIGER 탄소효율그린뉴딜,krx_numeric,,KRX/S&P 탄소효율 그린뉴딜지수,enriched,53,C,low,low,medium,low,none,10,4,true,운용사|상품 설명·투자 목적|산업·국가 비중|분배 일정|실제 분배금 이력
377990,TIGER Fn신재생에너지,krx_numeric,,FnGuide 신재생에너지 지수,enriched,53,C,low,low,medium,low,none,10,4,true,운용사|상품 설명·투자 목적|산업·국가 비중|분배 일정|실제 분배금 이력
379780,RISE 미국S&P500,krx_numeric,,S&P 500,thin,23,D,low,low,low,low,none,0,4,false,상세 메타데이터|운용사|상품 설명·투자 목적|구성종목|산업·국가 비중|분배 일정|실제 분배금 이력|필드별 출처
379790,RISE 유로스탁스50(H),krx_numeric,,EURO STOXX 50 Index,thin,23,D,low,low,low,low,none,0,3,false,상세 메타데이터|운용사|상품 설명·투자 목적|구성종목|산업·국가 비중|분배 일정|실제 분배금 이력|필드별 출처
379800,KODEX 미국S&P500,krx_numeric,삼성자산운용(주),S&P 500 Total Return Index,enriched,51,C,medium,low,low,medium,low,0,4,true,상품 설명·투자 목적|구성종목|산업·국가 비중|실제 분배금 이력
379810,KODEX 미국나스닥100,krx_numeric,삼성자산운용(주),NASDAQ-100 Total Return Index,enriched,51,C,medium,low,low,medium,low,0,4,true,상품 설명·투자 목적|구성종목|산업·국가 비중|실제 분배금 이력
380340,ACE 코리아AI테크핵심산업,krx_numeric,,FnGuide 코리아AI테크핵심산업지수 (Price Return),enriched,53,C,low,low,medium,low,none,10,5,true,운용사|상품 설명·투자 목적|산업·국가 비중|분배 일정|실제 분배금 이력
381170,TIGER 미국테크TOP10 INDXX,krx_numeric,,Indxx US Tech Top 10 Index,thin,23,D,low,low,low,low,none,0,3,false,상세 메타데이터|운용사|상품 설명·투자 목적|구성종목|산업·국가 비중|분배 일정|실제 분배금 이력|필드별 출처
381180,TIGER 미국필라델피아반도체나스닥,krx_numeric,,PHLX Semiconductor Sector Index,thin,23,D,low,low,low,low,none,0,3,false,상세 메타데이터|운용사|상품 설명·투자 목적|구성종목|산업·국가 비중|분배 일정|실제 분배금 이력|필드별 출처
381560,HANARO Fn전기&수소차,krx_numeric,,FnGuide 전기&수소차 지수 (시장가격),enriched,53,C,low,low,medium,low,none,10,4,true,운용사|상품 설명·투자 목적|산업·국가 비중|분배 일정|실제 분배금 이력
381570,HANARO Fn친환경에너지,krx_numeric,,FnGuide 친환경에너지 지수 (시장가격),enriched,53,C,low,low,medium,low,none,10,5,true,운용사|상품 설명·투자 목적|산업·국가 비중|분배 일정|실제 분배금 이력
385510,KODEX 신재생에너지액티브,krx_numeric,,FnGuide K-신재생에너지 플러스 지수,enriched,57,B,low,low,medium,medium,none,10,4,true,운용사|상품 설명·투자 목적|산업·국가 비중|분배 일정|실제 분배금 이력
385520,KODEX 자율주행액티브,krx_numeric,,FnGuide K-미래차 지수,enriched,57,B,low,low,medium,medium,none,10,4,true,운용사|상품 설명·투자 목적|산업·국가 비중|분배 일정|실제 분배금 이력
385540,RISE 종합채권(A-이상)액티브,krx_numeric,,KIS 종합채권 지수(A-이상)(총수익지수),thin,23,D,low,low,low,low,none,0,3,false,상세 메타데이터|운용사|상품 설명·투자 목적|구성종목|산업·국가 비중|분배 일정|실제 분배금 이력|필드별 출처
385550,RISE 단기채권알파액티브,krx_numeric,,KIS 단기채권알파지수(AA-이상)(총수익지수),thin,23,D,low,low,low,low,none,0,4,false,상세 메타데이터|운용사|상품 설명·투자 목적|구성종목|산업·국가 비중|분배 일정|실제 분배금 이력|필드별 출처
385560,RISE KIS국고채30년Enhanced,krx_numeric,,KIS 국고채30년Enhanced지수(시장가격),thin,23,D,low,low,low,low,none,0,4,false,상세 메타데이터|운용사|상품 설명·투자 목적|구성종목|산업·국가 비중|분배 일정|실제 분배금 이력|필드별 출처
385590,ACE ESG액티브,krx_numeric,,MSCI Korea Country ESG Leaders Custom Capped Price return Index,enriched,57,B,low,low,medium,medium,none,10,4,true,운용사|상품 설명·투자 목적|산업·국가 비중|분배 일정|실제 분배금 이력
385600,ACE 2차전지&친환경차액티브,krx_numeric,,FnGuide 친환경 자동차 밸류체인 지수,enriched,57,B,low,low,medium,medium,none,10,4,true,운용사|상품 설명·투자 목적|산업·국가 비중|분배 일정|실제 분배금 이력
385710,TIME K이노베이션액티브,krx_numeric,,KRX BBIG 지수,enriched,57,B,low,low,medium,medium,none,10,5,true,운용사|상품 설명·투자 목적|산업·국가 비중|분배 일정|실제 분배금 이력
385720,TIME 코스피액티브,krx_numeric,,코스피,enriched,57,B,low,low,medium,medium,none,10,3,true,운용사|상품 설명·투자 목적|산업·국가 비중|분배 일정|실제 분배금 이력
387270,TIGER 글로벌이노베이션액티브,krx_numeric,,NASDAQ 100,thin,23,D,low,low,low,low,none,0,4,false,상세 메타데이터|운용사|상품 설명·투자 목적|구성종목|산업·국가 비중|분배 일정|실제 분배금 이력|필드별 출처
387280,TIGER 퓨처모빌리티액티브,krx_numeric,,FnGuide 퓨처모빌리티 지수,enriched,57,B,low,low,medium,medium,none,10,5,true,운용사|상품 설명·투자 목적|산업·국가 비중|분배 일정|실제 분배금 이력
388280,RISE K엔터&여행레저,krx_numeric,,FnGuide K엔터&여행레저 지수,enriched,53,C,low,low,medium,low,none,10,4,true,운용사|상품 설명·투자 목적|산업·국가 비중|분배 일정|실제 분배금 이력
388420,RISE 비메모리반도체액티브,krx_numeric,,iSelect 비메모리반도체 지수(시장가격지수),enriched,57,B,low,low,medium,medium,none,10,4,true,운용사|상품 설명·투자 목적|산업·국가 비중|분배 일정|실제 분배금 이력
390390,KODEX 미국반도체,krx_numeric,,MVIS US Listed Semiconductor 25 Index,thin,23,D,low,low,low,low,none,0,3,false,상세 메타데이터|운용사|상품 설명·투자 목적|구성종목|산업·국가 비중|분배 일정|실제 분배금 이력|필드별 출처
390400,KODEX 미국스마트모빌리티S&P,krx_numeric,,S&P Kensho Smart Transportation,thin,23,D,low,low,low,low,none,0,3,false,상세 메타데이터|운용사|상품 설명·투자 목적|구성종목|산업·국가 비중|분배 일정|실제 분배금 이력|필드별 출처
391600,ACE 미국친환경그린테마,krx_numeric,,Indxx US Green Infrastructure Price return Index,thin,23,D,low,low,low,low,none,0,3,false,상세 메타데이터|운용사|상품 설명·투자 목적|구성종목|산업·국가 비중|분배 일정|실제 분배금 이력|필드별 출처
391670,HK 베스트일레븐액티브,krx_numeric,,코스피 200,enriched,57,B,low,low,medium,medium,none,10,4,true,운용사|상품 설명·투자 목적|산업·국가 비중|분배 일정|실제 분배금 이력
394660,TIGER 글로벌자율주행&전기차SOLACTIVE,krx_numeric,,Solactive Autonomous & Electric Vehicles 지수(PR),thin,23,D,low,low,low,low,none,0,3,false,상세 메타데이터|운용사|상품 설명·투자 목적|구성종목|산업·국가 비중|분배 일정|실제 분배금 이력|필드별 출처
394670,TIGER 글로벌리튬&2차전지SOLACTIVE(합성),krx_numeric,,Solactive Global Lithium 지수(PR),thin,23,D,low,low,low,low,none,0,3,false,상세 메타데이터|운용사|상품 설명·투자 목적|구성종목|산업·국가 비중|분배 일정|실제 분배금 이력|필드별 출처
395150,KODEX 웹툰&드라마,krx_numeric,,FnGuide 웹툰&드라마 지수,enriched,53,C,low,low,medium,low,none,10,4,true,운용사|상품 설명·투자 목적|산업·국가 비중|분배 일정|실제 분배금 이력
395160,KODEX AI반도체TOP2플러스,krx_numeric,,FnGuide AI반도체 TOP2+ 지수,enriched,53,C,low,low,medium,low,none,10,4,true,운용사|상품 설명·투자 목적|산업·국가 비중|분배 일정|실제 분배금 이력
395170,KODEX Top10동일가중,krx_numeric,,FnGuide TOP10 동일가중 지수,enriched,53,C,low,low,medium,low,none,10,3,true,운용사|상품 설명·투자 목적|산업·국가 비중|분배 일정|실제 분배금 이력
395270,HANARO Fn K-반도체,krx_numeric,,FnGuide K-반도체 지수,enriched,53,C,low,low,medium,low,none,10,4,true,운용사|상품 설명·투자 목적|산업·국가 비중|분배 일정|실제 분배금 이력
395280,HANARO Fn K-게임,krx_numeric,,FnGuide K-게임 지수,enriched,53,C,low,low,medium,low,none,10,4,true,운용사|상품 설명·투자 목적|산업·국가 비중|분배 일정|실제 분배금 이력
395290,HANARO Fn K-POP&미디어,krx_numeric,,FnGuide K-POP & 미디어 지수,enriched,53,C,low,low,medium,low,none,10,4,true,운용사|상품 설명·투자 목적|산업·국가 비중|분배 일정|실제 분배금 이력
395750,PLUS ESG가치주액티브,krx_numeric,,FnGuide 한화 ESG 가치 지수,enriched,57,B,low,low,medium,medium,none,10,4,true,운용사|상품 설명·투자 목적|산업·국가 비중|분배 일정|실제 분배금 이력
395760,PLUS ESG성장주액티브,krx_numeric,,FnGuide 한화 ESG 성장 지수,enriched,57,B,low,low,medium,medium,none,10,4,true,운용사|상품 설명·투자 목적|산업·국가 비중|분배 일정|실제 분배금 이력
396500,TIGER 반도체TOP10,krx_numeric,,FnGuide 반도체TOP10 지수,enriched,53,C,low,low,medium,low,none,10,4,true,운용사|상품 설명·투자 목적|산업·국가 비중|분배 일정|실제 분배금 이력
396510,TIGER 차이나클린에너지SOLACTIVE,krx_numeric,,Solactive China Clean Energy 지수(PR),thin,23,D,low,low,low,low,none,0,3,false,상세 메타데이터|운용사|상품 설명·투자 목적|구성종목|산업·국가 비중|분배 일정|실제 분배금 이력|필드별 출처
396520,TIGER 차이나반도체FACTSET,krx_numeric,,FactSet China Semiconductor 지수(PR),thin,23,D,low,low,low,low,none,0,3,false,상세 메타데이터|운용사|상품 설명·투자 목적|구성종목|산업·국가 비중|분배 일정|실제 분배금 이력|필드별 출처
397420,RISE 국채선물5년추종,krx_numeric,,5년 국채선물 추종 지수,thin,23,D,low,low,low,low,none,0,4,false,상세 메타데이터|운용사|상품 설명·투자 목적|구성종목|산업·국가 비중|분배 일정|실제 분배금 이력|필드별 출처
399110,SOL 미국S&P500ESG,krx_numeric,,S&P500 Scored&Screened(PR),thin,23,D,low,low,low,low,none,0,4,false,상세 메타데이터|운용사|상품 설명·투자 목적|구성종목|산업·국가 비중|분배 일정|실제 분배금 이력|필드별 출처
399580,RISE 글로벌클린에너지,krx_numeric,,S&P Global Clean Energy Transition Index (Price Return),thin,23,D,low,low,low,low,none,0,3,false,상세 메타데이터|운용사|상품 설명·투자 목적|구성종목|산업·국가 비중|분배 일정|실제 분배금 이력|필드별 출처
400570,KODEX 유럽탄소배출권선물ICE(H),krx_numeric,,ICE EUA Carbon Futures Index(Excess Return),thin,23,D,low,low,low,low,none,0,3,false,상세 메타데이터|운용사|상품 설명·투자 목적|구성종목|산업·국가 비중|분배 일정|실제 분배금 이력|필드별 출처
400580,SOL 유럽탄소배출권선물S&P(H),krx_numeric,,S&P GSCI Carbon Emission Allowances(EUA)(EUR)ER,thin,23,D,low,low,low,low,none,0,3,false,상세 메타데이터|운용사|상품 설명·투자 목적|구성종목|산업·국가 비중|분배 일정|실제 분배금 이력|필드별 출처
400590,SOL 글로벌탄소배출권선물ICE(합성),krx_numeric,,ICE Global Carbon Futures Index(Excess Return),thin,23,D,low,low,low,low,none,0,3,false,상세 메타데이터|운용사|상품 설명·투자 목적|구성종목|산업·국가 비중|분배 일정|실제 분배금 이력|필드별 출처
400970,TIGER Fn메타버스,krx_numeric,,FnGuide 메타버스테마 지수,enriched,53,C,low,low,medium,low,none,10,4,true,운용사|상품 설명·투자 목적|산업·국가 비중|분배 일정|실제 분배금 이력
401170,RISE 메타버스,krx_numeric,,iSelect 메타버스 지수(시장가격지수),enriched,53,C,low,low,medium,low,none,10,4,true,운용사|상품 설명·투자 목적|산업·국가 비중|분배 일정|실제 분배금 이력
401470,KODEX 메타버스액티브,krx_numeric,,FnGuide K-메타버스 지수,enriched,57,B,low,low,medium,medium,none,10,4,true,운용사|상품 설명·투자 목적|산업·국가 비중|분배 일정|실제 분배금 이력
401590,HANARO 글로벌탄소배출권선물ICE(합성),krx_numeric,,ICE Global Carbon Futures Index(Excess Return),thin,23,D,low,low,low,low,none,0,3,false,상세 메타데이터|운용사|상품 설명·투자 목적|구성종목|산업·국가 비중|분배 일정|실제 분배금 이력|필드별 출처
402460,HANARO Fn K-메타버스MZ,krx_numeric,,FnGuide K-메타버스 MZ 지수(시장가격),enriched,53,C,low,low,medium,low,none,10,3,true,운용사|상품 설명·투자 목적|산업·국가 비중|분배 일정|실제 분배금 이력
402970,ACE 미국배당다우존스,krx_numeric,,Dow Jones U.S. Dividend 100 Price Return Index,thin,23,D,low,low,low,low,none,0,3,false,상세 메타데이터|운용사|상품 설명·투자 목적|구성종목|산업·국가 비중|분배 일정|실제 분배금 이력|필드별 출처
403790,MIDAS 코스피액티브,krx_numeric,,코스피,enriched,57,B,low,low,medium,medium,none,10,3,true,운용사|상품 설명·투자 목적|산업·국가 비중|분배 일정|실제 분배금 이력
404120,TIME K신재생에너지액티브,krx_numeric,,KRX 기후변화 솔루션지수,enriched,57,B,low,low,medium,medium,none,10,4,true,운용사|상품 설명·투자 목적|산업·국가 비중|분배 일정|실제 분배금 이력
404260,KODEX 기후변화솔루션,krx_numeric,,KRX 기후변화 솔루션지수,enriched,53,C,low,low,medium,low,none,10,4,true,운용사|상품 설명·투자 목적|산업·국가 비중|분배 일정|실제 분배금 이력
404540,TIGER KRX기후변화솔루션,krx_numeric,,KRX 기후변화 솔루션지수,enriched,53,C,low,low,medium,low,none,10,4,true,운용사|상품 설명·투자 목적|산업·국가 비중|분배 일정|실제 분배금 이력
404650,SOL KRX기후변화솔루션,krx_numeric,,KRX 기후변화 솔루션지수,enriched,53,C,low,low,medium,low,none,10,4,true,운용사|상품 설명·투자 목적|산업·국가 비중|분배 일정|실제 분배금 이력
407300,HANARO Fn골프테마,krx_numeric,,FnGuide 골프 테마 지수,enriched,53,C,low,low,medium,low,none,10,3,true,운용사|상품 설명·투자 목적|산업·국가 비중|분배 일정|실제 분배금 이력
407310,HANARO 200 TOP10,krx_numeric,,코스피 200 Top 10 지수,enriched,53,C,low,low,medium,low,none,10,4,true,운용사|상품 설명·투자 목적|산업·국가 비중|분배 일정|실제 분배금 이력
407820,에셋플러스 코리아플랫폼액티브,krx_numeric,,FnGuide 플랫폼 지수(Price Return),enriched,57,B,low,low,medium,medium,none,10,3,true,운용사|상품 설명·투자 목적|산업·국가 비중|분배 일정|실제 분배금 이력
407830,에셋플러스 글로벌플랫폼액티브,krx_numeric,,S&P 500,thin,23,D,low,low,low,low,none,0,4,false,상세 메타데이터|운용사|상품 설명·투자 목적|구성종목|산업·국가 비중|분배 일정|실제 분배금 이력|필드별 출처
409810,KODEX 미국나스닥100선물인버스(H),krx_numeric,,NASDAQ 100,thin,23,D,low,low,low,low,none,0,5,false,상세 메타데이터|운용사|상품 설명·투자 목적|구성종목|산업·국가 비중|분배 일정|실제 분배금 이력|필드별 출처
409820,KODEX 미국나스닥100레버리지(합성 H),krx_numeric,,NASDAQ 100,thin,23,D,low,low,low,low,none,0,5,false,상세 메타데이터|운용사|상품 설명·투자 목적|구성종목|산업·국가 비중|분배 일정|실제 분배금 이력|필드별 출처
410870,TIME K컬처액티브,krx_numeric,,FnGuide K-컬처 지수,enriched,57,B,low,low,medium,medium,none,10,4,true,운용사|상품 설명·투자 목적|산업·국가 비중|분배 일정|실제 분배금 이력
411060,ACE KRX금현물,krx_numeric,,KRX 금현물지수,thin,23,D,low,low,low,low,none,0,3,false,상세 메타데이터|운용사|상품 설명·투자 목적|구성종목|산업·국가 비중|분배 일정|실제 분배금 이력|필드별 출처
411420,KODEX 미국나스닥AI테크액티브,krx_numeric,,Nasdaq CB Insights Metaverse US Index (Price Return),thin,23,D,low,low,low,low,none,0,3,false,상세 메타데이터|운용사|상품 설명·투자 목적|구성종목|산업·국가 비중|분배 일정|실제 분배금 이력|필드별 출처
411540,SOL 200 Top10,krx_numeric,,코스피 200 Top 10 지수,enriched,53,C,low,low,medium,low,none,10,4,true,운용사|상품 설명·투자 목적|산업·국가 비중|분배 일정|실제 분배금 이력
411860,KIWOOM 독일DAX,krx_numeric,,DAX Index(PR),thin,23,D,low,low,low,low,none,0,3,false,상세 메타데이터|운용사|상품 설명·투자 목적|구성종목|산업·국가 비중|분배 일정|실제 분배금 이력|필드별 출처
412560,TIGER BBIG레버리지,krx_numeric,,KRX BBIG 지수,enriched,57,B,low,low,medium,medium,none,10,4,true,운용사|상품 설명·투자 목적|산업·국가 비중|분배 일정|실제 분배금 이력
412570,TIGER 2차전지TOP10레버리지,krx_numeric,,KRX 2차전지 TOP 10 지수,enriched,57,B,low,low,medium,medium,none,10,5,true,운용사|상품 설명·투자 목적|산업·국가 비중|분배 일정|실제 분배금 이력
412770,TIGER 글로벌AI플랫폼액티브,krx_numeric,,Indxx Global Metaverse Index (Price Return),thin,23,D,low,low,low,low,none,0,3,false,상세 메타데이터|운용사|상품 설명·투자 목적|구성종목|산업·국가 비중|분배 일정|실제 분배금 이력|필드별 출처
413220,SOL 차이나태양광CSI(합성),krx_numeric,,CSI Photovoltaic Industry Index(PR),thin,23,D,low,low,low,low,none,0,3,false,상세 메타데이터|운용사|상품 설명·투자 목적|구성종목|산업·국가 비중|분배 일정|실제 분배금 이력|필드별 출처
413930,WON AI ESG액티브,krx_numeric,,MK-iSelect AI ESG 지수(시장가격지수),enriched,57,B,low,low,medium,medium,none,10,3,true,운용사|상품 설명·투자 목적|산업·국가 비중|분배 일정|실제 분배금 이력
414270,ACE 글로벌자율주행액티브,krx_numeric,,FactSet US-China Electric&Autonomous Vehicle Price Return Index,thin,23,D,low,low,low,low,none,0,3,false,상세 메타데이터|운용사|상품 설명·투자 목적|구성종목|산업·국가 비중|분배 일정|실제 분배금 이력|필드별 출처
414780,TIGER 차이나과창판STAR50(합성),krx_numeric,,STAR 50 Index(Price Return),thin,23,D,low,low,low,low,none,0,3,false,상세 메타데이터|운용사|상품 설명·투자 목적|구성종목|산업·국가 비중|분배 일정|실제 분배금 이력|필드별 출처
415340,KODEX 차이나과창판STAR50(합성),krx_numeric,,STAR 50 Index(Price Return),thin,23,D,low,low,low,low,none,0,3,false,상세 메타데이터|운용사|상품 설명·투자 목적|구성종목|산업·국가 비중|분배 일정|실제 분배금 이력|필드별 출처
415760,SOL 차이나육성산업액티브(합성),krx_numeric,,STAR 50 Index(Price Return),thin,23,D,low,low,low,low,none,0,3,false,상세 메타데이터|운용사|상품 설명·투자 목적|구성종목|산업·국가 비중|분배 일정|실제 분배금 이력|필드별 출처
415920,PLUS 글로벌희토류&전략자원생산기업,krx_numeric,,MVIS Global Rare Earth/Strategic Metals Index (Price Return),thin,23,D,low,low,low,low,none,0,3,false,상세 메타데이터|운용사|상품 설명·투자 목적|구성종목|산업·국가 비중|분배 일정|실제 분배금 이력|필드별 출처
416090,ACE 중국과창판STAR50,krx_numeric,,STAR 50 Index(Price Return),thin,23,D,low,low,low,low,none,0,3,false,상세 메타데이터|운용사|상품 설명·투자 목적|구성종목|산업·국가 비중|분배 일정|실제 분배금 이력|필드별 출처
417450,RISE 글로벌수소경제,krx_numeric,,Indxx Hydrogen Economy Index (PR),thin,23,D,low,low,low,low,none,0,3,false,상세 메타데이터|운용사|상품 설명·투자 목적|구성종목|산업·국가 비중|분배 일정|실제 분배금 이력|필드별 출처
417630,TIGER KEDI혁신기업ESG30,krx_numeric,,KEDI 혁신기업ESG30 지수(시장가격 지수),enriched,53,C,low,low,medium,low,none,10,3,true,운용사|상품 설명·투자 목적|산업·국가 비중|분배 일정|실제 분배금 이력
418660,TIGER 미국나스닥100레버리지(합성),krx_numeric,,NASDAQ 100,thin,23,D,low,low,low,low,none,0,5,false,상세 메타데이터|운용사|상품 설명·투자 목적|구성종목|산업·국가 비중|분배 일정|실제 분배금 이력|필드별 출처
418670,TIGER 글로벌AI사이버보안,krx_numeric,,Indxx Cybersecurity 지수 (PR),thin,23,D,low,low,low,low,none,0,3,false,상세 메타데이터|운용사|상품 설명·투자 목적|구성종목|산업·국가 비중|분배 일정|실제 분배금 이력|필드별 출처
419420,KODEX 미국클린에너지나스닥,krx_numeric,,Nasdaq Clean Edge Green Energy Index (Price Return),thin,23,D,low,low,low,low,none,0,3,false,상세 메타데이터|운용사|상품 설명·투자 목적|구성종목|산업·국가 비중|분배 일정|실제 분배금 이력|필드별 출처
419430,KODEX 차이나2차전지MSCI(합성),krx_numeric,,MSCI China all shares IMI Select Batteries Index(Price Return),thin,23,D,low,low,low,low,none,0,3,false,상세 메타데이터|운용사|상품 설명·투자 목적|구성종목|산업·국가 비중|분배 일정|실제 분배금 이력|필드별 출처
419650,PLUS 글로벌수소&차세대연료전지,krx_numeric,,BlueStar Hydrogen and NextGen Fuel Cell Index (시장가격),thin,23,D,low,low,low,low,none,0,3,false,상세 메타데이터|운용사|상품 설명·투자 목적|구성종목|산업·국가 비중|분배 일정|실제 분배금 이력|필드별 출처
419890,KIWOOM 단기채권ESG액티브,krx_numeric,,KIS ESG 9M~1.5Y,thin,23,D,low,low,low,low,none,0,3,false,상세 메타데이터|운용사|상품 설명·투자 목적|구성종목|산업·국가 비중|분배 일정|실제 분배금 이력|필드별 출처
421320,PLUS 우주항공,krx_numeric,,iSelect 우주항공UAM 지수,enriched,53,C,low,low,medium,low,none,10,4,true,운용사|상품 설명·투자 목적|산업·국가 비중|분배 일정|실제 분배금 이력
422420,RISE 2차전지액티브,krx_numeric,,iSelect 2차전지 지수 (시장가격지수),enriched,57,B,low,low,medium,medium,none,10,4,true,운용사|상품 설명·투자 목적|산업·국가 비중|분배 일정|실제 분배금 이력
423160,KODEX KOFR금리액티브(합성),krx_numeric,,KOFR 지수,thin,23,D,low,low,low,low,none,0,4,false,상세 메타데이터|운용사|상품 설명·투자 목적|구성종목|산업·국가 비중|분배 일정|실제 분배금 이력|필드별 출처
423170,SOL 글로벌AI반도체탑픽액티브,krx_numeric,,S&P Global Semiconductor Korea Tilted Index(PR),thin,23,D,low,low,low,low,none,0,3,false,상세 메타데이터|운용사|상품 설명·투자 목적|구성종목|산업·국가 비중|분배 일정|실제 분배금 이력|필드별 출처
423920,TIGER 미국필라델피아반도체레버리지(합성),krx_numeric,,PHLX Semiconductor Sector Index,thin,23,D,low,low,low,low,none,0,4,false,상세 메타데이터|운용사|상품 설명·투자 목적|구성종목|산업·국가 비중|분배 일정|실제 분배금 이력|필드별 출처
424460,HANARO 글로벌워터MSCI(합성),krx_numeric,,MSCI ACWI IMI Water ESG Filtered (Price Return),thin,23,D,low,low,low,low,none,0,3,false,상세 메타데이터|운용사|상품 설명·투자 목적|구성종목|산업·국가 비중|분배 일정|실제 분배금 이력|필드별 출처
426020,TIME 미국S&P500액티브,krx_numeric,,S&P 500,thin,23,D,low,low,low,low,none,0,4,false,상세 메타데이터|운용사|상품 설명·투자 목적|구성종목|산업·국가 비중|분배 일정|실제 분배금 이력|필드별 출처
426030,TIME 미국나스닥100액티브,krx_numeric,,NASDAQ 100,thin,23,D,low,low,low,low,none,0,4,false,상세 메타데이터|운용사|상품 설명·투자 목적|구성종목|산업·국가 비중|분배 일정|실제 분배금 이력|필드별 출처
426150,WON 대한민국국고채액티브,krx_numeric,,KAP 한국 국고채 총수익 지수,thin,23,D,low,low,low,low,none,0,4,false,상세 메타데이터|운용사|상품 설명·투자 목적|구성종목|산업·국가 비중|분배 일정|실제 분배금 이력|필드별 출처
427120,RISE AI플랫폼,krx_numeric,,FnGuide AI 플랫폼 지수,enriched,53,C,low,low,medium,low,none,10,4,true,운용사|상품 설명·투자 목적|산업·국가 비중|분배 일정|실제 분배금 이력
428510,KODEX 차이나AI테크액티브,krx_numeric,,Bloomberg China Media & Tech Index PR,thin,23,D,low,low,low,low,none,0,3,false,상세 메타데이터|운용사|상품 설명·투자 목적|구성종목|산업·국가 비중|분배 일정|실제 분배금 이력|필드별 출처
428560,KODEX 미국ETF산업Top10 Indxx,krx_numeric,,Indxx US ETF Industry Top10 Index(Price Return),thin,23,D,low,low,low,low,none,0,3,false,상세 메타데이터|운용사|상품 설명·투자 목적|구성종목|산업·국가 비중|분배 일정|실제 분배금 이력|필드별 출처
429000,TIGER 미국S&P500배당귀족,krx_numeric,,S&P 500 Dividend Aristocrats 지수 (Price Return),thin,23,D,low,low,low,low,none,0,4,false,상세 메타데이터|운용사|상품 설명·투자 목적|구성종목|산업·국가 비중|분배 일정|실제 분배금 이력|필드별 출처
429010,TIGER 미국나스닥넥스트100,krx_numeric,,Nasdaq Next Generation 100 지수 (Price Return),thin,23,D,low,low,low,low,none,0,3,false,상세 메타데이터|운용사|상품 설명·투자 목적|구성종목|산업·국가 비중|분배 일정|실제 분배금 이력|필드별 출처
429740,PLUS K리츠,krx_numeric,,FnGuide 리츠 지수,enriched,53,C,low,low,medium,low,none,10,3,true,운용사|상품 설명·투자 목적|산업·국가 비중|분배 일정|실제 분배금 이력
429760,PLUS 미국S&P500,krx_numeric,,S&P 500,thin,23,D,low,low,low,low,none,0,4,false,상세 메타데이터|운용사|상품 설명·투자 목적|구성종목|산업·국가 비중|분배 일정|실제 분배금 이력|필드별 출처
429980,SOL 한국형글로벌전기차&2차전지액티브,krx_numeric,,FactSet Global Electric Vehicle and Rechargeable Battery Korea-Tilted Index(PR),thin,23,D,low,low,low,low,none,0,3,false,상세 메타데이터|운용사|상품 설명·투자 목적|구성종목|산업·국가 비중|분배 일정|실제 분배금 이력|필드별 출처
430500,KIWOOM 물가채KIS,krx_numeric,,KIS TIPS 지수(총수익),thin,23,D,low,low,low,low,none,0,3,false,상세 메타데이터|운용사|상품 설명·투자 목적|구성종목|산업·국가 비중|분배 일정|실제 분배금 이력|필드별 출처
432600,RISE 국채선물3년,krx_numeric,,국채선물지수,thin,23,D,low,low,low,low,none,0,4,false,상세 메타데이터|운용사|상품 설명·투자 목적|구성종목|산업·국가 비중|분배 일정|실제 분배금 이력|필드별 출처
432840,HANARO 미국S&P500,krx_numeric,,S&P 500,thin,23,D,low,low,low,low,none,0,4,false,상세 메타데이터|운용사|상품 설명·투자 목적|구성종목|산업·국가 비중|분배 일정|실제 분배금 이력|필드별 출처
433220,에셋플러스 글로벌대장장이액티브,krx_numeric,,S&P 500,thin,23,D,low,low,low,low,none,0,4,false,상세 메타데이터|운용사|상품 설명·투자 목적|구성종목|산업·국가 비중|분배 일정|실제 분배금 이력|필드별 출처
433250,UNICORN R&D 액티브,krx_numeric,,코스피 200,enriched,57,B,low,low,medium,medium,none,10,4,true,운용사|상품 설명·투자 목적|산업·국가 비중|분배 일정|실제 분배금 이력
433330,SOL 미국S&P500,krx_numeric,,S&P 500,thin,23,D,low,low,low,low,none,0,4,false,상세 메타데이터|운용사|상품 설명·투자 목적|구성종목|산업·국가 비중|분배 일정|실제 분배금 이력|필드별 출처
433500,ACE 원자력TOP10,krx_numeric,,DeepSearch 원자력 TOP 10지수,enriched,53,C,low,low,medium,low,none,10,4,true,운용사|상품 설명·투자 목적|산업·국가 비중|분배 일정|실제 분배금 이력
433880,PLUS TDF2060액티브 적격,krx_numeric,,Morningstar Korea Lifetime Allocation Moderate 2060 Index (Gross Return),thin,23,D,low,low,low,low,none,0,3,false,상세 메타데이터|운용사|상품 설명·투자 목적|구성종목|산업·국가 비중|분배 일정|실제 분배금 이력|필드별 출처
433970,KODEX TDF2030액티브 적격,krx_numeric,,Samsung Korea Target Date 2030 Index (Price Return),thin,23,D,low,low,low,low,none,0,3,false,상세 메타데이터|운용사|상품 설명·투자 목적|구성종목|산업·국가 비중|분배 일정|실제 분배금 이력|필드별 출처
433980,KODEX TDF2040액티브 적격,krx_numeric,,Samsung Korea Target Date 2040 Index (Price Return),thin,23,D,low,low,low,low,none,0,3,false,상세 메타데이터|운용사|상품 설명·투자 목적|구성종목|산업·국가 비중|분배 일정|실제 분배금 이력|필드별 출처
434060,KODEX TDF2050액티브 적격,krx_numeric,,Samsung Korea Target Date 2050 Index (Price Return),thin,23,D,low,low,low,low,none,0,3,false,상세 메타데이터|운용사|상품 설명·투자 목적|구성종목|산업·국가 비중|분배 일정|실제 분배금 이력|필드별 출처
434730,HANARO 원자력iSelect,krx_numeric,,iSelect 원자력지수 (시장가격),enriched,53,C,low,low,medium,low,none,10,4,true,운용사|상품 설명·투자 목적|산업·국가 비중|분배 일정|실제 분배금 이력
434960,DAISHIN343 K200,krx_numeric,,코스피 200,enriched,53,C,low,low,medium,low,none,10,4,true,운용사|상품 설명·투자 목적|산업·국가 비중|분배 일정|실제 분배금 이력
435040,ACE 글로벌브랜드TOP10,krx_numeric,,Bloomberg Global Select Industry Leaders TOP10 Index(PR),thin,23,D,low,low,low,low,none,0,3,false,상세 메타데이터|운용사|상품 설명·투자 목적|구성종목|산업·국가 비중|분배 일정|실제 분배금 이력|필드별 출처
435420,TIGER 미국나스닥100채권혼합50,krx_numeric,,FnGuide 나스닥100채권혼합50 지수(총수익 지수),thin,23,D,low,low,low,low,none,0,4,false,상세 메타데이터|운용사|상품 설명·투자 목적|구성종목|산업·국가 비중|분배 일정|실제 분배금 이력|필드별 출처
435530,KIWOOM TDF2030액티브 적격,krx_numeric,,Dow Jones Target 2030 Index (Total Return),thin,23,D,low,low,low,low,none,0,3,false,상세 메타데이터|운용사|상품 설명·투자 목적|구성종목|산업·국가 비중|분배 일정|실제 분배금 이력|필드별 출처
435540,KIWOOM TDF2040액티브 적격,krx_numeric,,Dow Jones Target 2040 Index (Total Return),thin,23,D,low,low,low,low,none,0,3,false,상세 메타데이터|운용사|상품 설명·투자 목적|구성종목|산업·국가 비중|분배 일정|실제 분배금 이력|필드별 출처
435550,KIWOOM TDF2050액티브 적격,krx_numeric,,Dow Jones Target 2050 Index (Total Return),thin,23,D,low,low,low,low,none,0,3,false,상세 메타데이터|운용사|상품 설명·투자 목적|구성종목|산업·국가 비중|분배 일정|실제 분배금 이력|필드별 출처
436140,SOL 종합채권(AA-이상)액티브,krx_numeric,,"KAP K-종합채권지수(AA-이상, 총수익)",thin,23,D,low,low,low,low,none,0,4,false,상세 메타데이터|운용사|상품 설명·투자 목적|구성종목|산업·국가 비중|분배 일정|실제 분배금 이력|필드별 출처
437070,KODEX 아시아달러채권ESG플러스액티브,krx_numeric,,Bloomberg MSCI EM Asia Investment Grade Credit SRI Index(Total Return),thin,23,D,low,low,low,low,none,0,3,false,상세 메타데이터|운용사|상품 설명·투자 목적|구성종목|산업·국가 비중|분배 일정|실제 분배금 이력|필드별 출처
437080,KODEX 미국종합채권ESG액티브(H),krx_numeric,,Bloomberg MSCI US Aggregate 2bn ex Securitized SRI Capped Index(Total Return),thin,23,D,low,low,low,low,none,0,3,false,상세 메타데이터|운용사|상품 설명·투자 목적|구성종목|산업·국가 비중|분배 일정|실제 분배금 이력|필드별 출처
437350,RISE 미국단기투자등급회사채액티브,krx_numeric,,Bloomberg US Corporate 1-5 Years Total Return Index,thin,23,D,low,low,low,low,none,0,4,false,상세 메타데이터|운용사|상품 설명·투자 목적|구성종목|산업·국가 비중|분배 일정|실제 분배금 이력|필드별 출처
437370,RISE 글로벌농업경제,krx_numeric,,MVIS Global Agribusiness Index(Price Return),thin,23,D,low,low,low,low,none,0,3,false,상세 메타데이터|운용사|상품 설명·투자 목적|구성종목|산업·국가 비중|분배 일정|실제 분배금 이력|필드별 출처
438080,ACE 미국S&P500미국채혼합50액티브,krx_numeric,,S&P 500 and Short-Term Treasury 50/50 Blend Index,thin,23,D,low,low,low,low,none,0,5,false,상세 메타데이터|운용사|상품 설명·투자 목적|구성종목|산업·국가 비중|분배 일정|실제 분배금 이력|필드별 출처
438100,ACE 미국나스닥100미국채혼합50액티브,krx_numeric,,NASDAQ-100 US T-Bills 50/50 Index,thin,23,D,low,low,low,low,none,0,5,false,상세 메타데이터|운용사|상품 설명·투자 목적|구성종목|산업·국가 비중|분배 일정|실제 분배금 이력|필드별 출처
438320,TIGER 차이나항셍테크레버리지(합성 H),krx_numeric,,Hang Seng TECH Index,thin,23,D,low,low,low,low,none,0,4,false,상세 메타데이터|운용사|상품 설명·투자 목적|구성종목|산업·국가 비중|분배 일정|실제 분배금 이력|필드별 출처
438330,TIGER 우량회사채액티브,krx_numeric,,KIS 투자등급회사채 지수(총수익),thin,23,D,low,low,low,low,none,0,4,false,상세 메타데이터|운용사|상품 설명·투자 목적|구성종목|산업·국가 비중|분배 일정|실제 분배금 이력|필드별 출처
438560,SOL 국고채3년,krx_numeric,,KAP 국고채3년지수(총수익지수),thin,23,D,low,low,low,low,none,0,4,false,상세 메타데이터|운용사|상품 설명·투자 목적|구성종목|산업·국가 비중|분배 일정|실제 분배금 이력|필드별 출처
438570,SOL 국고채10년,krx_numeric,,KAP 국고채10년지수(총수익지수),thin,23,D,low,low,low,low,none,0,4,false,상세 메타데이터|운용사|상품 설명·투자 목적|구성종목|산업·국가 비중|분배 일정|실제 분배금 이력|필드별 출처
438740,MIDAS 중소형액티브,krx_numeric,,코스피 중형주,enriched,57,B,low,low,medium,medium,none,10,3,true,운용사|상품 설명·투자 목적|산업·국가 비중|분배 일정|실제 분배금 이력
438900,HANARO Fn K-푸드,krx_numeric,,FnGuide K-푸드 지수 (시장가격),enriched,53,C,low,low,medium,low,none,10,4,true,운용사|상품 설명·투자 목적|산업·국가 비중|분배 일정|실제 분배금 이력
439860,KODEX ESG종합채권(A-이상)액티브,krx_numeric,,"KAP ESG 종합채권지수(A- 이상, 총수익)",thin,23,D,low,low,low,low,none,0,3,false,상세 메타데이터|운용사|상품 설명·투자 목적|구성종목|산업·국가 비중|분배 일정|실제 분배금 이력|필드별 출처
439870,KODEX 국고채30년액티브,krx_numeric,,KAP 국고채 30년 총수익 지수,thin,23,D,low,low,low,low,none,0,4,false,상세 메타데이터|운용사|상품 설명·투자 목적|구성종목|산업·국가 비중|분배 일정|실제 분배금 이력|필드별 출처
440340,TIGER 글로벌멀티에셋TIF액티브,krx_numeric,,INDXX 멀티에셋인컴 지수(시장가격 지수),thin,23,D,low,low,low,low,none,0,3,false,상세 메타데이터|운용사|상품 설명·투자 목적|구성종목|산업·국가 비중|분배 일정|실제 분배금 이력|필드별 출처
440640,ACE 단기채권알파액티브,krx_numeric,,KIS 단기채권알파AA-이상 총수익지수,thin,23,D,low,low,low,low,none,0,4,false,상세 메타데이터|운용사|상품 설명·투자 목적|구성종목|산업·국가 비중|분배 일정|실제 분배금 이력|필드별 출처
440650,ACE 미국달러단기채권액티브,krx_numeric,,Bloomberg Short-Term Treasury Total Return Index,thin,23,D,low,low,low,low,none,0,3,false,상세 메타데이터|운용사|상품 설명·투자 목적|구성종목|산업·국가 비중|분배 일정|실제 분배금 이력|필드별 출처
440910,WON 미국우주항공방산,krx_numeric,,S&P Aerospace & Defense Select Industry Index(PR),thin,23,D,low,low,low,low,none,0,3,false,상세 메타데이터|운용사|상품 설명·투자 목적|구성종목|산업·국가 비중|분배 일정|실제 분배금 이력|필드별 출처
441540,HANARO Fn조선해운,krx_numeric,,FnGuide 조선해운지수,enriched,53,C,low,low,medium,low,none,10,4,true,운용사|상품 설명·투자 목적|산업·국가 비중|분배 일정|실제 분배금 이력
441640,KODEX 미국배당커버드콜액티브,krx_numeric,삼성자산운용(주),S&P 500,enriched,55,B,medium,low,low,medium,low,0,5,true,상품 설명·투자 목적|구성종목|산업·국가 비중|실제 분배금 이력
441680,TIGER 미국나스닥100커버드콜(합성),krx_numeric,,Cboe Nasdaq-100 BuyWrite V2 지수 (Total Return),thin,23,D,low,low,low,low,none,0,5,false,상세 메타데이터|운용사|상품 설명·투자 목적|구성종목|산업·국가 비중|분배 일정|실제 분배금 이력|필드별 출처
441800,TIME Korea플러스배당액티브,krx_numeric,,코스피 200,enriched,57,B,low,low,medium,medium,none,10,4,true,운용사|상품 설명·투자 목적|산업·국가 비중|분배 일정|실제 분배금 이력
442090,에셋플러스 코리아대장장이액티브,krx_numeric,,FnGuide 대장장이 지수(Price Return),enriched,57,B,low,low,medium,medium,none,10,3,true,운용사|상품 설명·투자 목적|산업·국가 비중|분배 일정|실제 분배금 이력
442260,마이티 다이나믹퀀트액티브,krx_numeric,,코스피 200,enriched,57,B,low,low,medium,medium,none,10,4,true,운용사|상품 설명·투자 목적|산업·국가 비중|분배 일정|실제 분배금 이력
442320,RISE 글로벌원자력,krx_numeric,,iSelect 글로벌원자력 지수(시장가격),thin,23,D,low,low,low,low,none,0,3,false,상세 메타데이터|운용사|상품 설명·투자 목적|구성종목|산업·국가 비중|분배 일정|실제 분배금 이력|필드별 출처
442550,RISE TDF2030액티브 적격,krx_numeric,,iSelect 전략적자산배분 TDF 2030 지수,thin,23,D,low,low,low,low,none,0,3,false,상세 메타데이터|운용사|상품 설명·투자 목적|구성종목|산업·국가 비중|분배 일정|실제 분배금 이력|필드별 출처
442560,RISE TDF2040액티브 적격,krx_numeric,,iSelect 전략적자산배분 TDF 2040 지수,thin,23,D,low,low,low,low,none,0,3,false,상세 메타데이터|운용사|상품 설명·투자 목적|구성종목|산업·국가 비중|분배 일정|실제 분배금 이력|필드별 출처
442570,RISE TDF2050액티브 적격,krx_numeric,,iSelect 전략적자산배분 TDF 2050 지수,thin,23,D,low,low,low,low,none,0,3,false,상세 메타데이터|운용사|상품 설명·투자 목적|구성종목|산업·국가 비중|분배 일정|실제 분배금 이력|필드별 출처
442580,PLUS 글로벌HBM반도체,krx_numeric,,iSelect 글로벌HBM반도체 지수,thin,23,D,low,low,low,low,none,0,3,false,상세 메타데이터|운용사|상품 설명·투자 목적|구성종목|산업·국가 비중|분배 일정|실제 분배금 이력|필드별 출처
444200,SOL 코리아메가테크액티브,krx_numeric,,KEDI 메가테크지수(PR),enriched,57,B,low,low,medium,medium,none,10,3,true,운용사|상품 설명·투자 목적|산업·국가 비중|분배 일정|실제 분배금 이력
444490,WON 미국S&P500,krx_numeric,,S&P 500,thin,23,D,low,low,low,low,none,0,4,false,상세 메타데이터|운용사|상품 설명·투자 목적|구성종목|산업·국가 비중|분배 일정|실제 분배금 이력|필드별 출처
445150,KODEX 친환경조선해운액티브,krx_numeric,,FnGuide K-친환경 선박 지수,enriched,57,B,low,low,medium,medium,none,10,4,true,운용사|상품 설명·투자 목적|산업·국가 비중|분배 일정|실제 분배금 이력
445290,KODEX 로봇액티브,krx_numeric,,iSelect K-로봇테마 지수,enriched,57,B,low,low,medium,medium,none,10,4,true,운용사|상품 설명·투자 목적|산업·국가 비중|분배 일정|실제 분배금 이력
445690,BNK 주주가치액티브,krx_numeric,,FnGuide 주주가치 지수,enriched,57,B,low,low,medium,medium,none,10,3,true,운용사|상품 설명·투자 목적|산업·국가 비중|분배 일정|실제 분배금 이력
445910,TIGER MKF배당귀족,krx_numeric,,MKF 배당귀족 지수(시장가격지수),enriched,53,C,low,low,medium,low,none,10,4,true,운용사|상품 설명·투자 목적|산업·국가 비중|분배 일정|실제 분배금 이력
446690,KODEX 아시아AI반도체exChina액티브,krx_numeric,,iSelect 아시아반도체 제조동맹 지수(시장가격),thin,23,D,low,low,low,low,none,0,3,false,상세 메타데이터|운용사|상품 설명·투자 목적|구성종목|산업·국가 비중|분배 일정|실제 분배금 이력|필드별 출처
446700,RISE 배터리 리사이클링,krx_numeric,,iSelect 배터리 리사이클링 지수,enriched,53,C,low,low,medium,low,none,10,4,true,운용사|상품 설명·투자 목적|산업·국가 비중|분배 일정|실제 분배금 이력
446720,SOL 미국배당다우존스,krx_numeric,,Dow Jones U.S. Dividend 100 Price Return Index,thin,23,D,low,low,low,low,none,0,3,false,상세 메타데이터|운용사|상품 설명·투자 목적|구성종목|산업·국가 비중|분배 일정|실제 분배금 이력|필드별 출처
446770,ACE 글로벌반도체TOP4 Plus,krx_numeric,,Solactive Global Semiconductor TOP4 Plus Price Return Index,thin,23,D,low,low,low,low,none,0,3,false,상세 메타데이터|운용사|상품 설명·투자 목적|구성종목|산업·국가 비중|분배 일정|실제 분배금 이력|필드별 출처
447430,ACE 주주환원가치주액티브,krx_numeric,,FnGuide 올라운드 가치주 지수,enriched,57,B,low,low,medium,medium,none,10,4,true,운용사|상품 설명·투자 목적|산업·국가 비중|분배 일정|실제 분배금 이력
447620,SOL 미국TOP5채권혼합50,krx_numeric,,Solactive US TOP5 Balanced50 Index(PR),thin,23,D,low,low,low,low,none,0,3,false,상세 메타데이터|운용사|상품 설명·투자 목적|구성종목|산업·국가 비중|분배 일정|실제 분배금 이력|필드별 출처
447660,PLUS 애플채권혼합,krx_numeric,,FnGuide 애플채권혼합 지수,thin,23,D,low,low,low,low,none,0,3,false,상세 메타데이터|운용사|상품 설명·투자 목적|구성종목|산업·국가 비중|분배 일정|실제 분배금 이력|필드별 출처
447770,TIGER 테슬라채권혼합Fn,krx_numeric,,FnGuide 테슬라채권혼합 지수,thin,23,D,low,low,low,low,none,0,3,false,상세 메타데이터|운용사|상품 설명·투자 목적|구성종목|산업·국가 비중|분배 일정|실제 분배금 이력|필드별 출처
448100,WON 200,krx_numeric,,코스피 200,enriched,53,C,low,low,medium,low,none,10,4,true,운용사|상품 설명·투자 목적|산업·국가 비중|분배 일정|실제 분배금 이력
448290,TIGER 미국S&P500(H),krx_numeric,,S&P 500,thin,23,D,low,low,low,low,none,0,4,false,상세 메타데이터|운용사|상품 설명·투자 목적|구성종목|산업·국가 비중|분배 일정|실제 분배금 이력|필드별 출처
448300,TIGER 미국나스닥100(H),krx_numeric,,NASDAQ 100,thin,23,D,low,low,low,low,none,0,4,false,상세 메타데이터|운용사|상품 설명·투자 목적|구성종목|산업·국가 비중|분배 일정|실제 분배금 이력|필드별 출처
448330,KODEX 삼성전자채권혼합,krx_numeric,,Wise 삼성전자채권혼합 지수,thin,23,D,low,low,low,low,none,0,3,false,상세 메타데이터|운용사|상품 설명·투자 목적|구성종목|산업·국가 비중|분배 일정|실제 분배금 이력|필드별 출처
448490,HANARO 32-10 국고채액티브,krx_numeric,,KAP 32-10 국고채 10년 총수익지수,thin,23,D,low,low,low,low,none,0,5,false,상세 메타데이터|운용사|상품 설명·투자 목적|구성종목|산업·국가 비중|분배 일정|실제 분배금 이력|필드별 출처
448540,ACE 엔비디아채권혼합,krx_numeric,,Bloomberg Blended NVIDIA Equity and Korean Bond Index,thin,23,D,low,low,low,low,none,0,3,false,상세 메타데이터|운용사|상품 설명·투자 목적|구성종목|산업·국가 비중|분배 일정|실제 분배금 이력|필드별 출처
448570,FOCUS AI코리아액티브,krx_numeric,,코스피,enriched,57,B,low,low,medium,medium,none,10,3,true,운용사|상품 설명·투자 목적|산업·국가 비중|분배 일정|실제 분배금 이력
448630,RISE 삼성그룹Top3채권혼합,krx_numeric,,Bloomberg Blended Samsung Group Fixed Top 3 Equity and Korean Bond Index,thin,23,D,low,low,low,low,none,0,3,false,상세 메타데이터|운용사|상품 설명·투자 목적|구성종목|산업·국가 비중|분배 일정|실제 분배금 이력|필드별 출처
449170,TIGER KOFR금리액티브(합성),krx_numeric,,KOFR 지수,thin,23,D,low,low,low,low,none,0,4,false,상세 메타데이터|운용사|상품 설명·투자 목적|구성종목|산업·국가 비중|분배 일정|실제 분배금 이력|필드별 출처
449180,KODEX 미국S&P500(H),krx_numeric,,S&P 500,thin,23,D,low,low,low,low,none,0,4,false,상세 메타데이터|운용사|상품 설명·투자 목적|구성종목|산업·국가 비중|분배 일정|실제 분배금 이력|필드별 출처
449190,KODEX 미국나스닥100(H),krx_numeric,,NASDAQ 100,thin,23,D,low,low,low,low,none,0,4,false,상세 메타데이터|운용사|상품 설명·투자 목적|구성종목|산업·국가 비중|분배 일정|실제 분배금 이력|필드별 출처
449450,PLUS K방산,krx_numeric,한화자산운용,FnGuide K-방위산업 지수,enriched,71,B,medium,low,medium,medium,low,11,4,true,상품 설명·투자 목적|산업·국가 비중|실제 분배금 이력
449580,RISE 테슬라애플아마존채권혼합,krx_numeric,,iSelect 테슬라 애플 아마존 채권혼합지수(Price Return),thin,23,D,low,low,low,low,none,0,3,false,상세 메타데이터|운용사|상품 설명·투자 목적|구성종목|산업·국가 비중|분배 일정|실제 분배금 이력|필드별 출처
449680,TIGER 한중전기차(합성),krx_numeric,,KRX CSI 한·중 전기차지수,thin,23,D,low,low,low,low,none,0,3,false,상세 메타데이터|운용사|상품 설명·투자 목적|구성종목|산업·국가 비중|분배 일정|실제 분배금 이력|필드별 출처
449690,TIGER 한중반도체(합성),krx_numeric,,KRX CSI 한·중 반도체지수,thin,23,D,low,low,low,low,none,0,3,false,상세 메타데이터|운용사|상품 설명·투자 목적|구성종목|산업·국가 비중|분배 일정|실제 분배금 이력|필드별 출처
449770,KIWOOM 미국S&P500,krx_numeric,,S&P 500,thin,23,D,low,low,low,low,none,0,4,false,상세 메타데이터|운용사|상품 설명·투자 목적|구성종목|산업·국가 비중|분배 일정|실제 분배금 이력|필드별 출처
449780,KIWOOM 미국S&P500(H),krx_numeric,,S&P 500,thin,23,D,low,low,low,low,none,0,4,false,상세 메타데이터|운용사|상품 설명·투자 목적|구성종목|산업·국가 비중|분배 일정|실제 분배금 이력|필드별 출처
450180,KODEX 한중전기차(합성),krx_numeric,,KRX CSI 한·중 전기차지수,thin,23,D,low,low,low,low,none,0,3,false,상세 메타데이터|운용사|상품 설명·투자 목적|구성종목|산업·국가 비중|분배 일정|실제 분배금 이력|필드별 출처
450190,KODEX 한중반도체(합성),krx_numeric,,KRX CSI 한·중 반도체지수,thin,23,D,low,low,low,low,none,0,3,false,상세 메타데이터|운용사|상품 설명·투자 목적|구성종목|산업·국가 비중|분배 일정|실제 분배금 이력|필드별 출처
450910,SOL 코스닥150,krx_numeric,,코스닥 150,enriched,53,C,low,low,medium,low,none,10,3,true,운용사|상품 설명·투자 목적|산업·국가 비중|분배 일정|실제 분배금 이력
451000,PLUS 종합채권(AA-이상)액티브,krx_numeric,,"KAP 종합채권지수(AA-이상, 총수익)",thin,23,D,low,low,low,low,none,0,4,false,상세 메타데이터|운용사|상품 설명·투자 목적|구성종목|산업·국가 비중|분배 일정|실제 분배금 이력|필드별 출처
451060,1Q 200액티브,krx_numeric,,코스피 200,enriched,57,B,low,low,medium,medium,none,10,4,true,운용사|상품 설명·투자 목적|산업·국가 비중|분배 일정|실제 분배금 이력
451150,에셋플러스 글로벌영에이지액티브,krx_numeric,,S&P 500,thin,23,D,low,low,low,low,none,0,4,false,상세 메타데이터|운용사|상품 설명·투자 목적|구성종목|산업·국가 비중|분배 일정|실제 분배금 이력|필드별 출처
451530,TIGER 국고채30년스트립액티브,krx_numeric,,KIS STRIP 30Y Index(총수익지수),thin,23,D,low,low,low,low,none,0,4,false,상세 메타데이터|운용사|상품 설명·투자 목적|구성종목|산업·국가 비중|분배 일정|실제 분배금 이력|필드별 출처
451540,TIGER 종합채권(AA-이상)액티브,krx_numeric,,KIS 종합채권 AA-이상 총수익 지수(Total return Index),thin,23,D,low,low,low,low,none,0,4,false,상세 메타데이터|운용사|상품 설명·투자 목적|구성종목|산업·국가 비중|분배 일정|실제 분배금 이력|필드별 출처
451600,PLUS 국고채30년액티브,krx_numeric,,KAP 국고채 30년 지수(총수익),thin,23,D,low,low,low,low,none,0,4,false,상세 메타데이터|운용사|상품 설명·투자 목적|구성종목|산업·국가 비중|분배 일정|실제 분배금 이력|필드별 출처
451670,RISE 국채30년레버리지(합성),krx_numeric,,KAP 국채30년 TR 지수(총수익),thin,23,D,low,low,low,low,none,0,5,false,상세 메타데이터|운용사|상품 설명·투자 목적|구성종목|산업·국가 비중|분배 일정|실제 분배금 이력|필드별 출처
452250,ACE 미국30년국채선물레버리지(합성 H),krx_numeric,,S&P Ultra T-Bond Futures Index(ER),thin,23,D,low,low,low,low,none,0,5,false,상세 메타데이터|운용사|상품 설명·투자 목적|구성종목|산업·국가 비중|분배 일정|실제 분배금 이력|필드별 출처
452360,SOL 미국배당다우존스(H),krx_numeric,,Dow Jones U.S. Dividend 100 Price Return Index,thin,23,D,low,low,low,low,none,0,3,false,상세 메타데이터|운용사|상품 설명·투자 목적|구성종목|산업·국가 비중|분배 일정|실제 분배금 이력|필드별 출처
453010,PLUS KOFR금리,krx_numeric,,KOFR 지수,thin,23,D,low,low,low,low,none,0,4,false,상세 메타데이터|운용사|상품 설명·투자 목적|구성종목|산업·국가 비중|분배 일정|실제 분배금 이력|필드별 출처
453060,HANARO KOFR금리액티브(합성),krx_numeric,,KOFR 지수,thin,23,D,low,low,low,low,none,0,4,false,상세 메타데이터|운용사|상품 설명·투자 목적|구성종목|산업·국가 비중|분배 일정|실제 분배금 이력|필드별 출처
453080,KIWOOM 미국나스닥100(H),krx_numeric,,NASDAQ 100,thin,23,D,low,low,low,low,none,0,4,false,상세 메타데이터|운용사|상품 설명·투자 목적|구성종목|산업·국가 비중|분배 일정|실제 분배금 이력|필드별 출처
453330,RISE 미국S&P500(H),krx_numeric,,S&P 500,thin,23,D,low,low,low,low,none,0,4,false,상세 메타데이터|운용사|상품 설명·투자 목적|구성종목|산업·국가 비중|분배 일정|실제 분배금 이력|필드별 출처
453630,KODEX 미국S&P500필수소비재,krx_numeric,,S&P Consumer Staples Select Sector Index(Price Return),thin,23,D,low,low,low,low,none,0,4,false,상세 메타데이터|운용사|상품 설명·투자 목적|구성종목|산업·국가 비중|분배 일정|실제 분배금 이력|필드별 출처
453640,KODEX 미국S&P500헬스케어,krx_numeric,,S&P Health Care Select Sector Index(Price Return),thin,23,D,low,low,low,low,none,0,4,false,상세 메타데이터|운용사|상품 설명·투자 목적|구성종목|산업·국가 비중|분배 일정|실제 분배금 이력|필드별 출처
453650,KODEX 미국S&P500금융,krx_numeric,,S&P Financial Select Sector Index(Price Return),thin,23,D,low,low,low,low,none,0,4,false,상세 메타데이터|운용사|상품 설명·투자 목적|구성종목|산업·국가 비중|분배 일정|실제 분배금 이력|필드별 출처
453660,KODEX 미국S&P500경기소비재,krx_numeric,,S&P Consumer Discretionary Select Sector Index(Price Return),thin,23,D,low,low,low,low,none,0,4,false,상세 메타데이터|운용사|상품 설명·투자 목적|구성종목|산업·국가 비중|분배 일정|실제 분배금 이력|필드별 출처
453810,KODEX 인도Nifty50,krx_numeric,,Nifty 50 Index,thin,23,D,low,low,low,low,none,0,3,false,상세 메타데이터|운용사|상품 설명·투자 목적|구성종목|산업·국가 비중|분배 일정|실제 분배금 이력|필드별 출처
453820,KODEX 인도Nifty50레버리지(합성),krx_numeric,,Nifty 50 Index,thin,23,D,low,low,low,low,none,0,4,false,상세 메타데이터|운용사|상품 설명·투자 목적|구성종목|산업·국가 비중|분배 일정|실제 분배금 이력|필드별 출처
453850,ACE 미국30년국채액티브(H),krx_numeric,,Bloomberg U.S Treasury 20+ Year Total Return Index,thin,23,D,low,low,low,low,none,0,4,false,상세 메타데이터|운용사|상품 설명·투자 목적|구성종목|산업·국가 비중|분배 일정|실제 분배금 이력|필드별 출처
453870,TIGER 인도니프티50,krx_numeric,,Nifty 50 Index,thin,23,D,low,low,low,low,none,0,3,false,상세 메타데이터|운용사|상품 설명·투자 목적|구성종목|산업·국가 비중|분배 일정|실제 분배금 이력|필드별 출처
453950,TIGER TSMC파운드리밸류체인,krx_numeric,,FactSet TSMC 파운드리 밸류체인 지수(시장가격지수),thin,23,D,low,low,low,low,none,0,3,false,상세 메타데이터|운용사|상품 설명·투자 목적|구성종목|산업·국가 비중|분배 일정|실제 분배금 이력|필드별 출처
454180,KIWOOM 차이나내수소비TOP CSI,krx_numeric,,CSI SH-HK-SZ Consumer Top Index,thin,23,D,low,low,low,low,none,0,3,false,상세 메타데이터|운용사|상품 설명·투자 목적|구성종목|산업·국가 비중|분배 일정|실제 분배금 이력|필드별 출처
454320,HANARO CAPEX설비투자iSelect,krx_numeric,,iSelect CAPEX 설비투자 지수(시장가격),enriched,53,C,low,low,medium,low,none,10,3,true,운용사|상품 설명·투자 목적|산업·국가 비중|분배 일정|실제 분배금 이력
454780,KIWOOM 종합채권(AA-이상)액티브,krx_numeric,,KIS 종합 채권시장지수(AA-이상)(총수익지수),thin,23,D,low,low,low,low,none,0,4,false,상세 메타데이터|운용사|상품 설명·투자 목적|구성종목|산업·국가 비중|분배 일정|실제 분배금 이력|필드별 출처
455030,KODEX 미국달러SOFR금리액티브(합성),krx_numeric,,Bloomberg SOFR Daily Total Return Index,thin,23,D,low,low,low,low,none,0,3,false,상세 메타데이터|운용사|상품 설명·투자 목적|구성종목|산업·국가 비중|분배 일정|실제 분배금 이력|필드별 출처
455660,ACE 미국하이일드액티브(H),krx_numeric,,Markit iBoxx USD Liquid High Yield Total Return Index,thin,23,D,low,low,low,low,none,0,3,false,상세 메타데이터|운용사|상품 설명·투자 목적|구성종목|산업·국가 비중|분배 일정|실제 분배금 이력|필드별 출처
455850,SOL AI반도체소부장,krx_numeric,,FnGuide AI 반도체 소부장 지수,enriched,53,C,low,low,medium,low,none,10,4,true,운용사|상품 설명·투자 목적|산업·국가 비중|분배 일정|실제 분배금 이력
455860,SOL 2차전지소부장Fn,krx_numeric,,FnGuide 2차전지 소부장 지수(PR),enriched,53,C,low,low,medium,low,none,10,4,true,운용사|상품 설명·투자 목적|산업·국가 비중|분배 일정|실제 분배금 이력
455890,RISE 머니마켓액티브,krx_numeric,,KIS 시가평가 MMF 지수 (총수익지수),thin,23,D,low,low,low,low,none,0,4,false,상세 메타데이터|운용사|상품 설명·투자 목적|구성종목|산업·국가 비중|분배 일정|실제 분배금 이력|필드별 출처
455960,RISE 미국달러SOFR금리액티브(합성),krx_numeric,,KAP SOFR 지수,thin,23,D,low,low,low,low,none,0,3,false,상세 메타데이터|운용사|상품 설명·투자 목적|구성종목|산업·국가 비중|분배 일정|실제 분배금 이력|필드별 출처
456200,PLUS 미국달러SOFR금리액티브(합성),krx_numeric,,Solactive SOFR Daily Total Return Index,thin,23,D,low,low,low,low,none,0,3,false,상세 메타데이터|운용사|상품 설명·투자 목적|구성종목|산업·국가 비중|분배 일정|실제 분배금 이력|필드별 출처
456250,KODEX 유럽명품TOP10 STOXX,krx_numeric,,STOXX Europe Luxury 10 Index(Price Return),thin,23,D,low,low,low,low,none,0,3,false,상세 메타데이터|운용사|상품 설명·투자 목적|구성종목|산업·국가 비중|분배 일정|실제 분배금 이력|필드별 출처
456600,TIME 글로벌AI인공지능액티브,krx_numeric,,Solactive Global Artificial Intelligence 지수,thin,23,D,low,low,low,low,none,0,3,false,상세 메타데이터|운용사|상품 설명·투자 목적|구성종목|산업·국가 비중|분배 일정|실제 분배금 이력|필드별 출처
456610,TIGER 미국달러SOFR금리액티브(합성),krx_numeric,,Solactive SOFR Daily Total Return Index,thin,23,D,low,low,low,low,none,0,3,false,상세 메타데이터|운용사|상품 설명·투자 목적|구성종목|산업·국가 비중|분배 일정|실제 분배금 이력|필드별 출처
456680,TIGER 차이나전기차레버리지(합성),krx_numeric,,Solactive China Electric Vehicle and Battery Index(PR),thin,23,D,low,low,low,low,none,0,4,false,상세 메타데이터|운용사|상품 설명·투자 목적|구성종목|산업·국가 비중|분배 일정|실제 분배금 이력|필드별 출처
456880,ACE 미국달러SOFR금리(합성),krx_numeric,,Solactive SOFR Daily Total Return Index,thin,23,D,low,low,low,low,none,0,3,false,상세 메타데이터|운용사|상품 설명·투자 목적|구성종목|산업·국가 비중|분배 일정|실제 분배금 이력|필드별 출처
457480,ACE 테슬라밸류체인액티브,krx_numeric,,Bloomberg EV Supporters Plus Tesla Price Return Index,thin,23,D,low,low,low,low,none,0,3,false,상세 메타데이터|운용사|상품 설명·투자 목적|구성종목|산업·국가 비중|분배 일정|실제 분배금 이력|필드별 출처
457690,KODEX 33-06 국고채액티브,krx_numeric,,KAP 33-06 국고채 총수익 지수,thin,23,D,low,low,low,low,none,0,5,false,상세 메타데이터|운용사|상품 설명·투자 목적|구성종목|산업·국가 비중|분배 일정|실제 분배금 이력|필드별 출처
457700,KODEX 53-09 국고채액티브,krx_numeric,,KAP 53-09 국고채 총수익 지수,thin,23,D,low,low,low,low,none,0,5,false,상세 메타데이터|운용사|상품 설명·투자 목적|구성종목|산업·국가 비중|분배 일정|실제 분배금 이력|필드별 출처
457930,BNK 미래전략기술액티브,krx_numeric,,iSelect 미래전략기술 지수 (PR),enriched,57,B,low,low,medium,medium,none,10,3,true,운용사|상품 설명·투자 목적|산업·국가 비중|분배 일정|실제 분배금 이력
457990,PLUS 태양광&ESS,krx_numeric,,FnGuide 태양광 & ESS 지수,enriched,53,C,low,low,medium,low,none,10,5,true,운용사|상품 설명·투자 목적|산업·국가 비중|분배 일정|실제 분배금 이력
458030,WON 국공채머니마켓액티브,krx_numeric,,KAP 국공채 머니마켓 총수익 지수,thin,23,D,low,low,low,low,none,0,4,false,상세 메타데이터|운용사|상품 설명·투자 목적|구성종목|산업·국가 비중|분배 일정|실제 분배금 이력|필드별 출처
458210,KIWOOM CD금리액티브(합성),krx_numeric,,FnGuide CD91일 금리투자 지수(총수익),thin,23,D,low,low,low,low,none,0,4,false,상세 메타데이터|운용사|상품 설명·투자 목적|구성종목|산업·국가 비중|분배 일정|실제 분배금 이력|필드별 출처
458250,TIGER 미국30년국채스트립액티브(합성 H),krx_numeric,,ICE BofA Long US Treasury Principal STRIPS Index,thin,23,D,low,low,low,low,none,0,4,false,상세 메타데이터|운용사|상품 설명·투자 목적|구성종목|산업·국가 비중|분배 일정|실제 분배금 이력|필드별 출처
458260,TIGER 미국투자등급회사채액티브(H),krx_numeric,,iBoxx USD Liquid Investment Grade Index(Price Return),thin,23,D,low,low,low,low,none,0,4,false,상세 메타데이터|운용사|상품 설명·투자 목적|구성종목|산업·국가 비중|분배 일정|실제 분배금 이력|필드별 출처
458730,TIGER 미국배당다우존스,krx_numeric,,Dow Jones U.S. Dividend 100 Price Return Index,thin,23,D,low,low,low,low,none,0,3,false,상세 메타데이터|운용사|상품 설명·투자 목적|구성종목|산업·국가 비중|분배 일정|실제 분배금 이력|필드별 출처
458750,TIGER 미국배당다우존스타겟커버드콜1호,krx_numeric,,DowJones U.S. Dividend 100 3% Premium Covered Call 지수 (TR),thin,23,D,low,low,low,low,none,0,4,false,상세 메타데이터|운용사|상품 설명·투자 목적|구성종목|산업·국가 비중|분배 일정|실제 분배금 이력|필드별 출처
458760,TIGER 미국배당다우존스타겟커버드콜2호,krx_numeric,,DowJones U.S. Dividend 100 7% Premium Covered Call 지수 (TR),thin,23,D,low,low,low,low,none,0,4,false,상세 메타데이터|운용사|상품 설명·투자 목적|구성종목|산업·국가 비중|분배 일정|실제 분배금 이력|필드별 출처
459560,KODEX 테슬라밸류체인FactSet,krx_numeric,,FactSet TSLA Value Chain Index(PR),thin,23,D,low,low,low,low,none,0,3,false,상세 메타데이터|운용사|상품 설명·투자 목적|구성종목|산업·국가 비중|분배 일정|실제 분배금 이력|필드별 출처
459580,KODEX CD금리액티브(합성),krx_numeric,,KAP 양도성예금증서(CD)금리지수(총수익지수),thin,23,D,low,low,low,low,none,0,4,false,상세 메타데이터|운용사|상품 설명·투자 목적|구성종목|산업·국가 비중|분배 일정|실제 분배금 이력|필드별 출처
459750,RISE 글로벌주식분산액티브,krx_numeric,,Bloomberg Global Equity Market Weighted Index(Price Return),thin,23,D,low,low,low,low,none,0,3,false,상세 메타데이터|운용사|상품 설명·투자 목적|구성종목|산업·국가 비중|분배 일정|실제 분배금 이력|필드별 출처
459790,KIWOOM 미국성장기업30액티브,krx_numeric,,MSCI USA Index(Price Return),thin,23,D,low,low,low,low,none,0,3,false,상세 메타데이터|운용사|상품 설명·투자 목적|구성종목|산업·국가 비중|분배 일정|실제 분배금 이력|필드별 출처
460270,KIWOOM 미국달러SOFR금리액티브(합성),krx_numeric,,Solactive SOFR Daily Total Return Index,thin,23,D,low,low,low,low,none,0,3,false,상세 메타데이터|운용사|상품 설명·투자 목적|구성종목|산업·국가 비중|분배 일정|실제 분배금 이력|필드별 출처
460660,RISE 미국S&P배당킹,krx_numeric,,S&P Dividend Monarchs Index(Price Return),thin,23,D,low,low,low,low,none,0,3,false,상세 메타데이터|운용사|상품 설명·투자 목적|구성종목|산업·국가 비중|분배 일정|실제 분배금 이력|필드별 출처
460960,ACE 글로벌인컴TOP10,krx_numeric,,Solactive Global Superior Income TOP 10 Price Return Index,thin,23,D,low,low,low,low,none,0,3,false,상세 메타데이터|운용사|상품 설명·투자 목적|구성종목|산업·국가 비중|분배 일정|실제 분배금 이력|필드별 출처
461340,HANARO 글로벌생성형AI액티브,krx_numeric,,Solactive United States Technology 100 Index(Price Return),thin,23,D,low,low,low,low,none,0,3,false,상세 메타데이터|운용사|상품 설명·투자 목적|구성종목|산업·국가 비중|분배 일정|실제 분배금 이력|필드별 출처
461450,KODEX 코스닥글로벌,krx_numeric,,코스닥 글로벌 지수,enriched,53,C,low,low,medium,low,none,10,3,true,운용사|상품 설명·투자 목적|산업·국가 비중|분배 일정|실제 분배금 이력
461460,PLUS 국고채10년액티브,krx_numeric,,KAP 국고채 10년 동일가중 지수(총수익),thin,23,D,low,low,low,low,none,0,4,false,상세 메타데이터|운용사|상품 설명·투자 목적|구성종목|산업·국가 비중|분배 일정|실제 분배금 이력|필드별 출처
461490,RISE 글로벌자산배분액티브,krx_numeric,,Bloomberg Multi-Asset Weighted (KRW ETFs) 지수(시장가격),enriched,57,B,low,low,medium,medium,none,10,3,true,운용사|상품 설명·투자 목적|산업·국가 비중|분배 일정|실제 분배금 이력
461500,HANARO 종합채권(AA-이상)액티브,krx_numeric,,KAP 종합채권 총수익지수(AA-이상),thin,23,D,low,low,low,low,none,0,4,false,상세 메타데이터|운용사|상품 설명·투자 목적|구성종목|산업·국가 비중|분배 일정|실제 분배금 이력|필드별 출처
461580,TIGER 코스닥글로벌,krx_numeric,,코스닥 글로벌 지수,enriched,53,C,low,low,medium,low,none,10,3,true,운용사|상품 설명·투자 목적|산업·국가 비중|분배 일정|실제 분배금 이력
461600,SOL 미국30년국채액티브(H),krx_numeric,,KAP 미국채 20Y+ 지수(시장가격),thin,23,D,low,low,low,low,none,0,4,false,상세 메타데이터|운용사|상품 설명·투자 목적|구성종목|산업·국가 비중|분배 일정|실제 분배금 이력|필드별 출처
461900,PLUS 미국테크TOP10,krx_numeric,,iSelect 미국 Tech 10 지수,thin,23,D,low,low,low,low,none,0,3,false,상세 메타데이터|운용사|상품 설명·투자 목적|구성종목|산업·국가 비중|분배 일정|실제 분배금 이력|필드별 출처
461910,PLUS 미국테크TOP10레버리지(합성),krx_numeric,,iSelect 미국 Tech 10 지수,thin,23,D,low,low,low,low,none,0,4,false,상세 메타데이터|운용사|상품 설명·투자 목적|구성종목|산업·국가 비중|분배 일정|실제 분배금 이력|필드별 출처
461950,KODEX 2차전지핵심소재10,krx_numeric,,FnGuide 2차전지핵심소재10 지수,enriched,53,C,low,low,medium,low,none,10,4,true,운용사|상품 설명·투자 목적|산업·국가 비중|분배 일정|실제 분배금 이력
462010,TIGER 2차전지소재Fn,krx_numeric,,FnGuide 2차전지소재 (Price Return) 지수,enriched,53,C,low,low,medium,low,none,10,4,true,운용사|상품 설명·투자 목적|산업·국가 비중|분배 일정|실제 분배금 이력
462330,KODEX 2차전지산업레버리지,krx_numeric,,FnGuide 2차전지 산업 지수,enriched,57,B,low,low,medium,medium,none,10,5,true,운용사|상품 설명·투자 목적|산업·국가 비중|분배 일정|실제 분배금 이력
462340,에셋플러스 글로벌다이나믹시니어액티브,krx_numeric,,S&P 500,thin,23,D,low,low,low,low,none,0,4,false,상세 메타데이터|운용사|상품 설명·투자 목적|구성종목|산업·국가 비중|분배 일정|실제 분배금 이력|필드별 출처
462900,KoAct 바이오헬스케어액티브,krx_numeric,,iSelect 바이오헬스케어 PR 지수,enriched,57,B,low,low,medium,medium,none,10,4,true,운용사|상품 설명·투자 목적|산업·국가 비중|분배 일정|실제 분배금 이력
463050,TIME K바이오액티브,krx_numeric,,KRX 헬스케어,enriched,57,B,low,low,medium,medium,none,10,4,true,운용사|상품 설명·투자 목적|산업·국가 비중|분배 일정|실제 분배금 이력
463250,TIGER K방산&우주,krx_numeric,,iSelect K방산&우주,enriched,53,C,low,low,medium,low,none,10,4,true,운용사|상품 설명·투자 목적|산업·국가 비중|분배 일정|실제 분배금 이력
463290,1Q 단기금융채액티브,krx_numeric,,MK 머니마켓 지수(총수익),thin,23,D,low,low,low,low,none,0,3,false,상세 메타데이터|운용사|상품 설명·투자 목적|구성종목|산업·국가 비중|분배 일정|실제 분배금 이력|필드별 출처
463300,RISE 중국본토CSI300,krx_numeric,,CSI 300 Index,thin,23,D,low,low,low,low,none,0,3,false,상세 메타데이터|운용사|상품 설명·투자 목적|구성종목|산업·국가 비중|분배 일정|실제 분배금 이력|필드별 출처
463640,KODEX 미국S&P500유틸리티,krx_numeric,,S&P Utilities Select Sector Index(Price Return),thin,23,D,low,low,low,low,none,0,4,false,상세 메타데이터|운용사|상품 설명·투자 목적|구성종목|산업·국가 비중|분배 일정|실제 분배금 이력|필드별 출처
463680,KODEX 미국S&P500테크놀로지,krx_numeric,,S&P Technology Select Sector Index(Price Return),thin,23,D,low,low,low,low,none,0,4,false,상세 메타데이터|운용사|상품 설명·투자 목적|구성종목|산업·국가 비중|분배 일정|실제 분배금 이력|필드별 출처
463690,KODEX 미국S&P500커뮤니케이션,krx_numeric,,S&P Communication Services Select Sector Index(Price Return),thin,23,D,low,low,low,low,none,0,4,false,상세 메타데이터|운용사|상품 설명·투자 목적|구성종목|산업·국가 비중|분배 일정|실제 분배금 이력|필드별 출처
464240,KIWOOM 26-09회사채(AA-이상)액티브,krx_numeric,,KIS 2609 만기형 크레딧 종합채권 지수(AA-이상)(총수익지수),thin,23,D,low,low,low,low,none,0,5,false,상세 메타데이터|운용사|상품 설명·투자 목적|구성종목|산업·국가 비중|분배 일정|실제 분배금 이력|필드별 출처
464310,TIGER 글로벌AI&로보틱스 INDXX,krx_numeric,,Indxx Global Robotics & Artificial Intelligence Thematic Index(PR),thin,23,D,low,low,low,low,none,0,3,false,상세 메타데이터|운용사|상품 설명·투자 목적|구성종목|산업·국가 비중|분배 일정|실제 분배금 이력|필드별 출처
464470,PLUS 미국채30년액티브,krx_numeric,,ICE U.S. Treasury 20+ Year Bond Index(Total Return),thin,23,D,low,low,low,low,none,0,4,false,상세 메타데이터|운용사|상품 설명·투자 목적|구성종목|산업·국가 비중|분배 일정|실제 분배금 이력|필드별 출처
464600,SOL 자동차소부장Fn,krx_numeric,,FnGuide 자동차소부장지수(PR),enriched,53,C,low,low,medium,low,none,10,4,true,운용사|상품 설명·투자 목적|산업·국가 비중|분배 일정|실제 분배금 이력
464610,SOL 의료기기소부장Fn,krx_numeric,,FnGuide 의료기기소부장지수(PR),enriched,53,C,low,low,medium,low,none,10,4,true,운용사|상품 설명·투자 목적|산업·국가 비중|분배 일정|실제 분배금 이력
464920,PLUS 일본반도체소부장,krx_numeric,,Solactive Japan Semiconductor Materials and Equipment Index PR,thin,23,D,low,low,low,low,none,0,3,false,상세 메타데이터|운용사|상품 설명·투자 목적|구성종목|산업·국가 비중|분배 일정|실제 분배금 이력|필드별 출처
464930,TIGER 글로벌혁신블루칩TOP10,krx_numeric,,Mirae Asset Global Innovative Bluechip Top 10 Index(PR),thin,23,D,low,low,low,low,none,0,3,false,상세 메타데이터|운용사|상품 설명·투자 목적|구성종목|산업·국가 비중|분배 일정|실제 분배금 이력|필드별 출처
465330,RISE 2차전지TOP10,krx_numeric,,iSelect 2차전지 TOP10 지수(PR),enriched,53,C,low,low,medium,low,none,10,4,true,운용사|상품 설명·투자 목적|산업·국가 비중|분배 일정|실제 분배금 이력
465350,RISE 2차전지TOP10인버스(합성),krx_numeric,,iSelect 2차전지 TOP10 지수(PR),thin,23,D,low,low,low,low,none,0,4,false,상세 메타데이터|운용사|상품 설명·투자 목적|구성종목|산업·국가 비중|분배 일정|실제 분배금 이력|필드별 출처
465580,ACE 미국빅테크TOP7 Plus,krx_numeric,,Solactive US Big Tech Top 7 Plus Price Return Index,thin,23,D,low,low,low,low,none,0,3,false,상세 메타데이터|운용사|상품 설명·투자 목적|구성종목|산업·국가 비중|분배 일정|실제 분배금 이력|필드별 출처
465610,ACE 미국빅테크TOP7 Plus레버리지(합성),krx_numeric,,Solactive US Big Tech Top 7 Plus Price Return Index,thin,23,D,low,low,low,low,none,0,4,false,상세 메타데이터|운용사|상품 설명·투자 목적|구성종목|산업·국가 비중|분배 일정|실제 분배금 이력|필드별 출처
465620,ACE 미국빅테크TOP7 Plus인버스(합성),krx_numeric,,Solactive US Big Tech Top 7 Plus Price Return Index,thin,23,D,low,low,low,low,none,0,4,false,상세 메타데이터|운용사|상품 설명·투자 목적|구성종목|산업·국가 비중|분배 일정|실제 분배금 이력|필드별 출처
465660,TIGER 일본반도체FACTSET,krx_numeric,,FactSet Japan Semiconductor Index(PR),thin,23,D,low,low,low,low,none,0,3,false,상세 메타데이터|운용사|상품 설명·투자 목적|구성종목|산업·국가 비중|분배 일정|실제 분배금 이력|필드별 출처
465670,TIGER 미국캐시카우100,krx_numeric,,Global X U.S. Cash Flow Kings 100 Index(PR),thin,23,D,low,low,low,low,none,0,3,false,상세 메타데이터|운용사|상품 설명·투자 목적|구성종목|산업·국가 비중|분배 일정|실제 분배금 이력|필드별 출처
465780,마이티 26-09 특수채(AAA)액티브,krx_numeric,,KAP 26-09 특수채 지수(총수익),thin,23,D,low,low,low,low,none,0,4,false,상세 메타데이터|운용사|상품 설명·투자 목적|구성종목|산업·국가 비중|분배 일정|실제 분배금 이력|필드별 출처
466810,BNK 2차전지양극재,krx_numeric,,iSelect 2차전지양극재 지수,enriched,53,C,low,low,medium,low,none,10,4,true,운용사|상품 설명·투자 목적|산업·국가 비중|분배 일정|실제 분배금 이력
466920,SOL 조선TOP3플러스,krx_numeric,,FnGuide 조선TOP3플러스지수(PR),enriched,53,C,low,low,medium,low,none,10,4,true,운용사|상품 설명·투자 목적|산업·국가 비중|분배 일정|실제 분배금 이력
466930,SOL 자동차TOP3플러스,krx_numeric,,FnGuide 자동차TOP3플러스지수(PR),enriched,53,C,low,low,medium,low,none,10,4,true,운용사|상품 설명·투자 목적|산업·국가 비중|분배 일정|실제 분배금 이력
466940,TIGER 은행고배당플러스TOP10,krx_numeric,,FnGuide 은행고배당플러스TOP10 지수(시장가격 지수),enriched,53,C,low,low,medium,low,none,10,5,true,운용사|상품 설명·투자 목적|산업·국가 비중|분배 일정|실제 분배금 이력
466950,TIGER 글로벌AI액티브,krx_numeric,,Indxx Artificial Intelligence and Big Data 지수(PR),thin,23,D,low,low,low,low,none,0,3,false,상세 메타데이터|운용사|상품 설명·투자 목적|구성종목|산업·국가 비중|분배 일정|실제 분배금 이력|필드별 출처
468370,KODEX iShares미국인플레이션국채액티브,krx_numeric,,ICE U.S. Treasury Inflation Linked Bond Index(Total Return),thin,23,D,low,low,low,low,none,0,4,false,상세 메타데이터|운용사|상품 설명·투자 목적|구성종목|산업·국가 비중|분배 일정|실제 분배금 이력|필드별 출처
468380,KODEX iShares미국하이일드액티브,krx_numeric,,ICE BofAML US HY Constrained Index(Total Return),thin,23,D,low,low,low,low,none,0,3,false,상세 메타데이터|운용사|상품 설명·투자 목적|구성종목|산업·국가 비중|분배 일정|실제 분배금 이력|필드별 출처
468630,KODEX iShares미국투자등급회사채액티브,krx_numeric,,iBoxx USD Liquid Investment Grade Index(Total Return),thin,23,D,low,low,low,low,none,0,4,false,상세 메타데이터|운용사|상품 설명·투자 목적|구성종목|산업·국가 비중|분배 일정|실제 분배금 이력|필드별 출처
469050,RISE 미국반도체NYSE(H),krx_numeric,,NYSE Semicondoctor Index(Price Return),thin,23,D,low,low,low,low,none,0,3,false,상세 메타데이터|운용사|상품 설명·투자 목적|구성종목|산업·국가 비중|분배 일정|실제 분배금 이력|필드별 출처
469060,RISE 미국반도체NYSE,krx_numeric,,NYSE Semicondoctor Index(Price Return),thin,23,D,low,low,low,low,none,0,3,false,상세 메타데이터|운용사|상품 설명·투자 목적|구성종목|산업·국가 비중|분배 일정|실제 분배금 이력|필드별 출처
469070,RISE AI&로봇,krx_numeric,,iSelect AI&로봇 지수(시장가격),enriched,53,C,low,low,medium,low,none,10,4,true,운용사|상품 설명·투자 목적|산업·국가 비중|분배 일정|실제 분배금 이력
469150,ACE AI반도체TOP3+,krx_numeric,,FnGuide AI반도체 TOP3+ 지수,enriched,53,C,low,low,medium,low,none,10,4,true,운용사|상품 설명·투자 목적|산업·국가 비중|분배 일정|실제 분배금 이력
469160,ACE 일본반도체,krx_numeric,,Bloomberg Japan Semiconductor Select Top 25 Index(Price Return),thin,23,D,low,low,low,low,none,0,3,false,상세 메타데이터|운용사|상품 설명·투자 목적|구성종목|산업·국가 비중|분배 일정|실제 분배금 이력|필드별 출처
469170,ACE 포스코그룹포커스,krx_numeric,,FnGuide 포스코그룹포커스 지수(시장가격),enriched,53,C,low,low,medium,low,none,10,3,true,운용사|상품 설명·투자 목적|산업·국가 비중|분배 일정|실제 분배금 이력
469530,RISE 미국달러선물인버스,krx_numeric,,미국달러선물지수,thin,23,D,low,low,low,low,none,0,4,false,상세 메타데이터|운용사|상품 설명·투자 목적|구성종목|산업·국가 비중|분배 일정|실제 분배금 이력|필드별 출처
469790,KIWOOM 코리아테크TOP10,krx_numeric,,Solactive K-TechTOP10 Index(PR),enriched,53,C,low,low,medium,low,none,10,5,true,운용사|상품 설명·투자 목적|산업·국가 비중|분배 일정|실제 분배금 이력
469830,SOL 초단기채권액티브,krx_numeric,,KAP 단기자금시장지수,thin,23,D,low,low,low,low,none,0,4,false,상세 메타데이터|운용사|상품 설명·투자 목적|구성종목|산업·국가 비중|분배 일정|실제 분배금 이력|필드별 출처
470310,UNICORN 생성형AI강소기업액티브,krx_numeric,,iSelect AI 지수,enriched,57,B,low,low,medium,medium,none,10,4,true,운용사|상품 설명·투자 목적|산업·국가 비중|분배 일정|실제 분배금 이력
471040,KoAct 글로벌AI&로봇액티브,krx_numeric,,iSelect 글로벌AI&로봇PR지수,thin,23,D,low,low,low,low,none,0,3,false,상세 메타데이터|운용사|상품 설명·투자 목적|구성종목|산업·국가 비중|분배 일정|실제 분배금 이력|필드별 출처
471230,KODEX 국고채10년액티브,krx_numeric,,KAP 국고채 10년 지수(TR),thin,23,D,low,low,low,low,none,0,4,false,상세 메타데이터|운용사|상품 설명·투자 목적|구성종목|산업·국가 비중|분배 일정|실제 분배금 이력|필드별 출처
471460,KIWOOM 국고채30년액티브,krx_numeric,,KIS-키움 국고채30년 지수(총수익지수),thin,23,D,low,low,low,low,none,0,4,false,상세 메타데이터|운용사|상품 설명·투자 목적|구성종목|산업·국가 비중|분배 일정|실제 분배금 이력|필드별 출처
471760,TIGER AI반도체핵심공정,krx_numeric,,iSelect AI반도체핵심공정지수,enriched,53,C,low,low,medium,low,none,10,4,true,운용사|상품 설명·투자 목적|산업·국가 비중|분배 일정|실제 분배금 이력
471780,TIGER 코리아테크액티브,krx_numeric,,KRX 정보기술,enriched,57,B,low,low,medium,medium,none,10,4,true,운용사|상품 설명·투자 목적|산업·국가 비중|분배 일정|실제 분배금 이력
471990,KODEX AI반도체핵심장비,krx_numeric,,iSelect AI 반도체핵심장비 지수,enriched,53,C,low,low,medium,low,none,10,4,true,운용사|상품 설명·투자 목적|산업·국가 비중|분배 일정|실제 분배금 이력
472150,TIGER 배당커버드콜액티브,krx_numeric,,코스피 200 커버드콜 5% OTM,enriched,57,B,low,low,medium,medium,none,10,5,true,운용사|상품 설명·투자 목적|산업·국가 비중|분배 일정|실제 분배금 이력
472160,TIGER 미국테크TOP10 INDXX(H),krx_numeric,,Indxx US Tech Top 10 Index,thin,23,D,low,low,low,low,none,0,3,false,상세 메타데이터|운용사|상품 설명·투자 목적|구성종목|산업·국가 비중|분배 일정|실제 분배금 이력|필드별 출처
472170,TIGER 미국테크TOP10채권혼합,krx_numeric,,FnGuide 미국테크TOP10 채권혼합지수,thin,23,D,low,low,low,low,none,0,3,false,상세 메타데이터|운용사|상품 설명·투자 목적|구성종목|산업·국가 비중|분배 일정|실제 분배금 이력|필드별 출처
472720,TRUSTON 주주가치액티브,krx_numeric,,코스피 200,enriched,57,B,low,low,medium,medium,none,10,4,true,운용사|상품 설명·투자 목적|산업·국가 비중|분배 일정|실제 분배금 이력
472830,RISE 미국30년국채커버드콜(합성),krx_numeric,,Bloomberg U.S. Treasury 20+ Year (TLT) 2% OTM Covered Call Index(TR),thin,23,D,low,low,low,low,none,0,5,false,상세 메타데이터|운용사|상품 설명·투자 목적|구성종목|산업·국가 비중|분배 일정|실제 분배금 이력|필드별 출처
472840,IBK 200,krx_numeric,,코스피 200,enriched,53,C,low,low,medium,low,none,10,4,true,운용사|상품 설명·투자 목적|산업·국가 비중|분배 일정|실제 분배금 이력
472870,RISE 미국30년국채엔화노출(합성 H),krx_numeric,,KIS 미국채30년 엔화노출 지수(USD/JPY 헤지)(총수익지수),thin,23,D,low,low,low,low,none,0,4,false,상세 메타데이터|운용사|상품 설명·투자 목적|구성종목|산업·국가 비중|분배 일정|실제 분배금 이력|필드별 출처
472920,HK 종합채권(AA-이상)액티브,krx_numeric,,KAP 종합채권 AA- 이상 지수(총수익),thin,23,D,low,low,low,low,none,0,4,false,상세 메타데이터|운용사|상품 설명·투자 목적|구성종목|산업·국가 비중|분배 일정|실제 분배금 이력|필드별 출처
473290,KODEX 26-12 회사채(AA-이상)액티브,krx_numeric,,KAP 26-12 회사채 총수익 지수(AA-이상),thin,23,D,low,low,low,low,none,0,5,false,상세 메타데이터|운용사|상품 설명·투자 목적|구성종목|산업·국가 비중|분배 일정|실제 분배금 이력|필드별 출처
473330,SOL 미국30년국채커버드콜(합성),krx_numeric,,KEDI 미국 국채 20년+ 커버드콜 지수(NTR),thin,23,D,low,low,low,low,none,0,5,false,상세 메타데이터|운용사|상품 설명·투자 목적|구성종목|산업·국가 비중|분배 일정|실제 분배금 이력|필드별 출처
473440,ACE 11월만기자동연장회사채AA-이상액티브,krx_numeric,,KIS 11월 만기자동연장회사채(AA-이상) 총수익지수,thin,23,D,low,low,low,low,none,0,4,false,상세 메타데이터|운용사|상품 설명·투자 목적|구성종목|산업·국가 비중|분배 일정|실제 분배금 이력|필드별 출처
473460,KODEX 미국서학개미,krx_numeric,,iSelect 서학개미 지수(PR),thin,23,D,low,low,low,low,none,0,3,false,상세 메타데이터|운용사|상품 설명·투자 목적|구성종목|산업·국가 비중|분배 일정|실제 분배금 이력|필드별 출처
473490,KIWOOM 글로벌AI반도체,krx_numeric,,Solactive Global AI Semiconductor Index (Price Return),thin,23,D,low,low,low,low,none,0,3,false,상세 메타데이터|운용사|상품 설명·투자 목적|구성종목|산업·국가 비중|분배 일정|실제 분배금 이력|필드별 출처
473590,ACE 미국주식베스트셀러,krx_numeric,,FnGuide 미국 주식 베스트셀러 지수(시장가격지수),thin,23,D,low,low,low,low,none,0,3,false,상세 메타데이터|운용사|상품 설명·투자 목적|구성종목|산업·국가 비중|분배 일정|실제 분배금 이력|필드별 출처
473640,HANARO 글로벌금채굴기업,krx_numeric,,NYSE Arca Gold Miners Index (Price Return),thin,23,D,low,low,low,low,none,0,3,false,상세 메타데이터|운용사|상품 설명·투자 목적|구성종목|산업·국가 비중|분배 일정|실제 분배금 이력|필드별 출처
474220,TIGER 미국테크TOP10타겟커버드콜,krx_numeric,,Bloomberg U.S. Tech Top10+10% Premium Covered Call Index,thin,23,D,low,low,low,low,none,0,4,false,상세 메타데이터|운용사|상품 설명·투자 목적|구성종목|산업·국가 비중|분배 일정|실제 분배금 이력|필드별 출처
474390,SOL 국고채30년액티브,krx_numeric,,KAP 국고채30년 지수(TR),thin,23,D,low,low,low,low,none,0,4,false,상세 메타데이터|운용사|상품 설명·투자 목적|구성종목|산업·국가 비중|분배 일정|실제 분배금 이력|필드별 출처
474590,WON 반도체밸류체인액티브,krx_numeric,,FnGuide 반도체 밸류체인 (Price Return) 지수,enriched,57,B,low,low,medium,medium,none,10,4,true,운용사|상품 설명·투자 목적|산업·국가 비중|분배 일정|실제 분배금 이력
474800,KIWOOM 미국원유에너지기업,krx_numeric,,MSCI US IMI Energy 25/50 Index(Price Return),thin,23,D,low,low,low,low,none,0,3,false,상세 메타데이터|운용사|상품 설명·투자 목적|구성종목|산업·국가 비중|분배 일정|실제 분배금 이력|필드별 출처
474920,에셋플러스 차이나일등기업포커스10액티브,krx_numeric,,"MSCI China Index(USD, Price Return)",thin,23,D,low,low,low,low,none,0,3,false,상세 메타데이터|운용사|상품 설명·투자 목적|구성종목|산업·국가 비중|분배 일정|실제 분배금 이력|필드별 출처
475050,ACE KPOP포커스,krx_numeric,,iSelect K-POP 포커스지수(시장가격),enriched,53,C,low,low,medium,low,none,10,4,true,운용사|상품 설명·투자 목적|산업·국가 비중|분배 일정|실제 분배금 이력
475070,KoAct 글로벌친환경전력인프라액티브,krx_numeric,,Solactive 글로벌친환경전력인프라 PR지수,thin,23,D,low,low,low,low,none,0,3,false,상세 메타데이터|운용사|상품 설명·투자 목적|구성종목|산업·국가 비중|분배 일정|실제 분배금 이력|필드별 출처
475080,KODEX 테슬라커버드콜채권혼합액티브,krx_numeric,,KEDI 테슬라 인컴 프리미엄 밸런스드 지수(TR),thin,23,D,low,low,low,low,none,0,4,false,상세 메타데이터|운용사|상품 설명·투자 목적|구성종목|산업·국가 비중|분배 일정|실제 분배금 이력|필드별 출처
475260,ACE 2월만기자동연장회사채AA-이상액티브,krx_numeric,,KAP 2월 만기자동연장회사채(AA-이상) 총수익지수,thin,23,D,low,low,low,low,none,0,4,false,상세 메타데이터|운용사|상품 설명·투자 목적|구성종목|산업·국가 비중|분배 일정|실제 분배금 이력|필드별 출처
475270,ACE 5월만기자동연장회사채AA-이상액티브,krx_numeric,,KIS 5월 만기자동연장회사채(AA-이상) 총수익지수,thin,23,D,low,low,low,low,none,0,4,false,상세 메타데이터|운용사|상품 설명·투자 목적|구성종목|산업·국가 비중|분배 일정|실제 분배금 이력|필드별 출처
475280,ACE 8월만기자동연장회사채AA-이상액티브,krx_numeric,,KAP 8월 만기자동연장회사채(AA-이상) 총수익지수,thin,23,D,low,low,low,low,none,0,4,false,상세 메타데이터|운용사|상품 설명·투자 목적|구성종목|산업·국가 비중|분배 일정|실제 분배금 이력|필드별 출처
475300,SOL 반도체전공정,krx_numeric,,FnGuide 반도체 전공정 지수(PR),enriched,53,C,low,low,medium,low,none,10,4,true,운용사|상품 설명·투자 목적|산업·국가 비중|분배 일정|실제 분배금 이력
475310,SOL 반도체후공정,krx_numeric,,FnGuide 반도체 후공정 지수(PR),enriched,53,C,low,low,medium,low,none,10,4,true,운용사|상품 설명·투자 목적|산업·국가 비중|분배 일정|실제 분배금 이력
475350,RISE 버크셔포트폴리오TOP10,krx_numeric,,Solactive Berkshire Portfolio Top10 Index(PR),thin,23,D,low,low,low,low,none,0,3,false,상세 메타데이터|운용사|상품 설명·투자 목적|구성종목|산업·국가 비중|분배 일정|실제 분배금 이력|필드별 출처
475380,RISE 글로벌리얼티인컴,krx_numeric,,Solactive Global Realty Income Index(Price Return),thin,23,D,low,low,low,low,none,0,3,false,상세 메타데이터|운용사|상품 설명·투자 목적|구성종목|산업·국가 비중|분배 일정|실제 분배금 이력|필드별 출처
475630,TIGER CD1년금리액티브(합성),krx_numeric,,KIS CD 1Y 총수익지수,thin,23,D,low,low,low,low,none,0,3,false,상세 메타데이터|운용사|상품 설명·투자 목적|구성종목|산업·국가 비중|분배 일정|실제 분배금 이력|필드별 출처
475720,RISE 200위클리커버드콜,krx_numeric,,코스피 200 위클리 커버드콜 ATM 지수,enriched,57,B,low,low,medium,medium,none,10,5,true,운용사|상품 설명·투자 목적|산업·국가 비중|분배 일정|실제 분배금 이력
476000,UNICORN 포스트IPO액티브,krx_numeric,,iSelect 포스트 IPO 지수,enriched,57,B,low,low,medium,medium,none,10,3,true,운용사|상품 설명·투자 목적|산업·국가 비중|분배 일정|실제 분배금 이력
476030,SOL 미국나스닥100,krx_numeric,,NASDAQ 100,thin,23,D,low,low,low,low,none,0,4,false,상세 메타데이터|운용사|상품 설명·투자 목적|구성종목|산업·국가 비중|분배 일정|실제 분배금 이력|필드별 출처
476070,KODEX 글로벌비만치료제TOP2 Plus,krx_numeric,,iSelect 글로벌 비만치료제TOP2 Plus 지수(PR),thin,23,D,low,low,low,low,none,0,3,false,상세 메타데이터|운용사|상품 설명·투자 목적|구성종목|산업·국가 비중|분배 일정|실제 분배금 이력|필드별 출처
476260,HANARO 반도체핵심공정주도주,krx_numeric,,FnGuide 반도체 핵심공정 지수,enriched,53,C,low,low,medium,low,none,10,4,true,운용사|상품 설명·투자 목적|산업·국가 비중|분배 일정|실제 분배금 이력
476310,RISE 글로벌비만산업TOP2+,krx_numeric,,KEDI 글로벌 비만 산업 Top2+ 지수(Price Return),thin,23,D,low,low,low,low,none,0,3,false,상세 메타데이터|운용사|상품 설명·투자 목적|구성종목|산업·국가 비중|분배 일정|실제 분배금 이력|필드별 출처
476450,KIWOOM 머니마켓액티브,krx_numeric,,KIS-키움 MMF지수(총수익지수),thin,23,D,low,low,low,low,none,0,4,false,상세 메타데이터|운용사|상품 설명·투자 목적|구성종목|산업·국가 비중|분배 일정|실제 분배금 이력|필드별 출처
476550,TIGER 미국30년국채커버드콜액티브(H),krx_numeric,,KEDI 미국채30년 위클리 커버드콜30 지수(Total Return),thin,23,D,low,low,low,low,none,0,5,false,상세 메타데이터|운용사|상품 설명·투자 목적|구성종목|산업·국가 비중|분배 일정|실제 분배금 이력|필드별 출처
476690,TIGER 글로벌비만치료제TOP2Plus,krx_numeric,,Indxx Global Obesity Treatment Top 2 Plus 지수 (시장가격),thin,23,D,low,low,low,low,none,0,3,false,상세 메타데이터|운용사|상품 설명·투자 목적|구성종목|산업·국가 비중|분배 일정|실제 분배금 이력|필드별 출처
476750,ACE 미국30년국채엔화노출액티브(H),krx_numeric,,Bloomberg U.S. Treasury 20+ Year Total Return Index T1530 JPY Currency Hedged,thin,23,D,low,low,low,low,none,0,4,false,상세 메타데이터|운용사|상품 설명·투자 목적|구성종목|산업·국가 비중|분배 일정|실제 분배금 이력|필드별 출처
476760,ACE 미국30년국채액티브,krx_numeric,,Bloomberg U.S Treasury 20+ Year Total Return Index,thin,23,D,low,low,low,low,none,0,4,false,상세 메타데이터|운용사|상품 설명·투자 목적|구성종목|산업·국가 비중|분배 일정|실제 분배금 이력|필드별 출처
476800,KODEX 한국부동산리츠인프라,krx_numeric,,KRX 부동산리츠인프라 지수,enriched,53,C,low,low,medium,low,none,10,3,true,운용사|상품 설명·투자 목적|산업·국가 비중|분배 일정|실제 분배금 이력
476850,KoAct 배당성장액티브,krx_numeric,,코스피,enriched,57,B,low,low,medium,medium,none,10,4,true,운용사|상품 설명·투자 목적|산업·국가 비중|분배 일정|실제 분배금 이력
477050,PLUS 머니마켓액티브,krx_numeric,,KAP 시가평가 MMF 지수(총수익),thin,23,D,low,low,low,low,none,0,4,false,상세 메타데이터|운용사|상품 설명·투자 목적|구성종목|산업·국가 비중|분배 일정|실제 분배금 이력|필드별 출처
477080,RISE CD금리액티브(합성),krx_numeric,,FnGuide CD금리투자 지수(총수익),thin,23,D,low,low,low,low,none,0,4,false,상세 메타데이터|운용사|상품 설명·투자 목적|구성종목|산업·국가 비중|분배 일정|실제 분배금 이력|필드별 출처
477490,에셋플러스 글로벌일등기업포커스10액티브,krx_numeric,,MSCI World,thin,23,D,low,low,low,low,none,0,3,false,상세 메타데이터|운용사|상품 설명·투자 목적|구성종목|산업·국가 비중|분배 일정|실제 분배금 이력|필드별 출처
477730,KODEX 인도타타그룹,krx_numeric,,Nifty India Corporate Group Index - Tata Group 25% Cap(PR),thin,23,D,low,low,low,low,none,0,3,false,상세 메타데이터|운용사|상품 설명·투자 목적|구성종목|산업·국가 비중|분배 일정|실제 분배금 이력|필드별 출처
478150,TIME 글로벌우주테크&방산액티브,krx_numeric,,Solactive Aerospace and Defense USD Index PR,thin,23,D,low,low,low,low,none,0,3,false,상세 메타데이터|운용사|상품 설명·투자 목적|구성종목|산업·국가 비중|분배 일정|실제 분배금 이력|필드별 출처
479080,1Q 머니마켓액티브,krx_numeric,,KIS-하나 MMF 지수(총수익),thin,23,D,low,low,low,low,none,0,4,false,상세 메타데이터|운용사|상품 설명·투자 목적|구성종목|산업·국가 비중|분배 일정|실제 분배금 이력|필드별 출처
479520,RISE KOFR금리액티브(합성),krx_numeric,,KOFR 지수,thin,23,D,low,low,low,low,none,0,4,false,상세 메타데이터|운용사|상품 설명·투자 목적|구성종목|산업·국가 비중|분배 일정|실제 분배금 이력|필드별 출처
479620,SOL 미국AI반도체칩메이커,krx_numeric,,Solactive US AI Semiconductor Chip Makers Index(PR),thin,23,D,low,low,low,low,none,0,3,false,상세 메타데이터|운용사|상품 설명·투자 목적|구성종목|산업·국가 비중|분배 일정|실제 분배금 이력|필드별 출처
479730,TIGER 인도빌리언컨슈머,krx_numeric,,Mirae Asset India Billion Consumer 지수(PR),thin,23,D,low,low,low,low,none,0,3,false,상세 메타데이터|운용사|상품 설명·투자 목적|구성종목|산업·국가 비중|분배 일정|실제 분배금 이력|필드별 출처
479850,HANARO K-뷰티,krx_numeric,,FnGuide K-뷰티 지수,enriched,53,C,low,low,medium,low,none,10,4,true,운용사|상품 설명·투자 목적|산업·국가 비중|분배 일정|실제 분배금 이력
480020,ACE 미국빅테크7+데일리타겟커버드콜(합성),krx_numeric,,Bloomberg US Big Tech Top 7 Plus Premium Decrement 15% Distribution Index,thin,23,D,low,low,low,low,none,0,4,false,상세 메타데이터|운용사|상품 설명·투자 목적|구성종목|산업·국가 비중|분배 일정|실제 분배금 이력|필드별 출처
480030,ACE 미국500데일리타겟커버드콜(합성),krx_numeric,,Bloomberg US 500 Large Cap Premium Decrement 15% Distribution Index,thin,23,D,low,low,low,low,none,0,4,false,상세 메타데이터|운용사|상품 설명·투자 목적|구성종목|산업·국가 비중|분배 일정|실제 분배금 이력|필드별 출처
480040,ACE 미국반도체데일리타겟커버드콜(합성),krx_numeric,,Bloomberg US Listed Semiconductor Premium Decrement 15% Distribution Index,thin,23,D,low,low,low,low,none,0,4,false,상세 메타데이터|운용사|상품 설명·투자 목적|구성종목|산업·국가 비중|분배 일정|실제 분배금 이력|필드별 출처
480260,TIGER 27-04회사채(A+이상)액티브,krx_numeric,,KIS 회사채2704만기형 지수 (총수익 지수),thin,23,D,low,low,low,low,none,0,5,false,상세 메타데이터|운용사|상품 설명·투자 목적|구성종목|산업·국가 비중|분배 일정|실제 분배금 이력|필드별 출처
480310,TIGER 글로벌온디바이스AI,krx_numeric,,Mirae Asset Global On-Device AI 지수 (PR),thin,23,D,low,low,low,low,none,0,3,false,상세 메타데이터|운용사|상품 설명·투자 목적|구성종목|산업·국가 비중|분배 일정|실제 분배금 이력|필드별 출처
480460,WON 한국부동산TOP3플러스,krx_numeric,,DeepSearch 한국부동산TOP3플러스 지수,enriched,53,C,low,low,medium,low,none,10,3,true,운용사|상품 설명·투자 목적|산업·국가 비중|분배 일정|실제 분배금 이력
481050,KODEX CD1년금리플러스액티브(합성),krx_numeric,,KAP 1년은행 CD+추가금리 지수(총수익지수),thin,23,D,low,low,low,low,none,0,3,false,상세 메타데이터|운용사|상품 설명·투자 목적|구성종목|산업·국가 비중|분배 일정|실제 분배금 이력|필드별 출처
481060,KODEX 미국30년국채타겟커버드콜(합성 H),krx_numeric,,Bloomberg U.S.Treasury 20+ Year(TLT)+ 12% Premium Covered Call index(TR),thin,23,D,low,low,low,low,none,0,5,false,상세 메타데이터|운용사|상품 설명·투자 목적|구성종목|산업·국가 비중|분배 일정|실제 분배금 이력|필드별 출처
481180,SOL 미국AI소프트웨어,krx_numeric,,KEDI 미국 AI 소프트웨어지수(PR),thin,23,D,low,low,low,low,none,0,3,false,상세 메타데이터|운용사|상품 설명·투자 목적|구성종목|산업·국가 비중|분배 일정|실제 분배금 이력|필드별 출처
481190,SOL 미국테크TOP10,krx_numeric,,Solactive US Tech TOP 10 Custom Index(PR),thin,23,D,low,low,low,low,none,0,3,false,상세 메타데이터|운용사|상품 설명·투자 목적|구성종목|산업·국가 비중|분배 일정|실제 분배금 이력|필드별 출처
481340,RISE 미국30년국채액티브,krx_numeric,,Bloomberg U.S Treasury 20+ Year Total Return Index,thin,23,D,low,low,low,low,none,0,4,false,상세 메타데이터|운용사|상품 설명·투자 목적|구성종목|산업·국가 비중|분배 일정|실제 분배금 이력|필드별 출처
481430,RISE 국고채10년액티브,krx_numeric,,KAP 국고채 10년 지수(총수익),thin,23,D,low,low,low,low,none,0,4,false,상세 메타데이터|운용사|상품 설명·투자 목적|구성종목|산업·국가 비중|분배 일정|실제 분배금 이력|필드별 출처
482030,KoAct 반도체&2차전지핵심소재액티브,krx_numeric,,iSelect 반도체&2차전지핵심소재 지수,enriched,57,B,low,low,medium,medium,none,10,5,true,운용사|상품 설명·투자 목적|산업·국가 비중|분배 일정|실제 분배금 이력
482730,TIGER 미국S&P500타겟데일리커버드콜,krx_numeric,,S&P500 10% Daily Premium Covered Call Index(TR),thin,23,D,low,low,low,low,none,0,5,false,상세 메타데이터|운용사|상품 설명·투자 목적|구성종목|산업·국가 비중|분배 일정|실제 분배금 이력|필드별 출처
483020,KIWOOM 의료AI,krx_numeric,,FnGuide 의료AI 지수,enriched,53,C,low,low,medium,low,none,10,4,true,운용사|상품 설명·투자 목적|산업·국가 비중|분배 일정|실제 분배금 이력
483030,KIWOOM 미국블록버스터바이오테크의약품+,krx_numeric,,Solactive Blockbuster Biotech Drugs Index(PR),thin,23,D,low,low,low,low,none,0,3,false,상세 메타데이터|운용사|상품 설명·투자 목적|구성종목|산업·국가 비중|분배 일정|실제 분배금 이력|필드별 출처
483280,KODEX 미국AI테크TOP10타겟커버드콜,krx_numeric,,KEDI 미국 AI 테크 TOP10+15%프리미엄 지수(Total Return),thin,23,D,low,low,low,low,none,0,4,false,상세 메타데이터|운용사|상품 설명·투자 목적|구성종목|산업·국가 비중|분배 일정|실제 분배금 이력|필드별 출처
483290,KODEX 미국배당다우존스타겟커버드콜,krx_numeric,,Dow Jones U.S. Dividend 100 10% Premium Covered Call Index(Total Return),thin,23,D,low,low,low,low,none,0,4,false,상세 메타데이터|운용사|상품 설명·투자 목적|구성종목|산업·국가 비중|분배 일정|실제 분배금 이력|필드별 출처
483320,ACE 엔비디아밸류체인액티브,krx_numeric,,KEDI 글로벌AI반도체 지수,thin,23,D,low,low,low,low,none,0,3,false,상세 메타데이터|운용사|상품 설명·투자 목적|구성종목|산업·국가 비중|분배 일정|실제 분배금 이력|필드별 출처
483330,ACE 마이크로소프트밸류체인액티브,krx_numeric,,KEDI 글로벌생성형AI 지수,thin,23,D,low,low,low,low,none,0,3,false,상세 메타데이터|운용사|상품 설명·투자 목적|구성종목|산업·국가 비중|분배 일정|실제 분배금 이력|필드별 출처
483340,ACE 구글밸류체인액티브,krx_numeric,,KEDI 글로벌 AI 클라우드 지수,thin,23,D,low,low,low,low,none,0,3,false,상세 메타데이터|운용사|상품 설명·투자 목적|구성종목|산업·국가 비중|분배 일정|실제 분배금 이력|필드별 출처
483570,KCGI 미국S&P500 TOP10,krx_numeric,,S&P500 Top10 25% Capped Index(PR),thin,23,D,low,low,low,low,none,0,4,false,상세 메타데이터|운용사|상품 설명·투자 목적|구성종목|산업·국가 비중|분배 일정|실제 분배금 이력|필드별 출처
484790,KODEX 미국30년국채액티브(H),krx_numeric,,KEDI-KAP 미국 국채 20+ 지수(TR),thin,23,D,low,low,low,low,none,0,4,false,상세 메타데이터|운용사|상품 설명·투자 목적|구성종목|산업·국가 비중|분배 일정|실제 분배금 이력|필드별 출처
484880,SOL 금융지주플러스고배당,krx_numeric,,FnGuide 금융지주플러스고배당 지수(PR),enriched,53,C,low,low,medium,low,none,10,5,true,운용사|상품 설명·투자 목적|산업·국가 비중|분배 일정|실제 분배금 이력
484890,SOL 머니마켓액티브,krx_numeric,,KAP 시가 MMF 지수(TR),thin,23,D,low,low,low,low,none,0,4,false,상세 메타데이터|운용사|상품 설명·투자 목적|구성종목|산업·국가 비중|분배 일정|실제 분배금 이력|필드별 출처
485540,KODEX 미국AI테크TOP10,krx_numeric,,KEDI 미국AI테크 TOP10 지수(PR),thin,23,D,low,low,low,low,none,0,3,false,상세 메타데이터|운용사|상품 설명·투자 목적|구성종목|산업·국가 비중|분배 일정|실제 분배금 이력|필드별 출처
485690,RISE 미국AI밸류체인TOP3Plus,krx_numeric,,KEDI 미국 AI 밸류체인 TOP3 Plus 지수(Price Return),thin,23,D,low,low,low,low,none,0,3,false,상세 메타데이터|운용사|상품 설명·투자 목적|구성종목|산업·국가 비중|분배 일정|실제 분배금 이력|필드별 출처
485810,TIME 글로벌바이오액티브,krx_numeric,,KEDI 글로벌 불로장생바이오 지수(원화환산),thin,23,D,low,low,low,low,none,0,3,false,상세 메타데이터|운용사|상품 설명·투자 목적|구성종목|산업·국가 비중|분배 일정|실제 분배금 이력|필드별 출처
486240,DAISHIN343 AI반도체&인프라액티브,krx_numeric,,FnGuide AI반도체&인프라 지수,enriched,57,B,low,low,medium,medium,none,10,5,true,운용사|상품 설명·투자 목적|산업·국가 비중|분배 일정|실제 분배금 이력
486290,TIGER 미국나스닥100타겟데일리커버드콜,krx_numeric,,NASDAQ 100 Daily Covered Call Target Premium 15% 지수(TR),thin,23,D,low,low,low,low,none,0,5,false,상세 메타데이터|운용사|상품 설명·투자 목적|구성종목|산업·국가 비중|분배 일정|실제 분배금 이력|필드별 출처
486450,SOL 미국AI전력인프라,krx_numeric,,KEDI 미국AI전력인프라 지수(PR),thin,23,D,low,low,low,low,none,0,3,false,상세 메타데이터|운용사|상품 설명·투자 목적|구성종목|산업·국가 비중|분배 일정|실제 분배금 이력|필드별 출처
486830,HANARO 머니마켓액티브,krx_numeric,,KIS-NH Amundi MMF지수,thin,23,D,low,low,low,low,none,0,4,false,상세 메타데이터|운용사|상품 설명·투자 목적|구성종목|산업·국가 비중|분배 일정|실제 분배금 이력|필드별 출처
487130,KoAct AI인프라액티브,krx_numeric,,Solactive AI인프라 지수,enriched,57,B,low,low,medium,medium,none,10,5,true,운용사|상품 설명·투자 목적|산업·국가 비중|분배 일정|실제 분배금 이력
487230,KODEX 미국AI전력핵심인프라,krx_numeric,,iSelect 미국AI전력핵심인프라 지수(Price Return),thin,23,D,low,low,low,low,none,0,3,false,상세 메타데이터|운용사|상품 설명·투자 목적|구성종목|산업·국가 비중|분배 일정|실제 분배금 이력|필드별 출처
487240,KODEX AI전력핵심설비,krx_numeric,,iSelect AI 전력핵심설비 지수(Price Return),enriched,53,C,low,low,medium,low,none,10,4,true,운용사|상품 설명·투자 목적|산업·국가 비중|분배 일정|실제 분배금 이력
487340,ACE 머니마켓액티브,krx_numeric,,MK-KAP 머니마켓 총수익지수,thin,23,D,low,low,low,low,none,0,4,false,상세 메타데이터|운용사|상품 설명·투자 목적|구성종목|산업·국가 비중|분배 일정|실제 분배금 이력|필드별 출처
487750,BNK 온디바이스AI,krx_numeric,,FnGuide 온디바이스AI 지수,enriched,53,C,low,low,medium,low,none,10,4,true,운용사|상품 설명·투자 목적|산업·국가 비중|분배 일정|실제 분배금 이력
487910,ACE 인도컨슈머파워액티브,krx_numeric,,Indxx India Super Consumption Index (Price Return),thin,23,D,low,low,low,low,none,0,3,false,상세 메타데이터|운용사|상품 설명·투자 목적|구성종목|산업·국가 비중|분배 일정|실제 분배금 이력|필드별 출처
487920,ACE 인도시장대표BIG5그룹액티브,krx_numeric,,Indxx India Big 5 Conglomerates Index (Price Return),thin,23,D,low,low,low,low,none,0,3,false,상세 메타데이터|운용사|상품 설명·투자 목적|구성종목|산업·국가 비중|분배 일정|실제 분배금 이력|필드별 출처
487950,KODEX 대만테크고배당다우존스,krx_numeric,,Dow Jones Taiwan Technology Dividend 30 Index(TWD)(PR),thin,23,D,low,low,low,low,none,0,3,false,상세 메타데이터|운용사|상품 설명·투자 목적|구성종목|산업·국가 비중|분배 일정|실제 분배금 이력|필드별 출처
488080,TIGER 반도체TOP10레버리지,krx_numeric,,FnGuide 반도체TOP10 지수,enriched,57,B,low,low,medium,medium,none,10,5,true,운용사|상품 설명·투자 목적|산업·국가 비중|분배 일정|실제 분배금 이력
488200,KIWOOM K-2차전지북미공급망,krx_numeric,,Solactive K-Battery North America Supply Chain 지수,enriched,53,C,low,low,medium,low,none,10,4,true,운용사|상품 설명·투자 목적|산업·국가 비중|분배 일정|실제 분배금 이력
488210,KIWOOM K-반도체북미공급망,krx_numeric,,Solactive K-Semiconductor North America Supply Chain 지수,enriched,53,C,low,low,medium,low,none,10,4,true,운용사|상품 설명·투자 목적|산업·국가 비중|분배 일정|실제 분배금 이력
488290,MIDAS 일본테크액티브,krx_numeric,,Solactive Japan Tech Top 30 지수(PR),thin,23,D,low,low,low,low,none,0,3,false,상세 메타데이터|운용사|상품 설명·투자 목적|구성종목|산업·국가 비중|분배 일정|실제 분배금 이력|필드별 출처
488480,RISE 일본섹터TOP4Plus,krx_numeric,,Solactive Japan Samurai Sector TOP4 Plus Index(PR),thin,23,D,low,low,low,low,none,0,3,false,상세 메타데이터|운용사|상품 설명·투자 목적|구성종목|산업·국가 비중|분배 일정|실제 분배금 이력|필드별 출처
488500,TIGER 미국S&P500동일가중,krx_numeric,,S&P 500 Equal Weight Index(PR),thin,23,D,low,low,low,low,none,0,4,false,상세 메타데이터|운용사|상품 설명·투자 목적|구성종목|산업·국가 비중|분배 일정|실제 분배금 이력|필드별 출처
488720,WON 종합채권(AA-이상)액티브,krx_numeric,,KIS 종합채권시장 총수익지수(AA-이상),thin,23,D,low,low,low,low,none,0,4,false,상세 메타데이터|운용사|상품 설명·투자 목적|구성종목|산업·국가 비중|분배 일정|실제 분배금 이력|필드별 출처
488770,KODEX 머니마켓액티브,krx_numeric,,KAP MMF 지수(TR),thin,23,D,low,low,low,low,none,0,4,false,상세 메타데이터|운용사|상품 설명·투자 목적|구성종목|산업·국가 비중|분배 일정|실제 분배금 이력|필드별 출처
488980,SOL 26-12 회사채(AA-이상)액티브,krx_numeric,,"KAP 26-12 크레딧 채권지수(AA-이상, 총수익)",thin,23,D,low,low,low,low,none,0,5,false,상세 메타데이터|운용사|상품 설명·투자 목적|구성종목|산업·국가 비중|분배 일정|실제 분배금 이력|필드별 출처
489000,PLUS 일본엔화초단기국채(합성),krx_numeric,,KAP 일본 단기 국채 지수(총수익),thin,23,D,low,low,low,low,none,0,5,false,상세 메타데이터|운용사|상품 설명·투자 목적|구성종목|산업·국가 비중|분배 일정|실제 분배금 이력|필드별 출처
489010,PLUS 글로벌AI인프라,krx_numeric,,Solactive Global AI Infrastructure Index (PR),thin,23,D,low,low,low,low,none,0,3,false,상세 메타데이터|운용사|상품 설명·투자 목적|구성종목|산업·국가 비중|분배 일정|실제 분배금 이력|필드별 출처
489030,PLUS 고배당주위클리커버드콜,krx_numeric,,코스피 고배당 위클리 콜매도 ATM 지수,enriched,57,B,low,low,medium,medium,none,10,5,true,운용사|상품 설명·투자 목적|산업·국가 비중|분배 일정|실제 분배금 이력
489250,KODEX 미국배당다우존스,krx_numeric,,Dow Jones U.S. Dividend 100 Price Return Index,thin,23,D,low,low,low,low,none,0,3,false,상세 메타데이터|운용사|상품 설명·투자 목적|구성종목|산업·국가 비중|분배 일정|실제 분배금 이력|필드별 출처
489290,WON 미국빌리어네어,krx_numeric,,Bloomberg US Billionaires Investment Select Index(PR),thin,23,D,low,low,low,low,none,0,3,false,상세 메타데이터|운용사|상품 설명·투자 목적|구성종목|산업·국가 비중|분배 일정|실제 분배금 이력|필드별 출처
489860,KIWOOM 글로벌전력GRID인프라,krx_numeric,,NASDAQ OMX Clean Edge Smart Grid Infrastructure Index,thin,23,D,low,low,low,low,none,0,3,false,상세 메타데이터|운용사|상품 설명·투자 목적|구성종목|산업·국가 비중|분배 일정|실제 분배금 이력|필드별 출처
490090,TIGER 미국AI빅테크10,krx_numeric,,KEDI 미국AI빅테크10 지수(PR),thin,23,D,low,low,low,low,none,0,3,false,상세 메타데이터|운용사|상품 설명·투자 목적|구성종목|산업·국가 비중|분배 일정|실제 분배금 이력|필드별 출처
490330,KoAct 미국치매&뇌질환치료제액티브,krx_numeric,,Solactive 미국뇌질환치료제 PR 지수,thin,23,D,low,low,low,low,none,0,3,false,상세 메타데이터|운용사|상품 설명·투자 목적|구성종목|산업·국가 비중|분배 일정|실제 분배금 이력|필드별 출처
490480,SOL K방산,krx_numeric,,KEDI K방산 지수(PR),enriched,53,C,low,low,medium,low,none,10,4,true,운용사|상품 설명·투자 목적|산업·국가 비중|분배 일정|실제 분배금 이력
490490,SOL 미국배당미국채혼합50,krx_numeric,,KRX 다우존스 미국배당국채 혼합지수,thin,23,D,low,low,low,low,none,0,4,false,상세 메타데이터|운용사|상품 설명·투자 목적|구성종목|산업·국가 비중|분배 일정|실제 분배금 이력|필드별 출처
490590,RISE 미국AI밸류체인데일리고정커버드콜,krx_numeric,,KEDI 미국 AI밸류체인 90%참여+데일리옵션 프리미엄 지수(TR),thin,23,D,low,low,low,low,none,0,4,false,상세 메타데이터|운용사|상품 설명·투자 목적|구성종목|산업·국가 비중|분배 일정|실제 분배금 이력|필드별 출처
490600,RISE 미국배당100데일리고정커버드콜,krx_numeric,,KEDI 미국 배당100 90%참여+데일리옵션 프리미엄 지수(총수익지수),thin,23,D,low,low,low,low,none,0,4,false,상세 메타데이터|운용사|상품 설명·투자 목적|구성종목|산업·국가 비중|분배 일정|실제 분배금 이력|필드별 출처
491010,TIGER 글로벌AI전력인프라액티브,krx_numeric,,Mirae Asset AI Infrastructure 지수(PR),thin,23,D,low,low,low,low,none,0,3,false,상세 메타데이터|운용사|상품 설명·투자 목적|구성종목|산업·국가 비중|분배 일정|실제 분배금 이력|필드별 출처
491090,KODEX 미국테크TOP3플러스,krx_numeric,,KEDI 미국테크TOP3플러스 지수(Price Return),thin,23,D,low,low,low,low,none,0,3,false,상세 메타데이터|운용사|상품 설명·투자 목적|구성종목|산업·국가 비중|분배 일정|실제 분배금 이력|필드별 출처
491220,PLUS 200TR,krx_numeric,,코스피 200 TR,enriched,53,C,low,low,medium,low,none,10,4,true,운용사|상품 설명·투자 목적|산업·국가 비중|분배 일정|실제 분배금 이력
491230,PLUS 국공채머니마켓액티브,krx_numeric,,KAP 국공채 MMF 지수(총수익),thin,23,D,low,low,low,low,none,0,4,false,상세 메타데이터|운용사|상품 설명·투자 목적|구성종목|산업·국가 비중|분배 일정|실제 분배금 이력|필드별 출처
491510,파워 K-주주가치액티브,krx_numeric,,FnGuide K-주주가치 지수,enriched,57,B,low,low,medium,medium,none,10,3,true,운용사|상품 설명·투자 목적|산업·국가 비중|분배 일정|실제 분배금 이력
491610,1Q CD금리액티브(합성),krx_numeric,,KIS 하나 CD금리 총수익지수,thin,23,D,low,low,low,low,none,0,4,false,상세 메타데이터|운용사|상품 설명·투자 목적|구성종목|산업·국가 비중|분배 일정|실제 분배금 이력|필드별 출처
491620,RISE 미국테크100데일리고정커버드콜,krx_numeric,,KEDI 미국 테크100 90%참여+데일리옵션 프리미엄 지수(TR),thin,23,D,low,low,low,low,none,0,4,false,상세 메타데이터|운용사|상품 설명·투자 목적|구성종목|산업·국가 비중|분배 일정|실제 분배금 이력|필드별 출처
491630,RISE 미국반도체인버스(합성 H),krx_numeric,,NYSE Semicondoctor Index(Price Return),thin,23,D,low,low,low,low,none,0,4,false,상세 메타데이터|운용사|상품 설명·투자 목적|구성종목|산업·국가 비중|분배 일정|실제 분배금 이력|필드별 출처
491700,HK 200,krx_numeric,,코스피 200,enriched,53,C,low,low,medium,low,none,10,4,true,운용사|상품 설명·투자 목적|산업·국가 비중|분배 일정|실제 분배금 이력
491820,HANARO 전력설비투자,krx_numeric,,iSelect 전력설비투자 지수,enriched,53,C,low,low,medium,low,none,10,4,true,운용사|상품 설명·투자 목적|산업·국가 비중|분배 일정|실제 분배금 이력
491830,TIGER 미국AI반도체팹리스,krx_numeric,,Mirae Asset US AI Fabless 지수(PR),thin,23,D,low,low,low,low,none,0,3,false,상세 메타데이터|운용사|상품 설명·투자 목적|구성종목|산업·국가 비중|분배 일정|실제 분배금 이력|필드별 출처
492500,1Q 현대차그룹채권(A+이상)&국고통안,krx_numeric,,KIS 하나 현대차그룹채권(A+이상)&국고통안 총수익지수,thin,23,D,low,low,low,low,none,0,4,false,상세 메타데이터|운용사|상품 설명·투자 목적|구성종목|산업·국가 비중|분배 일정|실제 분배금 이력|필드별 출처
493420,SOL 미국배당다우존스2호,krx_numeric,,Dow Jones U.S. Dividend 100 Index(TR),thin,23,D,low,low,low,low,none,0,3,false,상세 메타데이터|운용사|상품 설명·투자 목적|구성종목|산업·국가 비중|분배 일정|실제 분배금 이력|필드별 출처
493810,TIGER 미국AI빅테크10타겟데일리커버드콜,krx_numeric,,KEDI 미국AI빅테크10+15%데일리프리미엄 지수(TR),thin,23,D,low,low,low,low,none,0,4,false,상세 메타데이터|운용사|상품 설명·투자 목적|구성종목|산업·국가 비중|분배 일정|실제 분배금 이력|필드별 출처
494180,TIME 글로벌소비트렌드액티브,krx_numeric,,Solactive 뉴에이지컨수머지수,thin,23,D,low,low,low,low,none,0,3,false,상세 메타데이터|운용사|상품 설명·투자 목적|구성종목|산업·국가 비중|분배 일정|실제 분배금 이력|필드별 출처
494210,SOL 미국500타겟데일리커버드콜액티브,krx_numeric,,KEDI 미국퀄리티500+월1%프리미엄 지수(NTR),thin,23,D,low,low,low,low,none,0,4,false,상세 메타데이터|운용사|상품 설명·투자 목적|구성종목|산업·국가 비중|분배 일정|실제 분배금 이력|필드별 출처
494220,UNICORN SK하이닉스밸류체인액티브,krx_numeric,,FnGuide SK하이닉스밸류체인 지수,enriched,57,B,low,low,medium,medium,none,10,4,true,운용사|상품 설명·투자 목적|산업·국가 비중|분배 일정|실제 분배금 이력
494300,KODEX 미국나스닥100데일리커버드콜OTM,krx_numeric,,NASDAQ-100 Daily Covered Call 101 Index(TR),thin,23,D,low,low,low,low,none,0,5,false,상세 메타데이터|운용사|상품 설명·투자 목적|구성종목|산업·국가 비중|분배 일정|실제 분배금 이력|필드별 출처
494310,KODEX 반도체레버리지,krx_numeric,,KRX 반도체,enriched,57,B,low,low,medium,medium,none,10,5,true,운용사|상품 설명·투자 목적|산업·국가 비중|분배 일정|실제 분배금 이력
494330,ACE 라이프자산주주가치액티브,krx_numeric,,FnGuide 기업가치 지수(시장가격),enriched,57,B,low,low,medium,medium,none,10,3,true,운용사|상품 설명·투자 목적|산업·국가 비중|분배 일정|실제 분배금 이력
494340,ACE 글로벌AI맞춤형반도체,krx_numeric,,Solactive AI Custom Semiconductor Index(PR),thin,23,D,low,low,low,low,none,0,3,false,상세 메타데이터|운용사|상품 설명·투자 목적|구성종목|산업·국가 비중|분배 일정|실제 분배금 이력|필드별 출처
494410,PLUS 미국S&P500성장주,krx_numeric,,S&P 500 Growth Index(PR),thin,23,D,low,low,low,low,none,0,4,false,상세 메타데이터|운용사|상품 설명·투자 목적|구성종목|산업·국가 비중|분배 일정|실제 분배금 이력|필드별 출처
494420,PLUS 미국배당증가성장주데일리커버드콜,krx_numeric,,Bloomberg U.S. Dividend Growth Partial Covered Call Index,thin,23,D,low,low,low,low,none,0,4,false,상세 메타데이터|운용사|상품 설명·투자 목적|구성종목|산업·국가 비중|분배 일정|실제 분배금 이력|필드별 출처
494670,TIGER 조선TOP10,krx_numeric,,iSelect 조선TOP10 Index(PR),enriched,53,C,low,low,medium,low,none,10,4,true,운용사|상품 설명·투자 목적|산업·국가 비중|분배 일정|실제 분배금 이력
494840,TIGER 미국방산TOP10,krx_numeric,,Mirae Asset US Defense Top 10 Index(PR),thin,23,D,low,low,low,low,none,0,3,false,상세 메타데이터|운용사|상품 설명·투자 목적|구성종목|산업·국가 비중|분배 일정|실제 분배금 이력|필드별 출처
494890,KODEX 200액티브,krx_numeric,,코스피 200,enriched,57,B,low,low,medium,medium,none,10,4,true,운용사|상품 설명·투자 목적|산업·국가 비중|분배 일정|실제 분배금 이력
495040,PLUS 코리아밸류업,krx_numeric,,코리아 밸류업 지수,enriched,53,C,low,low,medium,low,none,10,4,true,운용사|상품 설명·투자 목적|산업·국가 비중|분배 일정|실제 분배금 이력
495050,RISE 코리아밸류업,krx_numeric,,코리아 밸류업 지수,enriched,53,C,low,low,medium,low,none,10,4,true,운용사|상품 설명·투자 목적|산업·국가 비중|분배 일정|실제 분배금 이력
495060,TIME 코리아밸류업액티브,krx_numeric,,코리아 밸류업 지수,enriched,57,B,low,low,medium,medium,none,10,4,true,운용사|상품 설명·투자 목적|산업·국가 비중|분배 일정|실제 분배금 이력
495230,KoAct 코리아밸류업액티브,krx_numeric,,코리아 밸류업 지수,enriched,57,B,low,low,medium,medium,none,10,4,true,운용사|상품 설명·투자 목적|산업·국가 비중|분배 일정|실제 분배금 이력
495330,1Q 코리아밸류업,krx_numeric,,코리아 밸류업 지수,enriched,53,C,low,low,medium,low,none,10,4,true,운용사|상품 설명·투자 목적|산업·국가 비중|분배 일정|실제 분배금 이력
495550,SOL 코리아밸류업TR,krx_numeric,,코리아 밸류업 TR 지수,enriched,53,C,low,low,medium,low,none,10,4,true,운용사|상품 설명·투자 목적|산업·국가 비중|분배 일정|실제 분배금 이력
495750,HANARO 코리아밸류업,krx_numeric,,코리아 밸류업 지수,enriched,53,C,low,low,medium,low,none,10,4,true,운용사|상품 설명·투자 목적|산업·국가 비중|분배 일정|실제 분배금 이력
495850,KODEX 코리아밸류업,krx_numeric,,코리아 밸류업 지수,enriched,53,C,low,low,medium,low,none,10,4,true,운용사|상품 설명·투자 목적|산업·국가 비중|분배 일정|실제 분배금 이력
495940,RISE 미국AI테크액티브,krx_numeric,,Solactive US AI Tech Active Index PR,thin,23,D,low,low,low,low,none,0,3,false,상세 메타데이터|운용사|상품 설명·투자 목적|구성종목|산업·국가 비중|분배 일정|실제 분배금 이력|필드별 출처
496020,WON 전단채플러스액티브,krx_numeric,,KIS 전단채플러스 TR 지수,thin,23,D,low,low,low,low,none,0,3,false,상세 메타데이터|운용사|상품 설명·투자 목적|구성종목|산업·국가 비중|분배 일정|실제 분배금 이력|필드별 출처
496080,TIGER 코리아밸류업,krx_numeric,,코리아 밸류업 지수,enriched,53,C,low,low,medium,low,none,10,4,true,운용사|상품 설명·투자 목적|산업·국가 비중|분배 일정|실제 분배금 이력
496090,KIWOOM 코리아밸류업,krx_numeric,,코리아 밸류업 지수,enriched,53,C,low,low,medium,low,none,10,4,true,운용사|상품 설명·투자 목적|산업·국가 비중|분배 일정|실제 분배금 이력
496120,ACE 코리아밸류업,krx_numeric,,코리아 밸류업 지수,enriched,53,C,low,low,medium,low,none,10,4,true,운용사|상품 설명·투자 목적|산업·국가 비중|분배 일정|실제 분배금 이력
496130,TRUSTON 코리아밸류업액티브,krx_numeric,,코리아 밸류업 지수,enriched,57,B,low,low,medium,medium,none,10,4,true,운용사|상품 설명·투자 목적|산업·국가 비중|분배 일정|실제 분배금 이력
496770,PLUS 글로벌방산,krx_numeric,,Solactive Global Defense Index(PR),thin,23,D,low,low,low,low,none,0,3,false,상세 메타데이터|운용사|상품 설명·투자 목적|구성종목|산업·국가 비중|분배 일정|실제 분배금 이력|필드별 출처
497510,ACE 글로벌빅파마,krx_numeric,,Solactive Global Big Pharma Index (Price Return),thin,23,D,low,low,low,low,none,0,3,false,상세 메타데이터|운용사|상품 설명·투자 목적|구성종목|산업·국가 비중|분배 일정|실제 분배금 이력|필드별 출처
497520,ACE 일라이릴리밸류체인,krx_numeric,,Solactive Eli Lilly Value Chain Index(PR),thin,23,D,low,low,low,low,none,0,3,false,상세 메타데이터|운용사|상품 설명·투자 목적|구성종목|산업·국가 비중|분배 일정|실제 분배금 이력|필드별 출처
497570,TIGER 미국필라델피아AI반도체나스닥,krx_numeric,,PHLX US AI Semiconductor 지수 (PR),thin,23,D,low,low,low,low,none,0,3,false,상세 메타데이터|운용사|상품 설명·투자 목적|구성종목|산업·국가 비중|분배 일정|실제 분배금 이력|필드별 출처
497780,KoAct 미국천연가스인프라액티브,krx_numeric,,Solactive 미국천연가스인프라 PR 지수,thin,23,D,low,low,low,low,none,0,3,false,상세 메타데이터|운용사|상품 설명·투자 목적|구성종목|산업·국가 비중|분배 일정|실제 분배금 이력|필드별 출처
497880,SOL CD금리&머니마켓액티브,krx_numeric,,KAP CD&단기자금시장지수(PR),thin,23,D,low,low,low,low,none,0,4,false,상세 메타데이터|운용사|상품 설명·투자 목적|구성종목|산업·국가 비중|분배 일정|실제 분배금 이력|필드별 출처
498050,HANARO 바이오코리아액티브,krx_numeric,,iSelect K-바이오헬스케어,enriched,57,B,low,low,medium,medium,none,10,4,true,운용사|상품 설명·투자 목적|산업·국가 비중|분배 일정|실제 분배금 이력
498180,파워 종합채권(AA-이상)액티브,krx_numeric,,"KIS 한국종합채권지수(AA-이상, 총수익)",thin,23,D,low,low,low,low,none,0,4,false,상세 메타데이터|운용사|상품 설명·투자 목적|구성종목|산업·국가 비중|분배 일정|실제 분배금 이력|필드별 출처
498270,KIWOOM 미국양자컴퓨팅,krx_numeric,,Solactive U.S. Quantum Computing Index(PR),thin,23,D,low,low,low,low,none,0,3,false,상세 메타데이터|운용사|상품 설명·투자 목적|구성종목|산업·국가 비중|분배 일정|실제 분배금 이력|필드별 출처
498400,KODEX 200타겟위클리커버드콜,krx_numeric,,코스피 200 타겟 15% 위클리 커버드콜 지수,enriched,57,B,low,low,medium,medium,none,10,5,true,운용사|상품 설명·투자 목적|산업·국가 비중|분배 일정|실제 분배금 이력
498410,KODEX 금융고배당TOP10타겟위클리커버드콜,krx_numeric,,코스피 200 금융 고배당 TOP 10 타겟 15%분배 위클리 커버드콜 지수,enriched,57,B,low,low,medium,medium,none,10,7,true,운용사|상품 설명·투자 목적|산업·국가 비중|분배 일정|실제 분배금 이력
498610,RISE 인도디지털성장,krx_numeric,,MarketVector Digital India Index(INR)(Price Return),thin,23,D,low,low,low,low,none,0,3,false,상세 메타데이터|운용사|상품 설명·투자 목적|구성종목|산업·국가 비중|분배 일정|실제 분배금 이력|필드별 출처
498860,RISE 코리아금융고배당,krx_numeric,,iSelect 코리아 금융 고배당 지수,enriched,53,C,low,low,medium,low,none,10,5,true,운용사|상품 설명·투자 목적|산업·국가 비중|분배 일정|실제 분배금 이력
499150,SOL 미국S&P500엔화노출(H),krx_numeric,,S&P500 Yen Hedged Index(PR),thin,23,D,low,low,low,low,none,0,4,false,상세 메타데이터|운용사|상품 설명·투자 목적|구성종목|산업·국가 비중|분배 일정|실제 분배금 이력|필드별 출처
499660,TIGER CD금리플러스액티브(합성),krx_numeric,,KIS CD+CPI연동금리 월분배 지수,thin,23,D,low,low,low,low,none,0,4,false,상세 메타데이터|운용사|상품 설명·투자 목적|구성종목|산업·국가 비중|분배 일정|실제 분배금 이력|필드별 출처
