etfCode,etfName,rank,holdingCode,holdingName,quantity,weightPct,status
069500,KODEX 200,1,005930,삼성전자,"6,978",32.71,OK
069500,KODEX 200,2,000660,SK하이닉스,829,28.17,OK
069500,KODEX 200,3,402340,SK스퀘어,138,2.95,OK
069500,KODEX 200,4,009150,삼성전기,84,1.99,OK
069500,KODEX 200,5,005380,현대차,205,1.68,OK
069500,KODEX 200,6,105560,KB금융,455,1.56,OK
069500,KODEX 200,7,055550,신한지주,617,1.23,OK
069500,KODEX 200,8,000270,기아,366,0.97,OK
069500,KODEX 200,9,028260,삼성물산,145,0.96,OK
069500,KODEX 200,10,086790,하나금융지주,373,0.91,OK
360750,TIGER 미국S&P500,,,,,,EMPTY_NO_TABLE
133690,TIGER 미국나스닥100,,,,,,EMPTY_NO_TABLE
379800,KODEX 미국S&P500,,,,,,EMPTY_NO_TABLE
102110,TIGER 200,1,005930,삼성전자,"6,984",32.72,OK
102110,TIGER 200,2,000660,SK하이닉스,830,28.19,OK
102110,TIGER 200,3,402340,SK스퀘어,138,2.95,OK
102110,TIGER 200,4,009150,삼성전기,84,1.99,OK
102110,TIGER 200,5,005380,현대차,204,1.67,OK
102110,TIGER 200,6,105560,KB금융,456,1.56,OK
102110,TIGER 200,7,055550,신한지주,617,1.23,OK
102110,TIGER 200,8,000270,기아,366,0.97,OK
102110,TIGER 200,9,028260,삼성물산,145,0.96,OK
102110,TIGER 200,10,086790,하나금융지주,373,0.91,OK
396500,TIGER 반도체TOP10,1,005930,삼성전자,"2,042",28.38,OK
396500,TIGER 반도체TOP10,2,000660,SK하이닉스,265,26.70,OK
396500,TIGER 반도체TOP10,3,402340,SK스퀘어,338,21.43,OK
396500,TIGER 반도체TOP10,4,036930,주성엔지니어링,469,4.67,OK
396500,TIGER 반도체TOP10,5,042700,한미반도체,405,4.55,OK
396500,TIGER 반도체TOP10,6,007660,이수페타시스,756,4.11,OK
396500,TIGER 반도체TOP10,7,240810,원익IPS,461,3.14,OK
396500,TIGER 반도체TOP10,8,000990,DB하이텍,414,2.50,OK
396500,TIGER 반도체TOP10,9,039030,이오테크닉스,112,2.20,OK
396500,TIGER 반도체TOP10,10,058470,리노공업,552,2.18,OK
379810,KODEX 미국나스닥100,,,,,,EMPTY_NO_TABLE
488770,KODEX 머니마켓액티브,,,,,,EMPTY_NO_TABLE
278530,KODEX 200TR,1,005930,삼성전자,"7,566",32.71,OK
278530,KODEX 200TR,2,000660,SK하이닉스,899,28.18,OK
278530,KODEX 200TR,3,402340,SK스퀘어,149,2.94,OK
278530,KODEX 200TR,4,009150,삼성전기,91,1.99,OK
278530,KODEX 200TR,5,005380,현대차,222,1.67,OK
278530,KODEX 200TR,6,105560,KB금융,494,1.56,OK
278530,KODEX 200TR,7,055550,신한지주,669,1.23,OK
278530,KODEX 200TR,8,000270,기아,397,0.97,OK
278530,KODEX 200TR,9,028260,삼성물산,157,0.96,OK
278530,KODEX 200TR,10,086790,하나금융지주,404,0.91,OK
459580,KODEX CD금리액티브(합성),1,488770,KODEX 머니마켓액티브,103,-,OK
459580,KODEX CD금리액티브(합성),2,0117L0,KODEX 26-12 금융채(AA-이상)액티브,497,-,OK
381180,TIGER 미국필라델피아반도체나스닥,,,,,,EMPTY_NO_TABLE
0167A0,SOL AI반도체TOP2플러스,1,000660,SK하이닉스,128,25.56,OK
0167A0,SOL AI반도체TOP2플러스,2,005930,삼성전자,895,24.65,OK
0167A0,SOL AI반도체TOP2플러스,3,402340,SK스퀘어,128,16.08,OK
0167A0,SOL AI반도체TOP2플러스,4,009150,삼성전기,107,14.93,OK
0167A0,SOL AI반도체TOP2플러스,5,007660,이수페타시스,512,5.52,OK
0167A0,SOL AI반도체TOP2플러스,6,240810,원익IPS,223,3.01,OK
0167A0,SOL AI반도체TOP2플러스,7,353200,대덕전자,236,2.91,OK
0167A0,SOL AI반도체TOP2플러스,8,319660,피에스케이,129,2.58,OK
0167A0,SOL AI반도체TOP2플러스,9,089970,브이엠,163,1.70,OK
0167A0,SOL AI반도체TOP2플러스,10,095610,테스,81,1.63,OK
122630,KODEX 레버리지,1,069500,KODEX 200,"16,401",23.58,OK
122630,KODEX 레버리지,2,005930,삼성전자,"5,710",19.20,OK
122630,KODEX 레버리지,3,000660,SK하이닉스,678,16.53,OK
122630,KODEX 레버리지,4,278530,KODEX 200TR,"17,356",9.01,OK
122630,KODEX 레버리지,5,402340,SK스퀘어,113,1.73,OK
122630,KODEX 레버리지,6,152100,PLUS 200,"1,157",1.69,OK
122630,KODEX 레버리지,7,009150,삼성전기,69,1.18,OK
122630,KODEX 레버리지,8,005380,현대차,168,0.99,OK
122630,KODEX 레버리지,9,105560,KB금융,372,0.92,OK
122630,KODEX 레버리지,10,055550,신한지주,505,0.72,OK
091160,KODEX 반도체,1,000660,SK하이닉스,"1,364",38.67,OK
091160,KODEX 반도체,2,005930,삼성전자,"5,584",21.84,OK
091160,KODEX 반도체,3,042700,한미반도체,"1,743",5.50,OK
091160,KODEX 반도체,4,036930,주성엔지니어링,"1,294",3.63,OK
091160,KODEX 반도체,5,240810,원익IPS,"1,366",2.62,OK
091160,KODEX 반도체,6,319660,피에스케이,818,2.32,OK
091160,KODEX 반도체,7,058470,리노공업,"2,058",2.29,OK
091160,KODEX 반도체,8,000990,DB하이텍,"1,265",2.15,OK
091160,KODEX 반도체,9,039030,이오테크닉스,348,1.92,OK
091160,KODEX 반도체,10,403870,HPSP,"2,701",1.74,OK
498400,KODEX 200타겟위클리커버드콜,1,005930,삼성전자,"2,278",27.52,OK
498400,KODEX 200타겟위클리커버드콜,2,000660,SK하이닉스,271,23.74,OK
498400,KODEX 200타겟위클리커버드콜,3,069500,KODEX 200,"2,905",15.01,OK
498400,KODEX 200타겟위클리커버드콜,4,402340,SK스퀘어,46,2.54,OK
498400,KODEX 200타겟위클리커버드콜,5,009150,삼성전기,28,1.71,OK
498400,KODEX 200타겟위클리커버드콜,6,005380,현대차,68,1.43,OK
498400,KODEX 200타겟위클리커버드콜,7,105560,KB금융,151,1.33,OK
498400,KODEX 200타겟위클리커버드콜,8,055550,신한지주,204,1.05,OK
498400,KODEX 200타겟위클리커버드콜,9,000270,기아,121,0.82,OK
498400,KODEX 200타겟위클리커버드콜,10,028260,삼성물산,48,0.82,OK
310970,TIGER MSCI Korea TR,1,005930,삼성전자,"6,370",33.56,OK
310970,TIGER MSCI Korea TR,2,000660,SK하이닉스,752,28.72,OK
310970,TIGER MSCI Korea TR,3,005935,삼성전자우,"1,093",4.00,OK
310970,TIGER MSCI Korea TR,4,402340,SK스퀘어,126,3.03,OK
310970,TIGER MSCI Korea TR,5,009150,삼성전기,76,2.03,OK
310970,TIGER MSCI Korea TR,6,105560,KB금융,482,1.86,OK
310970,TIGER MSCI Korea TR,7,005380,현대차,181,1.66,OK
310970,TIGER MSCI Korea TR,8,055550,신한지주,566,1.27,OK
310970,TIGER MSCI Korea TR,9,086790,하나금융지주,370,1.02,OK
310970,TIGER MSCI Korea TR,10,000270,기아,319,0.95,OK
148020,RISE 200,1,005930,삼성전자,"7,025",32.71,OK
148020,RISE 200,2,000660,SK하이닉스,835,28.19,OK
148020,RISE 200,3,402340,SK스퀘어,138,2.93,OK
148020,RISE 200,4,009150,삼성전기,84,1.98,OK
148020,RISE 200,5,005380,현대차,206,1.67,OK
148020,RISE 200,6,105560,KB금융,459,1.56,OK
148020,RISE 200,7,055550,신한지주,621,1.23,OK
148020,RISE 200,8,000270,기아,368,0.97,OK
148020,RISE 200,9,028260,삼성물산,146,0.96,OK
148020,RISE 200,10,086790,하나금융지주,376,0.91,OK
229200,KODEX 코스닥150,1,196170,알테오젠,169,7.77,OK
229200,KODEX 코스닥150,2,086520,에코프로,406,4.93,OK
229200,KODEX 코스닥150,3,247540,에코프로비엠,224,3.90,OK
229200,KODEX 코스닥150,4,036930,주성엔지니어링,129,3.42,OK
229200,KODEX 코스닥150,5,240810,원익IPS,137,2.49,OK
229200,KODEX 코스닥150,6,319660,피에스케이,82,2.20,OK
229200,KODEX 코스닥150,7,058470,리노공업,206,2.16,OK
229200,KODEX 코스닥150,8,298380,에이비엘바이오,172,1.98,OK
229200,KODEX 코스닥150,9,277810,레인보우로보틱스,32,1.93,OK
229200,KODEX 코스닥150,10,039030,이오테크닉스,35,1.83,OK
360200,ACE 미국S&P500,,,,,,EMPTY_NO_TABLE
0162Z0,RISE 삼성전자SK하이닉스채권혼합50,1,005930,삼성전자,"1,263",-,OK
0162Z0,RISE 삼성전자SK하이닉스채권혼합50,2,000660,SK하이닉스,164,-,OK
458730,TIGER 미국배당다우존스,,,,,,EMPTY_NO_TABLE
411060,ACE KRX금현물,,,,,,EMPTY_NO_TABLE
395160,KODEX AI반도체TOP2플러스,1,000660,SK하이닉스,556,25.57,OK
395160,KODEX AI반도체TOP2플러스,2,005930,삼성전자,"3,945",25.03,OK
395160,KODEX AI반도체TOP2플러스,3,402340,SK스퀘어,855,24.74,OK
395160,KODEX AI반도체TOP2플러스,4,009150,삼성전기,521,16.74,OK
395160,KODEX AI반도체TOP2플러스,5,042700,한미반도체,401,2.05,OK
395160,KODEX AI반도체TOP2플러스,6,007660,이수페타시스,519,1.29,OK
395160,KODEX AI반도체TOP2플러스,7,058470,리노공업,473,0.85,OK
395160,KODEX AI반도체TOP2플러스,8,319660,피에스케이,185,0.85,OK
395160,KODEX AI반도체TOP2플러스,9,000990,DB하이텍,291,0.80,OK
395160,KODEX AI반도체TOP2플러스,10,403870,HPSP,613,0.64,OK
381170,TIGER 미국테크TOP10 INDXX,,,,,,EMPTY_NO_TABLE
273130,KODEX 종합채권(AA-이상)액티브,,,,,,EMPTY_NO_TABLE
395270,HANARO Fn K-반도체,1,000660,SK하이닉스,408,26.39,OK
395270,HANARO Fn K-반도체,2,005930,삼성전자,"2,769",24.71,OK
395270,HANARO Fn K-반도체,3,402340,SK스퀘어,550,22.39,OK
395270,HANARO Fn K-반도체,4,009150,삼성전기,330,14.91,OK
395270,HANARO Fn K-반도체,5,042700,한미반도체,254,1.83,OK
395270,HANARO Fn K-반도체,6,036930,주성엔지니어링,199,1.27,OK
395270,HANARO Fn K-반도체,7,007660,이수페타시스,328,1.15,OK
395270,HANARO Fn K-반도체,8,240810,원익IPS,193,0.84,OK
395270,HANARO Fn K-반도체,9,058470,리노공업,299,0.76,OK
395270,HANARO Fn K-반도체,10,319660,피에스케이,117,0.76,OK
367380,ACE 미국나스닥100,,,,,,EMPTY_NO_TABLE
0193T0,KODEX SK하이닉스단일종목레버리지,1,000660,SK하이닉스,224,88.62,OK
423160,KODEX KOFR금리액티브(합성),,,,,,EMPTY_NO_TABLE
357870,TIGER CD금리투자KIS(합성),,,,,,EMPTY_NO_TABLE
102780,KODEX 삼성그룹,1,005930,삼성전자,"2,581",26.20,OK
102780,KODEX 삼성그룹,2,009150,삼성전기,385,19.79,OK
102780,KODEX 삼성그룹,3,028260,삼성물산,781,11.25,OK
102780,KODEX 삼성그룹,4,032830,삼성생명,685,8.91,OK
102780,KODEX 삼성그룹,5,006400,삼성SDI,480,8.42,OK
102780,KODEX 삼성그룹,6,000810,삼성화재,240,6.12,OK
102780,KODEX 삼성그룹,7,207940,삼성바이오로직스,94,5.25,OK
102780,KODEX 삼성그룹,8,010140,삼성중공업,"5,313",4.67,OK
102780,KODEX 삼성그룹,9,018260,삼성에스디에스,309,2.34,OK
102780,KODEX 삼성그룹,10,016360,삼성증권,495,2.15,OK
487240,KODEX AI전력핵심설비,1,298040,효성중공업,259,20.14,OK
487240,KODEX AI전력핵심설비,2,010120,LS ELECTRIC,"3,663",19.71,OK
487240,KODEX AI전력핵심설비,3,267260,HD현대일렉트릭,814,18.71,OK
487240,KODEX AI전력핵심설비,4,006260,LS,"1,543",13.66,OK
487240,KODEX AI전력핵심설비,5,001440,대한전선,"10,410",8.59,OK
487240,KODEX AI전력핵심설비,6,062040,산일전기,"1,206",5.97,OK
487240,KODEX AI전력핵심설비,7,103590,일진전기,"2,183",3.88,OK
487240,KODEX AI전력핵심설비,8,000500,가온전선,518,3.74,OK
487240,KODEX AI전력핵심설비,9,006340,대원전선,"5,027",1.59,OK
487240,KODEX AI전력핵심설비,10,229640,LS에코에너지,"1,010",1.26,OK
233740,KODEX 코스닥150레버리지,1,229200,KODEX 코스닥150,"15,829",27.04,OK
233740,KODEX 코스닥150레버리지,2,196170,알테오젠,127,4.98,OK
233740,KODEX 코스닥150레버리지,3,086520,에코프로,305,3.16,OK
233740,KODEX 코스닥150레버리지,4,247540,에코프로비엠,167,2.48,OK
233740,KODEX 코스닥150레버리지,5,036930,주성엔지니어링,97,2.19,OK
233740,KODEX 코스닥150레버리지,6,240810,원익IPS,102,1.58,OK
233740,KODEX 코스닥150레버리지,7,319660,피에스케이,61,1.39,OK
233740,KODEX 코스닥150레버리지,8,058470,리노공업,155,1.39,OK
233740,KODEX 코스닥150레버리지,9,298380,에이비엘바이오,129,1.26,OK
233740,KODEX 코스닥150레버리지,10,277810,레인보우로보틱스,24,1.23,OK
0043B0,TIGER 머니마켓액티브,,,,,,EMPTY_NO_TABLE
139260,TIGER 200 IT,1,402340,SK스퀘어,573,24.38,OK
139260,TIGER 200 IT,2,000660,SK하이닉스,356,24.07,OK
139260,TIGER 200 IT,3,005930,삼성전자,"1,892",17.64,OK
139260,TIGER 200 IT,4,009150,삼성전기,329,15.54,OK
139260,TIGER 200 IT,5,006400,삼성SDI,298,4.80,OK
139260,TIGER 200 IT,6,066570,LG전자,530,3.60,OK
139260,TIGER 200 IT,7,011070,LG이노텍,70,1.70,OK
139260,TIGER 200 IT,8,003550,LG,440,1.60,OK
139260,TIGER 200 IT,9,042700,한미반도체,207,1.56,OK
139260,TIGER 200 IT,10,018260,삼성에스디에스,187,1.30,OK
426030,TIME 미국나스닥100액티브,,,,,,EMPTY_NO_TABLE
481050,KODEX CD1년금리플러스액티브(합성),,,,,,EMPTY_NO_TABLE
455890,RISE 머니마켓액티브,,,,,,EMPTY_NO_TABLE
456600,TIME 글로벌AI인공지능액티브,1,0043Y0,TIME 차이나AI테크액티브,"1,528",-,OK
0193W0,KODEX 삼성전자단일종목레버리지,1,005930,삼성전자,"1,368",90.87,OK
449170,TIGER KOFR금리액티브(합성),,,,,,EMPTY_NO_TABLE
278540,KODEX MSCI Korea TR,1,005930,삼성전자,"5,070",33.55,OK
278540,KODEX MSCI Korea TR,2,000660,SK하이닉스,599,28.74,OK
278540,KODEX MSCI Korea TR,3,005935,삼성전자우,870,4.00,OK
278540,KODEX MSCI Korea TR,4,402340,SK스퀘어,100,3.02,OK
278540,KODEX MSCI Korea TR,5,009150,삼성전기,61,2.04,OK
278540,KODEX MSCI Korea TR,6,105560,KB금융,384,1.86,OK
278540,KODEX MSCI Korea TR,7,005380,현대차,144,1.66,OK
278540,KODEX MSCI Korea TR,8,055550,신한지주,450,1.27,OK
278540,KODEX MSCI Korea TR,9,086790,하나금융지주,294,1.01,OK
278540,KODEX MSCI Korea TR,10,000270,기아,254,0.95,OK
161510,PLUS 고배당주,1,024110,기업은행,"1,923",5.41,OK
161510,PLUS 고배당주,2,005830,DB손해보험,253,5.35,OK
161510,PLUS 고배당주,3,005940,NH투자증권,"1,283",5.32,OK
161510,PLUS 고배당주,4,316140,우리금융지주,"1,221",5.07,OK
161510,PLUS 고배당주,5,000270,기아,244,4.66,OK
161510,PLUS 고배당주,6,086790,하나금융지주,264,4.66,OK
161510,PLUS 고배당주,7,029780,삼성카드,725,4.61,OK
161510,PLUS 고배당주,8,030000,제일기획,"1,754",4.38,OK
161510,PLUS 고배당주,9,016360,삼성증권,288,4.17,OK
161510,PLUS 고배당주,10,030200,KT,576,4.04,OK
486290,TIGER 미국나스닥100타겟데일리커버드콜,,,,,,EMPTY_NO_TABLE
385540,RISE 종합채권(A-이상)액티브,,,,,,EMPTY_NO_TABLE
284430,KODEX 200미국채혼합50,1,069500,KODEX 200,"3,411",-,OK
284430,KODEX 200미국채혼합50,2,005930,삼성전자,578,-,OK
284430,KODEX 200미국채혼합50,3,000660,SK하이닉스,69,-,OK
284430,KODEX 200미국채혼합50,4,402340,SK스퀘어,11,-,OK
284430,KODEX 200미국채혼합50,5,009150,삼성전기,7,-,OK
284430,KODEX 200미국채혼합50,6,005380,현대차,17,-,OK
284430,KODEX 200미국채혼합50,7,105560,KB금융,38,-,OK
284430,KODEX 200미국채혼합50,8,055550,신한지주,51,-,OK
284430,KODEX 200미국채혼합50,9,000270,기아,30,-,OK
284430,KODEX 200미국채혼합50,10,028260,삼성물산,12,-,OK
472150,TIGER 배당커버드콜액티브,1,000660,SK하이닉스,28,24.52,OK
472150,TIGER 배당커버드콜액티브,2,005930,삼성전자,191,23.07,OK
472150,TIGER 배당커버드콜액티브,3,102110,TIGER 200,170,8.78,OK
472150,TIGER 배당커버드콜액티브,4,005935,삼성전자우,73,6.13,OK
472150,TIGER 배당커버드콜액티브,5,0104N0,TIGER 200타겟위클리커버드콜,300,3.05,OK
472150,TIGER 배당커버드콜액티브,6,402340,SK스퀘어,5,2.75,OK
472150,TIGER 배당커버드콜액티브,7,009150,삼성전기,3,1.84,OK
472150,TIGER 배당커버드콜액티브,8,105560,KB금융,20,1.77,OK
472150,TIGER 배당커버드콜액티브,9,086790,하나금융지주,28,1.76,OK
472150,TIGER 배당커버드콜액티브,10,005380,현대차,8,1.69,OK
0195S0,TIGER SK하이닉스단일종목레버리지,1,000660,SK하이닉스,182,73.23,OK
292150,TIGER 코리아TOP10,1,000660,SK하이닉스,369,35.26,OK
292150,TIGER 코리아TOP10,2,005930,삼성전자,"2,014",26.55,OK
292150,TIGER 코리아TOP10,3,005380,현대차,323,7.43,OK
292150,TIGER 코리아TOP10,4,105560,KB금융,674,6.50,OK
292150,TIGER 코리아TOP10,5,055550,신한지주,886,4.98,OK
292150,TIGER 코리아TOP10,6,000270,기아,588,4.37,OK
292150,TIGER 코리아TOP10,7,012450,한화에어로스페이스,82,3.98,OK
292150,TIGER 코리아TOP10,8,034020,두산에너빌리티,"1,042",3.95,OK
292150,TIGER 코리아TOP10,9,068270,셀트리온,387,3.51,OK
292150,TIGER 코리아TOP10,10,035420,NAVER,312,3.04,OK
442580,PLUS 글로벌HBM반도체,1,000660,SK하이닉스,287,-,OK
442580,PLUS 글로벌HBM반도체,2,005930,삼성전자,"1,680",-,OK
442580,PLUS 글로벌HBM반도체,3,089030,테크윙,123,-,OK
442580,PLUS 글로벌HBM반도체,4,003160,디아이,212,-,OK
442580,PLUS 글로벌HBM반도체,5,042700,한미반도체,20,-,OK
214980,KODEX 단기채권PLUS,,,,,,EMPTY_NO_TABLE
294400,KIWOOM 200TR,1,005930,삼성전자,"9,120",32.63,OK
294400,KIWOOM 200TR,2,000660,SK하이닉스,"1,084",28.12,OK
294400,KIWOOM 200TR,3,402340,SK스퀘어,180,2.94,OK
294400,KIWOOM 200TR,4,009150,삼성전기,109,1.98,OK
294400,KIWOOM 200TR,5,005380,현대차,267,1.67,OK
294400,KIWOOM 200TR,6,105560,KB금융,595,1.56,OK
294400,KIWOOM 200TR,7,055550,신한지주,805,1.23,OK
294400,KIWOOM 200TR,8,000270,기아,478,0.96,OK
294400,KIWOOM 200TR,9,028260,삼성물산,189,0.96,OK
294400,KIWOOM 200TR,10,086790,하나금융지주,487,0.91,OK
105190,ACE 200,1,005930,삼성전자,"6,898",32.21,OK
105190,ACE 200,2,000660,SK하이닉스,820,27.76,OK
105190,ACE 200,3,402340,SK스퀘어,136,2.90,OK
105190,ACE 200,4,009150,삼성전기,83,1.96,OK
105190,ACE 200,5,005380,현대차,202,1.65,OK
105190,ACE 200,6,105560,KB금융,450,1.54,OK
105190,ACE 200,7,055550,신한지주,610,1.22,OK
105190,ACE 200,8,000270,기아,362,0.95,OK
105190,ACE 200,9,028260,삼성물산,143,0.95,OK
105190,ACE 200,10,086790,하나금융지주,369,0.90,OK
446770,ACE 글로벌반도체TOP4 Plus,1,000660,SK하이닉스,613,-,OK
446770,ACE 글로벌반도체TOP4 Plus,2,005930,삼성전자,500,-,OK
487230,KODEX 미국AI전력핵심인프라,,,,,,EMPTY_NO_TABLE
441640,KODEX 미국배당커버드콜액티브,,,,,,EMPTY_NO_TABLE
368590,RISE 미국나스닥100,,,,,,EMPTY_NO_TABLE
379780,RISE 미국S&P500,,,,,,EMPTY_NO_TABLE
453850,ACE 미국30년국채액티브(H),,,,,,EMPTY_NO_TABLE
0177N0,KODEX 삼성전자SK하이닉스채권혼합50,1,005930,삼성전자,"1,325",-,OK
0177N0,KODEX 삼성전자SK하이닉스채권혼합50,2,000660,SK하이닉스,173,-,OK
305720,KODEX 2차전지산업,1,373220,LG에너지솔루션,851,20.74,OK
305720,KODEX 2차전지산업,2,006400,삼성SDI,492,16.06,OK
305720,KODEX 2차전지산업,3,005490,POSCO홀딩스,610,13.94,OK
305720,KODEX 2차전지산업,4,051910,LG화학,554,10.71,OK
305720,KODEX 2차전지산업,5,247540,에코프로비엠,921,8.18,OK
305720,KODEX 2차전지산업,6,086520,에코프로,"1,088",6.75,OK
305720,KODEX 2차전지산업,7,096770,SK이노베이션,703,5.75,OK
305720,KODEX 2차전지산업,8,003670,포스코퓨처엠,437,4.89,OK
305720,KODEX 2차전지산업,9,066970,엘앤에프,362,2.72,OK
305720,KODEX 2차전지산업,10,011790,SKC,237,1.55,OK
329200,TIGER 리츠부동산인프라,1,395400,SK리츠,"5,571",15.85,OK
329200,TIGER 리츠부동산인프라,2,088980,맥쿼리인프라,"3,074",15.50,OK
329200,TIGER 리츠부동산인프라,3,415640,KB발해인프라,"2,268",12.02,OK
329200,TIGER 리츠부동산인프라,4,330590,롯데리츠,"5,348",9.34,OK
329200,TIGER 리츠부동산인프라,5,451800,한화리츠,"3,324",7.78,OK
329200,TIGER 리츠부동산인프라,6,365550,ESR켄달스퀘어리츠,"4,555",7.36,OK
329200,TIGER 리츠부동산인프라,7,293940,신한알파리츠,"2,238",5.85,OK
329200,TIGER 리츠부동산인프라,8,094800,맵스리얼티,"1,718",5.17,OK
329200,TIGER 리츠부동산인프라,9,448730,삼성FN리츠,"1,685",4.57,OK
329200,TIGER 리츠부동산인프라,10,417310,코람코더원리츠,748,3.77,OK
152100,PLUS 200,1,005930,삼성전자,"7,086",32.71,OK
152100,PLUS 200,2,000660,SK하이닉스,842,28.18,OK
152100,PLUS 200,3,402340,SK스퀘어,140,2.95,OK
152100,PLUS 200,4,009150,삼성전기,85,1.99,OK
152100,PLUS 200,5,005380,현대차,207,1.67,OK
152100,PLUS 200,6,105560,KB금융,463,1.56,OK
152100,PLUS 200,7,055550,신한지주,626,1.23,OK
152100,PLUS 200,8,000270,기아,371,0.97,OK
152100,PLUS 200,9,028260,삼성물산,147,0.96,OK
152100,PLUS 200,10,086790,하나금융지주,379,0.91,OK
475630,TIGER CD1년금리액티브(합성),,,,,,EMPTY_NO_TABLE
315930,KODEX Top5PlusTR,1,000660,SK하이닉스,"1,100",24.33,OK
315930,KODEX Top5PlusTR,2,005930,삼성전자,"7,728",23.58,OK
315930,KODEX Top5PlusTR,3,005380,현대차,"2,001",10.65,OK
315930,KODEX Top5PlusTR,4,105560,KB금융,"4,159",9.28,OK
315930,KODEX Top5PlusTR,5,055550,신한지주,"5,495",7.15,OK
315930,KODEX Top5PlusTR,6,000270,기아,"3,639",6.26,OK
315930,KODEX Top5PlusTR,7,086790,하나금융지주,"3,548",5.64,OK
315930,KODEX Top5PlusTR,8,012330,현대모비스,887,5.18,OK
315930,KODEX Top5PlusTR,9,035420,NAVER,"1,934",4.36,OK
315930,KODEX Top5PlusTR,10,005490,POSCO홀딩스,965,3.56,OK
477080,RISE CD금리액티브(합성),,,,,,EMPTY_NO_TABLE
390390,KODEX 미국반도체,,,,,,EMPTY_NO_TABLE
091230,TIGER 반도체,1,000660,SK하이닉스,494,33.29,OK
091230,TIGER 반도체,2,005930,삼성전자,"2,968",27.59,OK
091230,TIGER 반도체,3,042700,한미반도체,731,5.49,OK
091230,TIGER 반도체,4,036930,주성엔지니어링,543,3.62,OK
091230,TIGER 반도체,5,240810,원익IPS,573,2.61,OK
091230,TIGER 반도체,6,319660,피에스케이,343,2.31,OK
091230,TIGER 반도체,7,058470,리노공업,863,2.28,OK
091230,TIGER 반도체,8,000990,DB하이텍,531,2.15,OK
091230,TIGER 반도체,9,039030,이오테크닉스,146,1.92,OK
091230,TIGER 반도체,10,403870,HPSP,"1,133",1.73,OK
466920,SOL 조선TOP3플러스,1,010140,삼성중공업,"16,187",25.76,OK
466920,SOL 조선TOP3플러스,2,329180,HD현대중공업,686,24.13,OK
466920,SOL 조선TOP3플러스,3,042660,한화오션,"4,140",23.54,OK
466920,SOL 조선TOP3플러스,4,009540,HD한국조선해양,652,16.07,OK
466920,SOL 조선TOP3플러스,5,443060,HD현대마린솔루션,213,2.98,OK
466920,SOL 조선TOP3플러스,6,082740,한화엔진,793,2.64,OK
466920,SOL 조선TOP3플러스,7,071970,HD현대마린엔진,317,1.36,OK
466920,SOL 조선TOP3플러스,8,017960,한국카본,459,0.81,OK
466920,SOL 조선TOP3플러스,9,439260,대한조선,150,0.50,OK
466920,SOL 조선TOP3플러스,10,014620,성광벤드,245,0.47,OK
436140,SOL 종합채권(AA-이상)액티브,,,,,,EMPTY_NO_TABLE
0195R0,TIGER 삼성전자단일종목레버리지,1,005930,삼성전자,"1,168",76.06,OK
157450,TIGER 단기통안채,,,,,,EMPTY_NO_TABLE
497570,TIGER 미국필라델피아AI반도체나스닥,,,,,,EMPTY_NO_TABLE
448330,KODEX 삼성전자채권혼합,1,005930,삼성전자,"1,659",-,OK
448330,KODEX 삼성전자채권혼합,2,114260,KODEX 국고채3년,"4,019",-,OK
448330,KODEX 삼성전자채권혼합,3,214980,KODEX 단기채권PLUS,188,-,OK
448330,KODEX 삼성전자채권혼합,4,273140,KODEX 단기변동금리부채권액티브,135,-,OK
0183J0,TIGER 미국우주테크,,,,,,EMPTY_NO_TABLE
438080,ACE 미국S&P500미국채혼합50액티브,1,360200,ACE 미국S&P500,"15,999",-,OK
232080,TIGER 코스닥150,1,196170,알테오젠,69,7.79,OK
232080,TIGER 코스닥150,2,086520,에코프로,166,4.95,OK
232080,TIGER 코스닥150,3,247540,에코프로비엠,91,3.89,OK
232080,TIGER 코스닥150,4,036930,주성엔지니어링,53,3.45,OK
232080,TIGER 코스닥150,5,240810,원익IPS,56,2.49,OK
232080,TIGER 코스닥150,6,319660,피에스케이,33,2.17,OK
232080,TIGER 코스닥150,7,058470,리노공업,84,2.17,OK
232080,TIGER 코스닥150,8,298380,에이비엘바이오,70,1.97,OK
232080,TIGER 코스닥150,9,277810,레인보우로보틱스,13,1.92,OK
232080,TIGER 코스닥150,10,028300,HLB,199,1.82,OK
0072R0,TIGER KRX금현물,,,,,,EMPTY_NO_TABLE
494310,KODEX 반도체레버리지,1,000660,SK하이닉스,"1,502",45.60,OK
494310,KODEX 반도체레버리지,2,005930,삼성전자,"5,956",24.94,OK
494310,KODEX 반도체레버리지,3,091160,KODEX 반도체,"10,375",22.25,OK
494310,KODEX 반도체레버리지,4,042700,한미반도체,891,3.01,OK
494310,KODEX 반도체레버리지,5,000990,DB하이텍,"1,614",2.94,OK
494310,KODEX 반도체레버리지,6,036930,주성엔지니어링,978,2.94,OK
494310,KODEX 반도체레버리지,7,039030,이오테크닉스,444,2.63,OK
494310,KODEX 반도체레버리지,8,222800,심텍,"1,310",2.33,OK
494310,KODEX 반도체레버리지,9,440110,파두,"1,911",2.22,OK
494310,KODEX 반도체레버리지,10,080220,제주반도체,"1,606",2.04,OK
455850,SOL AI반도체소부장,1,042700,한미반도체,892,14.84,OK
455850,SOL AI반도체소부장,2,036930,주성엔지니어링,702,10.37,OK
455850,SOL AI반도체소부장,3,007660,이수페타시스,"1,155",9.31,OK
455850,SOL AI반도체소부장,4,240810,원익IPS,678,6.85,OK
455850,SOL AI반도체소부장,5,353200,대덕전자,704,6.49,OK
455850,SOL AI반도체소부장,6,319660,피에스케이,413,6.17,OK
455850,SOL AI반도체소부장,7,058470,리노공업,"1,053",6.16,OK
455850,SOL AI반도체소부장,8,403870,HPSP,"1,365",4.63,OK
455850,SOL AI반도체소부장,9,222800,심텍,518,4.53,OK
455850,SOL AI반도체소부장,10,014680,한솔케미칼,189,3.98,OK
494890,KODEX 200액티브,1,005930,삼성전자,"4,086",33.03,OK
494890,KODEX 200액티브,2,000660,SK하이닉스,477,27.95,OK
494890,KODEX 200액티브,3,402340,SK스퀘어,88,3.24,OK
494890,KODEX 200액티브,4,009150,삼성전기,52,2.13,OK
494890,KODEX 200액티브,5,005380,현대차,121,1.71,OK
494890,KODEX 200액티브,6,105560,KB금융,279,1.65,OK
494890,KODEX 200액티브,7,055550,신한지주,358,1.23,OK
494890,KODEX 200액티브,8,000270,기아,213,0.97,OK
494890,KODEX 200액티브,9,028260,삼성물산,84,0.96,OK
494890,KODEX 200액티브,10,086790,하나금융지주,217,0.91,OK
451540,TIGER 종합채권(AA-이상)액티브,,,,,,EMPTY_NO_TABLE
469150,ACE AI반도체TOP3+,1,000660,SK하이닉스,440,27.52,OK
469150,ACE AI반도체TOP3+,2,005930,삼성전자,"3,094",26.70,OK
469150,ACE AI반도체TOP3+,3,042700,한미반도체,"3,179",22.15,OK
469150,ACE AI반도체TOP3+,4,140860,파크시스템스,206,1.77,OK
469150,ACE AI반도체TOP3+,5,240810,원익IPS,386,1.63,OK
469150,ACE AI반도체TOP3+,6,007660,이수페타시스,442,1.49,OK
469150,ACE AI반도체TOP3+,7,095340,ISC,286,1.49,OK
469150,ACE AI반도체TOP3+,8,080220,제주반도체,561,1.47,OK
469150,ACE AI반도체TOP3+,9,067310,하나마이크론,"1,135",1.47,OK
469150,ACE AI반도체TOP3+,10,403870,HPSP,989,1.40,OK
356540,ACE 종합채권(AA-이상)액티브,,,,,,EMPTY_NO_TABLE
469830,SOL 초단기채권액티브,,,,,,EMPTY_NO_TABLE
465580,ACE 미국빅테크TOP7 Plus,,,,,,EMPTY_NO_TABLE
226490,KODEX 코스피,1,005930,삼성전자,"3,778",27.44,OK
226490,KODEX 코스피,2,000660,SK하이닉스,461,24.28,OK
226490,KODEX 코스피,3,402340,SK스퀘어,86,2.85,OK
226490,KODEX 코스피,4,009150,삼성전기,49,1.80,OK
226490,KODEX 코스피,5,005380,현대차,133,1.69,OK
226490,KODEX 코스피,6,373220,LG에너지솔루션,152,1.43,OK
226490,KODEX 코스피,7,105560,KB금융,242,1.29,OK
226490,KODEX 코스피,8,032830,삼성생명,130,1.21,OK
226490,KODEX 코스피,9,207940,삼성바이오로직스,30,1.20,OK
226490,KODEX 코스피,10,028260,삼성물산,108,1.11,OK
479080,1Q 머니마켓액티브,,,,,,EMPTY_NO_TABLE
252670,KODEX 200선물인버스2X,1,114800,KODEX 인버스,"1,858",24.11,OK
446720,SOL 미국배당다우존스,,,,,,EMPTY_NO_TABLE
449450,PLUS K방산,1,012450,한화에어로스페이스,237,20.84,OK
449450,PLUS K방산,2,064350,현대로템,"1,225",19.57,OK
449450,PLUS K방산,3,042660,한화오션,"2,301",17.04,OK
449450,PLUS K방산,4,047810,한국항공우주,"1,194",16.10,OK
449450,PLUS K방산,5,079550,LIG디펜스앤에어로스페이스,228,15.53,OK
449450,PLUS K방산,6,272210,한화시스템,"1,221",7.63,OK
449450,PLUS K방산,7,103140,풍산,296,1.75,OK
449450,PLUS K방산,8,077970,STX엔진,260,0.62,OK
449450,PLUS K방산,9,003570,SNT다이내믹스,164,0.56,OK
449450,PLUS K방산,10,484870,엠앤씨솔루션,117,0.28,OK
479520,RISE KOFR금리액티브(합성),,,,,,EMPTY_NO_TABLE
445290,KODEX 로봇액티브,1,005930,삼성전자,542,9.42,OK
445290,KODEX 로봇액티브,2,012330,현대모비스,248,8.26,OK
445290,KODEX 로봇액티브,3,108490,로보티즈,563,7.92,OK
445290,KODEX 로봇액티브,4,066570,LG전자,592,7.50,OK
445290,KODEX 로봇액티브,5,277810,레인보우로보틱스,234,6.63,OK
445290,KODEX 로봇액티브,6,307950,현대오토에버,210,6.28,OK
445290,KODEX 로봇액티브,7,005380,현대차,190,5.76,OK
445290,KODEX 로봇액티브,8,454910,두산로보틱스,"1,102",5.28,OK
445290,KODEX 로봇액티브,9,035420,NAVER,410,5.26,OK
445290,KODEX 로봇액티브,10,000660,SK하이닉스,35,4.41,OK
0117L0,KODEX 26-12 금융채(AA-이상)액티브,,,,,,EMPTY_NO_TABLE
495050,RISE 코리아밸류업,1,000660,SK하이닉스,182,20.36,OK
495050,RISE 코리아밸류업,2,005930,삼성전자,"1,037",16.00,OK
495050,RISE 코리아밸류업,3,402340,SK스퀘어,125,8.80,OK
495050,RISE 코리아밸류업,4,005380,현대차,185,4.98,OK
495050,RISE 코리아밸류업,5,105560,KB금융,412,4.65,OK
495050,RISE 코리아밸류업,6,055550,신한지주,558,3.67,OK
495050,RISE 코리아밸류업,7,000270,기아,331,2.88,OK
495050,RISE 코리아밸류업,8,086790,하나금융지주,338,2.72,OK
495050,RISE 코리아밸류업,9,012450,한화에어로스페이스,44,2.50,OK
495050,RISE 코리아밸류업,10,012330,현대모비스,84,2.48,OK
0139F0,TIGER 12월자동연장금융채(AA-이상)액티브,,,,,,EMPTY_NO_TABLE
237350,KODEX 코스피100,1,000660,SK하이닉스,730,30.95,OK
237350,KODEX 코스피100,2,005930,삼성전자,"5,152",30.13,OK
237350,KODEX 코스피100,3,402340,SK스퀘어,121,3.23,OK
237350,KODEX 코스피100,4,009150,삼성전기,73,2.16,OK
237350,KODEX 코스피100,5,005380,현대차,180,1.84,OK
237350,KODEX 코스피100,6,105560,KB금융,401,1.72,OK
237350,KODEX 코스피100,7,055550,신한지주,543,1.36,OK
237350,KODEX 코스피100,8,000270,기아,322,1.06,OK
237350,KODEX 코스피100,9,028260,삼성물산,127,1.05,OK
237350,KODEX 코스피100,10,086790,하나금융지주,328,1.00,OK
438100,ACE 미국나스닥100미국채혼합50액티브,1,367380,ACE 미국나스닥100,"14,400",-,OK
449180,KODEX 미국S&P500(H),,,,,,EMPTY_NO_TABLE
494300,KODEX 미국나스닥100데일리커버드콜OTM,,,,,,EMPTY_NO_TABLE
402970,ACE 미국배당다우존스,,,,,,EMPTY_NO_TABLE
0117V0,TIGER 코리아AI전력기기TOP3플러스,1,298040,효성중공업,85,25.08,OK
0117V0,TIGER 코리아AI전력기기TOP3플러스,2,010120,LS ELECTRIC,"1,197",24.44,OK
0117V0,TIGER 코리아AI전력기기TOP3플러스,3,267260,HD현대일렉트릭,266,23.19,OK
0117V0,TIGER 코리아AI전력기기TOP3플러스,4,000500,가온전선,205,5.61,OK
0117V0,TIGER 코리아AI전력기기TOP3플러스,5,006260,LS,156,5.24,OK
0117V0,TIGER 코리아AI전력기기TOP3플러스,6,001440,대한전선,"1,192",3.73,OK
0117V0,TIGER 코리아AI전력기기TOP3플러스,7,062040,산일전기,198,3.72,OK
0117V0,TIGER 코리아AI전력기기TOP3플러스,8,103590,일진전기,485,3.27,OK
0117V0,TIGER 코리아AI전력기기TOP3플러스,9,033100,제룡전기,557,2.62,OK
0117V0,TIGER 코리아AI전력기기TOP3플러스,10,229640,LS에코에너지,474,2.25,OK
114800,KODEX 인버스,,,,,,EMPTY_NO_TABLE
153130,KODEX 단기채권,,,,,,EMPTY_NO_TABLE
457480,ACE 테슬라밸류체인액티브,1,247540,에코프로비엠,256,-,OK
457480,ACE 테슬라밸류체인액티브,2,066970,엘앤에프,298,-,OK
295040,SOL 200TR,1,005930,삼성전자,"7,424",30.81,OK
295040,SOL 200TR,2,000660,SK하이닉스,882,26.54,OK
295040,SOL 200TR,3,402340,SK스퀘어,146,2.76,OK
295040,SOL 200TR,4,009150,삼성전기,89,1.87,OK
295040,SOL 200TR,5,005380,현대차,217,1.57,OK
295040,SOL 200TR,6,105560,KB금융,485,1.47,OK
295040,SOL 200TR,7,055550,신한지주,656,1.16,OK
295040,SOL 200TR,8,000270,기아,389,0.91,OK
295040,SOL 200TR,9,028260,삼성물산,154,0.91,OK
295040,SOL 200TR,10,086790,하나금융지주,397,0.86,OK
385560,RISE KIS국고채30년Enhanced,,,,,,EMPTY_NO_TABLE
498410,KODEX 금융고배당TOP10타겟위클리커버드콜,1,105560,KB금융,"1,443",21.77,OK
498410,KODEX 금융고배당TOP10타겟위클리커버드콜,2,086790,하나금융지주,"1,348",14.49,OK
498410,KODEX 금융고배당TOP10타겟위클리커버드콜,3,316140,우리금융지주,"4,607",11.65,OK
498410,KODEX 금융고배당TOP10타겟위클리커버드콜,4,024110,기업은행,"5,529",9.48,OK
498410,KODEX 금융고배당TOP10타겟위클리커버드콜,5,000810,삼성화재,182,9.42,OK
498410,KODEX 금융고배당TOP10타겟위클리커버드콜,6,0089D0,KODEX 금융고배당TOP10,"6,714",7.58,OK
498410,KODEX 금융고배당TOP10타겟위클리커버드콜,7,005830,DB손해보험,448,5.78,OK
498410,KODEX 금융고배당TOP10타겟위클리커버드콜,8,071050,한국금융지주,299,5.74,OK
498410,KODEX 금융고배당TOP10타겟위클리커버드콜,9,005940,NH투자증권,"2,211",5.58,OK
498410,KODEX 금융고배당TOP10타겟위클리커버드콜,10,016360,삼성증권,432,3.81,OK
371460,TIGER 차이나전기차SOLACTIVE,,,,,,EMPTY_NO_TABLE
423920,TIGER 미국필라델피아반도체레버리지(합성),,,,,,EMPTY_NO_TABLE
475720,RISE 200위클리커버드콜,1,005930,삼성전자,682,27.22,OK
475720,RISE 200위클리커버드콜,2,000660,SK하이닉스,85,24.60,OK
475720,RISE 200위클리커버드콜,3,148020,RISE 200,222,3.82,OK
475720,RISE 200위클리커버드콜,4,402340,SK스퀘어,15,2.73,OK
475720,RISE 200위클리커버드콜,5,009150,삼성전기,9,1.82,OK
475720,RISE 200위클리커버드콜,6,005380,현대차,22,1.53,OK
475720,RISE 200위클리커버드콜,7,105560,KB금융,49,1.43,OK
475720,RISE 200위클리커버드콜,8,055550,신한지주,67,1.14,OK
475720,RISE 200위클리커버드콜,9,000270,기아,41,0.92,OK
475720,RISE 200위클리커버드콜,10,028260,삼성물산,16,0.91,OK
305540,TIGER 2차전지테마,1,006400,삼성SDI,295,15.29,OK
305540,TIGER 2차전지테마,2,373220,LG에너지솔루션,385,14.90,OK
305540,TIGER 2차전지테마,3,051910,LG화학,452,13.87,OK
305540,TIGER 2차전지테마,4,005490,POSCO홀딩스,379,13.75,OK
305540,TIGER 2차전지테마,5,096770,SK이노베이션,696,9.03,OK
305540,TIGER 2차전지테마,6,003670,포스코퓨처엠,412,7.31,OK
305540,TIGER 2차전지테마,7,247540,에코프로비엠,453,6.39,OK
305540,TIGER 2차전지테마,8,086520,에코프로,628,6.18,OK
305540,TIGER 2차전지테마,9,011790,SKC,229,2.37,OK
305540,TIGER 2차전지테마,10,066970,엘앤에프,188,2.24,OK
476550,TIGER 미국30년국채커버드콜액티브(H),,,,,,EMPTY_NO_TABLE
466940,TIGER 은행고배당플러스TOP10,1,105560,KB금융,"1,222",16.77,OK
466940,TIGER 은행고배당플러스TOP10,2,086790,하나금융지주,"1,613",15.76,OK
466940,TIGER 은행고배당플러스TOP10,3,055550,신한지주,"1,911",15.29,OK
466940,TIGER 은행고배당플러스TOP10,4,316140,우리금융지주,"6,141",14.12,OK
466940,TIGER 은행고배당플러스TOP10,5,024110,기업은행,"8,838",13.77,OK
466940,TIGER 은행고배당플러스TOP10,6,138930,BNK금융지주,"4,546",6.08,OK
466940,TIGER 은행고배당플러스TOP10,7,175330,JB금융지주,"2,738",5.65,OK
466940,TIGER 은행고배당플러스TOP10,8,071050,한국금융지주,268,4.68,OK
466940,TIGER 은행고배당플러스TOP10,9,000810,삼성화재,93,4.38,OK
466940,TIGER 은행고배당플러스TOP10,10,139130,iM금융지주,"2,048",2.75,OK
0177R0,TIGER 반도체TOP10커버드콜액티브,1,000660,SK하이닉스,138,20.94,OK
0177R0,TIGER 반도체TOP10커버드콜액티브,2,005930,삼성전자,991,20.74,OK
0177R0,TIGER 반도체TOP10커버드콜액티브,3,396500,TIGER 반도체TOP10,"4,126",12.41,OK
0177R0,TIGER 반도체TOP10커버드콜액티브,4,402340,SK스퀘어,80,7.64,OK
0177R0,TIGER 반도체TOP10커버드콜액티브,5,009150,삼성전기,66,7.00,OK
0177R0,TIGER 반도체TOP10커버드콜액티브,6,240810,원익IPS,284,2.91,OK
0177R0,TIGER 반도체TOP10커버드콜액티브,7,011070,LG이노텍,48,2.61,OK
0177R0,TIGER 반도체TOP10커버드콜액티브,8,000990,DB하이텍,271,2.47,OK
0177R0,TIGER 반도체TOP10커버드콜액티브,9,039030,이오테크닉스,75,2.22,OK
0177R0,TIGER 반도체TOP10커버드콜액티브,10,042700,한미반도체,124,2.10,OK
441800,TIME Korea플러스배당액티브,1,000660,SK하이닉스,51,15.70,OK
441800,TIME Korea플러스배당액티브,2,005930,삼성전자,305,12.95,OK
441800,TIME Korea플러스배당액티브,3,039490,키움증권,90,4.86,OK
441800,TIME Korea플러스배당액티브,4,003230,삼양식품,24,4.45,OK
441800,TIME Korea플러스배당액티브,5,138040,메리츠금융지주,200,3.90,OK
441800,TIME Korea플러스배당액티브,6,005940,NH투자증권,749,3.89,OK
441800,TIME Korea플러스배당액티브,7,071050,한국금융지주,90,3.56,OK
441800,TIME Korea플러스배당액티브,8,028260,삼성물산,55,3.31,OK
441800,TIME Korea플러스배당액티브,9,016360,삼성증권,180,3.27,OK
441800,TIME Korea플러스배당액티브,10,402340,SK스퀘어,16,3.10,OK
069660,KIWOOM 200,1,005930,삼성전자,"6,961",32.66,OK
069660,KIWOOM 200,2,000660,SK하이닉스,827,28.13,OK
069660,KIWOOM 200,3,402340,SK스퀘어,137,2.93,OK
069660,KIWOOM 200,4,009150,삼성전기,83,1.97,OK
069660,KIWOOM 200,5,005380,현대차,204,1.67,OK
069660,KIWOOM 200,6,105560,KB금융,454,1.56,OK
069660,KIWOOM 200,7,055550,신한지주,615,1.23,OK
069660,KIWOOM 200,8,000270,기아,365,0.97,OK
069660,KIWOOM 200,9,028260,삼성물산,144,0.96,OK
069660,KIWOOM 200,10,086790,하나금융지주,372,0.91,OK
490590,RISE 미국AI밸류체인데일리고정커버드콜,1,485690,RISE 미국AI밸류체인TOP3Plus,"1,609",-,OK
481060,KODEX 미국30년국채타겟커버드콜(합성 H),,,,,,EMPTY_NO_TABLE
491010,TIGER 글로벌AI전력인프라액티브,,,,,,EMPTY_NO_TABLE
0048J0,KODEX 미국머니마켓액티브,,,,,,EMPTY_NO_TABLE
0025N0,TIGER TDF2045 적격,1,157450,TIGER 단기통안채,388,-,OK
0025N0,TIGER TDF2045 적격,2,272580,TIGER 단기채권액티브,602,-,OK
0025N0,TIGER TDF2045 적격,3,329750,TIGER 미국달러단기채권액티브,"1,942",-,OK
0025N0,TIGER TDF2045 적격,4,114820,TIGER 국채3년,89,-,OK
102970,KODEX 증권,1,006800,미래에셋증권,"6,518",24.14,OK
102970,KODEX 증권,2,071050,한국금융지주,954,20.93,OK
102970,KODEX 증권,3,016360,삼성증권,"1,825",18.38,OK
102970,KODEX 증권,4,039490,키움증권,465,13.93,OK
102970,KODEX 증권,5,005940,NH투자증권,"4,391",12.66,OK
102970,KODEX 증권,6,003540,대신증권,784,1.91,OK
102970,KODEX 증권,7,001720,신영증권,133,1.87,OK
102970,KODEX 증권,8,003530,한화투자증권,"3,224",1.35,OK
102970,KODEX 증권,9,001510,SK증권,"4,727",1.00,OK
102970,KODEX 증권,10,003470,유안타증권,"2,201",0.90,OK
0061Z0,RISE 단기특수은행채액티브,,,,,,EMPTY_NO_TABLE
272580,TIGER 단기채권액티브,,,,,,EMPTY_NO_TABLE
144600,KODEX 은선물(H),,,,,,EMPTY_NO_TABLE
495850,KODEX 코리아밸류업,1,000660,SK하이닉스,181,20.39,OK
495850,KODEX 코리아밸류업,2,005930,삼성전자,"1,029",15.99,OK
495850,KODEX 코리아밸류업,3,402340,SK스퀘어,124,8.79,OK
495850,KODEX 코리아밸류업,4,005380,현대차,183,4.96,OK
495850,KODEX 코리아밸류업,5,105560,KB금융,409,4.65,OK
495850,KODEX 코리아밸류업,6,055550,신한지주,554,3.67,OK
495850,KODEX 코리아밸류업,7,000270,기아,329,2.88,OK
495850,KODEX 코리아밸류업,8,086790,하나금융지주,335,2.71,OK
495850,KODEX 코리아밸류업,9,012450,한화에어로스페이스,44,2.52,OK
495850,KODEX 코리아밸류업,10,012330,현대모비스,84,2.50,OK
456610,TIGER 미국달러SOFR금리액티브(합성),,,,,,EMPTY_NO_TABLE
0015B0,KoAct 미국나스닥성장기업액티브,,,,,,EMPTY_NO_TABLE
466950,TIGER 글로벌AI액티브,1,009150,삼성전기,5,-,OK
466950,TIGER 글로벌AI액티브,2,005930,삼성전자,7,-,OK
466950,TIGER 글로벌AI액티브,3,000660,SK하이닉스,1,-,OK
458760,TIGER 미국배당다우존스타겟커버드콜2호,,,,,,EMPTY_NO_TABLE
0127P0,ACE 미국대형성장주액티브,,,,,,EMPTY_NO_TABLE
396520,TIGER 차이나반도체FACTSET,,,,,,EMPTY_NO_TABLE
367760,RISE 네트워크인프라,1,000660,SK하이닉스,361,22.90,OK
367760,RISE 네트워크인프라,2,005930,삼성전자,"2,535",22.18,OK
367760,RISE 네트워크인프라,3,009150,삼성전기,419,18.57,OK
367760,RISE 네트워크인프라,4,011070,LG이노텍,577,13.11,OK
367760,RISE 네트워크인프라,5,007660,이수페타시스,"2,243",7.68,OK
367760,RISE 네트워크인프라,6,058470,리노공업,"2,045",5.08,OK
367760,RISE 네트워크인프라,7,080220,제주반도체,"1,209",3.21,OK
367760,RISE 네트워크인프라,8,010170,대한광통신,"5,328",2.00,OK
367760,RISE 네트워크인프라,9,218410,RFHIC,680,1.10,OK
367760,RISE 네트워크인프라,10,050890,쏠리드,"2,232",0.73,OK
0167B0,SOL 200타겟위클리커버드콜,1,005930,삼성전자,"1,546",32.62,OK
0167B0,SOL 200타겟위클리커버드콜,2,000660,SK하이닉스,184,28.14,OK
0167B0,SOL 200타겟위클리커버드콜,3,402340,SK스퀘어,30,2.89,OK
0167B0,SOL 200타겟위클리커버드콜,4,009150,삼성전기,19,2.03,OK
0167B0,SOL 200타겟위클리커버드콜,5,005380,현대차,45,1.66,OK
0167B0,SOL 200타겟위클리커버드콜,6,105560,KB금융,101,1.56,OK
0167B0,SOL 200타겟위클리커버드콜,7,055550,신한지주,137,1.23,OK
0167B0,SOL 200타겟위클리커버드콜,8,000270,기아,81,0.96,OK
0167B0,SOL 200타겟위클리커버드콜,9,028260,삼성물산,32,0.96,OK
0167B0,SOL 200타겟위클리커버드콜,10,086790,하나금융지주,83,0.91,OK
455030,KODEX 미국달러SOFR금리액티브(합성),,,,,,EMPTY_NO_TABLE
138540,TIGER 현대차그룹플러스,1,000270,기아,"2,005",27.26,OK
138540,TIGER 현대차그룹플러스,2,005380,현대차,524,22.05,OK
138540,TIGER 현대차그룹플러스,3,012330,현대모비스,326,15.06,OK
138540,TIGER 현대차그룹플러스,4,004020,현대제철,"3,500",8.89,OK
138540,TIGER 현대차그룹플러스,5,086280,현대글로비스,388,6.90,OK
138540,TIGER 현대차그룹플러스,6,000720,현대건설,420,4.04,OK
138540,TIGER 현대차그룹플러스,7,009540,HD한국조선해양,112,3.62,OK
138540,TIGER 현대차그룹플러스,8,267250,HD현대,128,2.40,OK
138540,TIGER 현대차그룹플러스,9,064350,현대로템,116,1.87,OK
138540,TIGER 현대차그룹플러스,10,011210,현대위아,308,1.75,OK
371160,TIGER 차이나항셍테크,,,,,,EMPTY_NO_TABLE
290130,RISE ESG사회책임투자,1,000660,SK하이닉스,397,30.91,OK
290130,RISE ESG사회책임투자,2,005930,삼성전자,"2,546",27.34,OK
290130,RISE ESG사회책임투자,3,402340,SK스퀘어,129,6.32,OK
290130,RISE ESG사회책임투자,4,009150,삼성전기,82,4.46,OK
290130,RISE ESG사회책임투자,5,105560,KB금융,392,3.08,OK
290130,RISE ESG사회책임투자,6,000270,기아,314,1.90,OK
290130,RISE ESG사회책임투자,7,028260,삼성물산,124,1.89,OK
290130,RISE ESG사회책임투자,8,034020,두산에너빌리티,557,1.72,OK
290130,RISE ESG사회책임투자,9,012330,현대모비스,80,1.65,OK
290130,RISE ESG사회책임투자,10,068270,셀트리온,202,1.49,OK
434730,HANARO 원자력iSelect,1,034020,두산에너빌리티,"9,522",25.44,OK
434730,HANARO 원자력iSelect,2,267260,HD현대일렉트릭,600,17.26,OK
434730,HANARO 원자력iSelect,3,010120,LS ELECTRIC,"2,022",13.62,OK
434730,HANARO 원자력iSelect,4,298040,효성중공업,138,13.43,OK
434730,HANARO 원자력iSelect,5,015760,한국전력,"8,147",10.19,OK
434730,HANARO 원자력iSelect,6,000720,현대건설,"1,943",7.20,OK
434730,HANARO 원자력iSelect,7,047040,대우건설,"5,214",3.05,OK
434730,HANARO 원자력iSelect,8,062040,산일전기,348,2.16,OK
434730,HANARO 원자력iSelect,9,052690,한전기술,475,1.69,OK
434730,HANARO 원자력iSelect,10,032820,우리기술,"4,174",1.63,OK
314250,KODEX 미국빅테크10(H),,,,,,EMPTY_NO_TABLE
487340,ACE 머니마켓액티브,,,,,,EMPTY_NO_TABLE
434060,KODEX TDF2050액티브 적격,1,439860,KODEX ESG종합채권(A-이상)액티브,813,-,OK
434060,KODEX TDF2050액티브 적격,2,273130,KODEX 종합채권(AA-이상)액티브,286,-,OK
434060,KODEX TDF2050액티브 적격,3,214980,KODEX 단기채권PLUS,248,-,OK
434060,KODEX TDF2050액티브 적격,4,0038A0,KODEX 미국휴머노이드로봇,"1,308",-,OK
434060,KODEX TDF2050액티브 적격,5,488770,KODEX 머니마켓액티브,202,-,OK
434060,KODEX TDF2050액티브 적격,6,485540,KODEX 미국AI테크TOP10,"1,267",-,OK
434060,KODEX TDF2050액티브 적격,7,487230,KODEX 미국AI전력핵심인프라,812,-,OK
434060,KODEX TDF2050액티브 적격,8,114260,KODEX 국고채3년,312,-,OK
434060,KODEX TDF2050액티브 적격,9,390390,KODEX 미국반도체,303,-,OK
434060,KODEX TDF2050액티브 적격,10,091160,KODEX 반도체,132,-,OK
482730,TIGER 미국S&P500타겟데일리커버드콜,,,,,,EMPTY_NO_TABLE
329750,TIGER 미국달러단기채권액티브,,,,,,EMPTY_NO_TABLE
484790,KODEX 미국30년국채액티브(H),,,,,,EMPTY_NO_TABLE
251600,PLUS 고배당주채권혼합,1,161510,PLUS 고배당주,"4,463",-,OK
251600,PLUS 고배당주채권혼합,2,114820,TIGER 국채3년,868,-,OK
251600,PLUS 고배당주채권혼합,3,298340,PLUS 국채선물3년,"1,195",-,OK
251600,PLUS 고배당주채권혼합,4,491230,PLUS 국공채머니마켓액티브,865,-,OK
251600,PLUS 고배당주채권혼합,5,114100,RISE 국고채3년,421,-,OK
251600,PLUS 고배당주채권혼합,6,0184L0,PLUS 중기종합채권(A-이상)액티브,371,-,OK
251600,PLUS 고배당주채권혼합,7,024110,기업은행,"1,679",-,OK
251600,PLUS 고배당주채권혼합,8,005830,DB손해보험,221,-,OK
251600,PLUS 고배당주채권혼합,9,005940,NH투자증권,"1,121",-,OK
251600,PLUS 고배당주채권혼합,10,316140,우리금융지주,"1,066",-,OK
418660,TIGER 미국나스닥100레버리지(합성),,,,,,EMPTY_NO_TABLE
114260,KODEX 국고채3년,,,,,,EMPTY_NO_TABLE
489250,KODEX 미국배당다우존스,,,,,,EMPTY_NO_TABLE
449190,KODEX 미국나스닥100(H),,,,,,EMPTY_NO_TABLE
364980,TIGER 2차전지TOP10,1,006400,삼성SDI,316,30.28,OK
364980,TIGER 2차전지TOP10,2,373220,LG에너지솔루션,343,24.54,OK
364980,TIGER 2차전지TOP10,3,005490,POSCO홀딩스,359,24.08,OK
364980,TIGER 2차전지TOP10,4,051910,LG화학,100,5.67,OK
364980,TIGER 2차전지TOP10,5,086520,에코프로,208,3.79,OK
364980,TIGER 2차전지TOP10,6,096770,SK이노베이션,157,3.77,OK
364980,TIGER 2차전지TOP10,7,247540,에코프로비엠,113,2.95,OK
364980,TIGER 2차전지TOP10,8,003670,포스코퓨처엠,76,2.49,OK
364980,TIGER 2차전지TOP10,9,066970,엘앤에프,60,1.32,OK
364980,TIGER 2차전지TOP10,10,011790,SKC,58,1.11,OK
0101N0,RISE AI전력인프라,1,000500,가온전선,902,23.88,OK
0101N0,RISE AI전력인프라,2,010120,LS ELECTRIC,402,7.93,OK
0101N0,RISE AI전력인프라,3,062040,산일전기,353,6.41,OK
0101N0,RISE AI전력인프라,4,298040,효성중공업,22,6.27,OK
0101N0,RISE AI전력인프라,5,001440,대한전선,"1,952",5.91,OK
0101N0,RISE AI전력인프라,6,267260,HD현대일렉트릭,69,5.82,OK
0101N0,RISE AI전력인프라,7,178320,서진시스템,"1,323",5.55,OK
0101N0,RISE AI전력인프라,8,034020,두산에너빌리티,635,4.97,OK
0101N0,RISE AI전력인프라,9,229640,LS에코에너지,"1,073",4.92,OK
0101N0,RISE AI전력인프라,10,033100,제룡전기,"1,057",4.81,OK
243880,TIGER 200IT레버리지,1,402340,SK스퀘어,"4,293",37.17,OK
243880,TIGER 200IT레버리지,2,000660,SK하이닉스,"2,650",36.47,OK
243880,TIGER 200IT레버리지,3,005930,삼성전자,"14,677",27.86,OK
243880,TIGER 200IT레버리지,4,009150,삼성전기,"2,550",24.52,OK
243880,TIGER 200IT레버리지,5,139260,TIGER 200 IT,"14,864",15.05,OK
243880,TIGER 200IT레버리지,6,006400,삼성SDI,"2,606",8.55,OK
243880,TIGER 200IT레버리지,7,066570,LG전자,"4,635",6.42,OK
243880,TIGER 200IT레버리지,8,011070,LG이노텍,612,3.02,OK
243880,TIGER 200IT레버리지,9,003550,LG,"3,846",2.85,OK
243880,TIGER 200IT레버리지,10,042700,한미반도체,"1,809",2.77,OK
315960,RISE 대형고배당10TR,1,000660,SK하이닉스,593,27.13,OK
315960,RISE 대형고배당10TR,2,005930,삼성전자,"3,985",25.14,OK
315960,RISE 대형고배당10TR,3,005380,현대차,946,10.41,OK
315960,RISE 대형고배당10TR,4,105560,KB금융,"1,722",7.95,OK
315960,RISE 대형고배당10TR,5,032830,삼성생명,924,7.47,OK
315960,RISE 대형고배당10TR,6,000270,기아,"1,803",6.41,OK
315960,RISE 대형고배당10TR,7,055550,신한지주,"2,192",5.90,OK
315960,RISE 대형고배당10TR,8,086790,하나금융지주,"1,267",4.17,OK
315960,RISE 대형고배당10TR,9,005490,POSCO홀딩스,366,2.79,OK
315960,RISE 대형고배당10TR,10,316140,우리금융지주,"3,391",2.62,OK
0019K0,TIME 미국나스닥100채권혼합50액티브,1,190620,ACE 단기통안채,"1,095",-,OK
0019K0,TIME 미국나스닥100채권혼합50액티브,2,272580,TIGER 단기채권액티브,"1,887",-,OK
0019K0,TIME 미국나스닥100채권혼합50액티브,3,610064,메리츠 KAP 통안채 6개월 ETN,"1,158",-,OK
0019K0,TIME 미국나스닥100채권혼합50액티브,4,122260,KIWOOM 통안채1년,237,-,OK
0019K0,TIME 미국나스닥100채권혼합50액티브,5,196230,RISE 단기통안채,192,-,OK
463250,TIGER K방산&우주,1,064350,현대로템,"2,126",20.79,OK
463250,TIGER K방산&우주,2,079550,LIG디펜스앤에어로스페이스,492,20.52,OK
463250,TIGER K방산&우주,3,012450,한화에어로스페이스,358,19.28,OK
463250,TIGER K방산&우주,4,047810,한국항공우주,"2,276",18.79,OK
463250,TIGER K방산&우주,5,272210,한화시스템,"3,591",13.74,OK
463250,TIGER K방산&우주,6,103140,풍산,819,2.96,OK
463250,TIGER K방산&우주,7,099320,쎄트렉아이,331,1.49,OK
463250,TIGER K방산&우주,8,189300,인텔리안테크,377,1.44,OK
463250,TIGER K방산&우주,9,211270,AP위성,514,0.24,OK
463250,TIGER K방산&우주,10,361390,제노코,232,0.19,OK
438330,TIGER 우량회사채액티브,1,0000Y0,HK 26-12 회사채(AA-이상)액티브,42,-,OK
438330,TIGER 우량회사채액티브,2,0192Z0,TIGER 중기종합채권(A-이상)액티브,42,-,OK
462330,KODEX 2차전지산업레버리지,1,305720,KODEX 2차전지산업,"2,050",28.83,OK
462330,KODEX 2차전지산업레버리지,2,373220,LG에너지솔루션,75,25.79,OK
462330,KODEX 2차전지산업레버리지,3,006400,삼성SDI,39,17.96,OK
462330,KODEX 2차전지산업레버리지,4,005490,POSCO홀딩스,45,14.51,OK
462330,KODEX 2차전지산업레버리지,5,051910,LG화학,34,9.27,OK
462330,KODEX 2차전지산업레버리지,6,247540,에코프로비엠,48,6.02,OK
462330,KODEX 2차전지산업레버리지,7,086520,에코프로,64,5.60,OK
462330,KODEX 2차전지산업레버리지,8,096770,SK이노베이션,32,3.69,OK
462330,KODEX 2차전지산업레버리지,9,003670,포스코퓨처엠,18,2.84,OK
462330,KODEX 2차전지산업레버리지,10,178320,서진시스템,60,2.47,OK
0105E0,SOL 코리아고배당,1,000810,삼성화재,66,6.44,OK
0105E0,SOL 코리아고배당,2,105560,KB금융,219,6.23,OK
0105E0,SOL 코리아고배당,3,055550,신한지주,349,5.79,OK
0105E0,SOL 코리아고배당,4,086790,하나금융지주,272,5.51,OK
0105E0,SOL 코리아고배당,5,316140,우리금융지주,"1,068",5.09,OK
0105E0,SOL 코리아고배당,6,033780,KT&G,169,4.50,OK
0105E0,SOL 코리아고배당,7,002960,한국쉘석유,56,4.27,OK
0105E0,SOL 코리아고배당,8,000270,기아,185,4.05,OK
0105E0,SOL 코리아고배당,9,030000,제일기획,"1,398",4.00,OK
0105E0,SOL 코리아고배당,10,001800,오리온홀딩스,873,3.57,OK
251350,KODEX MSCI선진국,,,,,,EMPTY_NO_TABLE
494670,TIGER 조선TOP10,1,329180,HD현대중공업,522,23.51,OK
494670,TIGER 조선TOP10,2,009540,HD한국조선해양,674,21.27,OK
494670,TIGER 조선TOP10,3,042660,한화오션,"2,919",21.25,OK
494670,TIGER 조선TOP10,4,010140,삼성중공업,"8,384",17.08,OK
494670,TIGER 조선TOP10,5,443060,HD현대마린솔루션,430,7.69,OK
494670,TIGER 조선TOP10,6,082740,한화엔진,801,3.42,OK
494670,TIGER 조선TOP10,7,071970,HD현대마린엔진,326,1.80,OK
494670,TIGER 조선TOP10,8,439260,대한조선,366,1.57,OK
494670,TIGER 조선TOP10,9,017960,한국카본,496,1.13,OK
494670,TIGER 조선TOP10,10,075580,세진중공업,546,0.57,OK
444200,SOL 코리아메가테크액티브,1,005930,삼성전자,"2,265",25.40,OK
444200,SOL 코리아메가테크액티브,2,000660,SK하이닉스,226,18.37,OK
444200,SOL 코리아메가테크액티브,3,035720,카카오,"3,094",4.74,OK
444200,SOL 코리아메가테크액티브,4,005380,현대차,232,4.54,OK
444200,SOL 코리아메가테크액티브,5,034020,두산에너빌리티,"1,347",4.34,OK
444200,SOL 코리아메가테크액티브,6,009150,삼성전기,75,4.26,OK
444200,SOL 코리아메가테크액티브,7,012450,한화에어로스페이스,103,4.25,OK
444200,SOL 코리아메가테크액티브,8,018260,삼성에스디에스,364,3.05,OK
444200,SOL 코리아메가테크액티브,9,000270,기아,452,2.86,OK
444200,SOL 코리아메가테크액티브,10,267260,HD현대일렉트릭,69,2.40,OK
496080,TIGER 코리아밸류업,1,000660,SK하이닉스,179,20.15,OK
496080,TIGER 코리아밸류업,2,005930,삼성전자,"1,020",15.84,OK
496080,TIGER 코리아밸류업,3,402340,SK스퀘어,123,8.71,OK
496080,TIGER 코리아밸류업,4,005380,현대차,182,4.93,OK
496080,TIGER 코리아밸류업,5,105560,KB금융,406,4.61,OK
496080,TIGER 코리아밸류업,6,055550,신한지주,550,3.64,OK
496080,TIGER 코리아밸류업,7,000270,기아,326,2.85,OK
496080,TIGER 코리아밸류업,8,086790,하나금융지주,332,2.69,OK
496080,TIGER 코리아밸류업,9,012450,한화에어로스페이스,44,2.51,OK
496080,TIGER 코리아밸류업,10,012330,현대모비스,83,2.47,OK
365780,ACE 국고채10년,,,,,,EMPTY_NO_TABLE
491620,RISE 미국테크100데일리고정커버드콜,,,,,,EMPTY_NO_TABLE
293180,HANARO 200,1,005930,삼성전자,"6,979",32.64,OK
293180,HANARO 200,2,000660,SK하이닉스,829,28.11,OK
293180,HANARO 200,3,402340,SK스퀘어,138,2.94,OK
293180,HANARO 200,4,009150,삼성전기,84,1.99,OK
293180,HANARO 200,5,005380,현대차,204,1.66,OK
293180,HANARO 200,6,105560,KB금융,456,1.56,OK
293180,HANARO 200,7,055550,신한지주,617,1.23,OK
293180,HANARO 200,8,000270,기아,366,0.97,OK
293180,HANARO 200,9,028260,삼성물산,145,0.96,OK
293180,HANARO 200,10,086790,하나금융지주,373,0.91,OK
488080,TIGER 반도체TOP10레버리지,1,005930,삼성전자,"3,492",32.85,OK
488080,TIGER 반도체TOP10레버리지,2,000660,SK하이닉스,450,30.69,OK
488080,TIGER 반도체TOP10레버리지,3,396500,TIGER 반도체TOP10,"20,428",27.61,OK
488080,TIGER 반도체TOP10레버리지,4,402340,SK스퀘어,533,22.87,OK
488080,TIGER 반도체TOP10레버리지,5,000990,DB하이텍,870,3.56,OK
488080,TIGER 반도체TOP10레버리지,6,042700,한미반도체,446,3.39,OK
488080,TIGER 반도체TOP10레버리지,7,036930,주성엔지니어링,318,2.14,OK
488080,TIGER 반도체TOP10레버리지,8,007660,이수페타시스,556,2.05,OK
488080,TIGER 반도체TOP10레버리지,9,240810,원익IPS,395,1.82,OK
488080,TIGER 반도체TOP10레버리지,10,058470,리노공업,518,1.38,OK
471230,KODEX 국고채10년액티브,,,,,,EMPTY_NO_TABLE
499660,TIGER CD금리플러스액티브(합성),,,,,,EMPTY_NO_TABLE
483280,KODEX 미국AI테크TOP10타겟커버드콜,,,,,,EMPTY_NO_TABLE
0190C0,RISE 현대차고정피지컬AI,1,005380,현대차,235,23.83,OK
0190C0,RISE 현대차고정피지컬AI,2,012330,현대모비스,161,17.92,OK
0190C0,RISE 현대차고정피지컬AI,3,000270,기아,462,15.14,OK
0190C0,RISE 현대차고정피지컬AI,4,011070,LG이노텍,79,11.93,OK
0190C0,RISE 현대차고정피지컬AI,5,307950,현대오토에버,74,7.40,OK
0190C0,RISE 현대차고정피지컬AI,6,277810,레인보우로보틱스,65,6.16,OK
0190C0,RISE 현대차고정피지컬AI,7,064400,LG씨엔에스,326,5.08,OK
0190C0,RISE 현대차고정피지컬AI,8,454910,두산로보틱스,196,3.14,OK
0190C0,RISE 현대차고정피지컬AI,9,108490,로보티즈,49,2.31,OK
0190C0,RISE 현대차고정피지컬AI,10,005850,에스엘,156,1.93,OK
361580,RISE 200TR,1,005930,삼성전자,"3,961",32.71,OK
361580,RISE 200TR,2,000660,SK하이닉스,471,28.20,OK
361580,RISE 200TR,3,402340,SK스퀘어,78,2.94,OK
361580,RISE 200TR,4,009150,삼성전기,47,1.97,OK
361580,RISE 200TR,5,005380,현대차,116,1.67,OK
361580,RISE 200TR,6,105560,KB금융,259,1.56,OK
361580,RISE 200TR,7,055550,신한지주,350,1.23,OK
361580,RISE 200TR,8,000270,기아,208,0.97,OK
361580,RISE 200TR,9,028260,삼성물산,82,0.96,OK
361580,RISE 200TR,10,086790,하나금융지주,212,0.91,OK
476800,KODEX 한국부동산리츠인프라,1,088980,맥쿼리인프라,"4,776",22.68,OK
476800,KODEX 한국부동산리츠인프라,2,395400,SK리츠,"4,833",12.94,OK
476800,KODEX 한국부동산리츠인프라,3,415640,KB발해인프라,"2,291",11.43,OK
476800,KODEX 한국부동산리츠인프라,4,365550,ESR켄달스퀘어리츠,"4,811",7.32,OK
476800,KODEX 한국부동산리츠인프라,5,293940,신한알파리츠,"2,588",6.37,OK
476800,KODEX 한국부동산리츠인프라,6,330590,롯데리츠,"3,814",6.27,OK
476800,KODEX 한국부동산리츠인프라,7,451800,한화리츠,"2,225",4.90,OK
476800,KODEX 한국부동산리츠인프라,8,357120,코람코라이프인프라리츠,"2,225",4.19,OK
476800,KODEX 한국부동산리츠인프라,9,417310,코람코더원리츠,706,3.35,OK
476800,KODEX 한국부동산리츠인프라,10,448730,삼성FN리츠,"1,270",3.24,OK
0007F0,KODEX 27-12 회사채(AA-이상)액티브,,,,,,EMPTY_NO_TABLE
0148J0,TIGER 코리아휴머노이드로봇산업,1,108490,로보티즈,297,14.88,OK
0148J0,TIGER 코리아휴머노이드로봇산업,2,277810,레인보우로보틱스,144,14.53,OK
0148J0,TIGER 코리아휴머노이드로봇산업,3,454910,두산로보틱스,810,13.81,OK
0148J0,TIGER 코리아휴머노이드로봇산업,4,058610,에스피지,438,7.34,OK
0148J0,TIGER 코리아휴머노이드로봇산업,5,090360,로보스타,413,6.68,OK
0148J0,TIGER 코리아휴머노이드로봇산업,6,319400,현대무벡스,"1,232",6.40,OK
0148J0,TIGER 코리아휴머노이드로봇산업,7,307950,현대오토에버,60,6.39,OK
0148J0,TIGER 코리아휴머노이드로봇산업,8,064400,LG씨엔에스,371,6.15,OK
0148J0,TIGER 코리아휴머노이드로봇산업,9,348340,뉴로메카,715,5.33,OK
0148J0,TIGER 코리아휴머노이드로봇산업,10,160190,하이젠알앤엠,"1,102",4.31,OK
0091P0,TIGER 코리아원자력,1,000720,현대건설,"1,837",25.28,OK
0091P0,TIGER 코리아원자력,2,034020,두산에너빌리티,"2,482",24.63,OK
0091P0,TIGER 코리아원자력,3,047040,대우건설,"6,418",13.93,OK
0091P0,TIGER 코리아원자력,4,052690,한전기술,585,7.74,OK
0091P0,TIGER 코리아원자력,5,375500,DL이앤씨,919,7.51,OK
0091P0,TIGER 코리아원자력,6,032820,우리기술,"5,137",7.44,OK
0091P0,TIGER 코리아원자력,7,051600,한전KPS,703,4.20,OK
0091P0,TIGER 코리아원자력,8,083650,비에이치아이,604,3.80,OK
0091P0,TIGER 코리아원자력,9,130660,한전산업,732,1.06,OK
0091P0,TIGER 코리아원자력,10,100840,SNT에너지,249,0.90,OK
473290,KODEX 26-12 회사채(AA-이상)액티브,,,,,,EMPTY_NO_TABLE
447770,TIGER 테슬라채권혼합Fn,1,302190,TIGER 중장기국채,130,-,OK
490490,SOL 미국배당미국채혼합50,,,,,,EMPTY_NO_TABLE
462010,TIGER 2차전지소재Fn,1,003670,포스코퓨처엠,310,20.19,OK
462010,TIGER 2차전지소재Fn,2,005490,POSCO홀딩스,145,19.30,OK
462010,TIGER 2차전지소재Fn,3,247540,에코프로비엠,366,18.95,OK
462010,TIGER 2차전지소재Fn,4,086520,에코프로,510,18.43,OK
462010,TIGER 2차전지소재Fn,5,051910,LG화학,104,11.71,OK
462010,TIGER 2차전지소재Fn,6,066970,엘앤에프,62,2.71,OK
462010,TIGER 2차전지소재Fn,7,011790,SKC,54,2.05,OK
462010,TIGER 2차전지소재Fn,8,450080,에코프로머티,78,1.25,OK
462010,TIGER 2차전지소재Fn,9,005070,코스모신소재,52,0.87,OK
462010,TIGER 2차전지소재Fn,10,078600,대주전자재료,24,0.84,OK
435420,TIGER 미국나스닥100채권혼합50,,,,,,EMPTY_NO_TABLE
451000,PLUS 종합채권(AA-이상)액티브,1,278620,PLUS 단기채권액티브,23,-,OK
451000,PLUS 종합채권(AA-이상)액티브,2,491230,PLUS 국공채머니마켓액티브,27,-,OK
451000,PLUS 종합채권(AA-이상)액티브,3,239660,PLUS 우량회사채50,5,-,OK
451000,PLUS 종합채권(AA-이상)액티브,4,289670,PLUS 국채선물10년,4,-,OK
451000,PLUS 종합채권(AA-이상)액티브,5,298340,PLUS 국채선물3년,2,-,OK
0163Y0,KoAct 코스닥액티브,1,095610,테스,251,10.02,OK
0163Y0,KoAct 코스닥액티브,2,058470,리노공업,398,6.16,OK
0163Y0,KoAct 코스닥액티브,3,031980,피에스케이홀딩스,133,3.99,OK
0163Y0,KoAct 코스닥액티브,4,222800,심텍,168,3.89,OK
0163Y0,KoAct 코스닥액티브,5,196170,알테오젠,57,3.87,OK
0163Y0,KoAct 코스닥액티브,6,043260,성호전자,787,3.20,OK
0163Y0,KoAct 코스닥액티브,7,356860,티엘비,199,3.17,OK
0163Y0,KoAct 코스닥액티브,8,214450,파마리서치,44,3.12,OK
0163Y0,KoAct 코스닥액티브,9,183300,코미코,171,2.92,OK
0163Y0,KoAct 코스닥액티브,10,319660,피에스케이,68,2.69,OK
0173Y0,KODEX 미국AI광통신네트워크,,,,,,EMPTY_NO_TABLE
439870,KODEX 국고채30년액티브,,,,,,EMPTY_NO_TABLE
474220,TIGER 미국테크TOP10타겟커버드콜,,,,,,EMPTY_NO_TABLE
480260,TIGER 27-04회사채(A+이상)액티브,1,438330,TIGER 우량회사채액티브,48,-,OK
480260,TIGER 27-04회사채(A+이상)액티브,2,0094K0,TIGER 28-04 회사채(A+이상)액티브,48,-,OK
448290,TIGER 미국S&P500(H),,,,,,EMPTY_NO_TABLE
277630,TIGER 코스피,1,005930,삼성전자,"3,837",27.50,OK
277630,TIGER 코스피,2,000660,SK하이닉스,468,24.32,OK
277630,TIGER 코스피,3,402340,SK스퀘어,87,2.84,OK
277630,TIGER 코스피,4,009150,삼성전기,49,1.78,OK
277630,TIGER 코스피,5,005380,현대차,134,1.68,OK
277630,TIGER 코스피,6,373220,LG에너지솔루션,154,1.42,OK
277630,TIGER 코스피,7,105560,KB금융,245,1.28,OK
277630,TIGER 코스피,8,032830,삼성생명,131,1.20,OK
277630,TIGER 코스피,9,207940,삼성바이오로직스,30,1.18,OK
277630,TIGER 코스피,10,028260,삼성물산,106,1.08,OK
241180,TIGER 일본니케이225,,,,,,EMPTY_NO_TABLE
0023A0,SOL 미국양자컴퓨팅TOP10,,,,,,EMPTY_NO_TABLE
451060,1Q 200액티브,1,005930,삼성전자,"6,708",32.67,OK
451060,1Q 200액티브,2,000660,SK하이닉스,797,28.14,OK
451060,1Q 200액티브,3,402340,SK스퀘어,132,2.93,OK
451060,1Q 200액티브,4,009150,삼성전기,80,1.97,OK
451060,1Q 200액티브,5,005380,현대차,196,1.67,OK
451060,1Q 200액티브,6,105560,KB금융,438,1.56,OK
451060,1Q 200액티브,7,055550,신한지주,593,1.23,OK
451060,1Q 200액티브,8,000270,기아,352,0.97,OK
451060,1Q 200액티브,9,028260,삼성물산,139,0.96,OK
451060,1Q 200액티브,10,086790,하나금융지주,359,0.91,OK
477050,PLUS 머니마켓액티브,,,,,,EMPTY_NO_TABLE
091180,KODEX 자동차,1,005380,현대차,895,26.59,OK
091180,KODEX 자동차,2,012330,현대모비스,633,20.65,OK
091180,KODEX 자동차,3,000270,기아,"1,840",17.67,OK
091180,KODEX 자동차,4,161390,한국타이어앤테크놀로지,"2,649",12.35,OK
091180,KODEX 자동차,5,204320,HL만도,"1,195",3.81,OK
091180,KODEX 자동차,6,018880,한온시스템,"12,867",2.96,OK
091180,KODEX 자동차,7,011210,현대위아,572,2.29,OK
091180,KODEX 자동차,8,005850,에스엘,582,2.11,OK
091180,KODEX 자동차,9,073240,금호타이어,"4,131",1.98,OK
091180,KODEX 자동차,10,007340,DN오토모티브,755,1.91,OK
148070,KIWOOM 국고채10년,,,,,,EMPTY_NO_TABLE
474590,WON 반도체밸류체인액티브,1,000660,SK하이닉스,283,22.99,OK
474590,WON 반도체밸류체인액티브,2,005930,삼성전자,"1,923",21.55,OK
474590,WON 반도체밸류체인액티브,3,420770,기가비스,853,6.08,OK
474590,WON 반도체밸류체인액티브,4,319660,피에스케이,642,5.22,OK
474590,WON 반도체밸류체인액티브,5,031980,피에스케이홀딩스,839,5.18,OK
474590,WON 반도체밸류체인액티브,6,089970,브이엠,"1,111",4.72,OK
474590,WON 반도체밸류체인액티브,7,402340,SK스퀘어,86,4.40,OK
474590,WON 반도체밸류체인액티브,8,353200,대덕전자,766,3.84,OK
474590,WON 반도체밸류체인액티브,9,009150,삼성전기,67,3.80,OK
474590,WON 반도체밸류체인액티브,10,036930,주성엔지니어링,403,3.24,OK
0043Y0,TIME 차이나AI테크액티브,,,,,,EMPTY_NO_TABLE
458250,TIGER 미국30년국채스트립액티브(합성 H),,,,,,EMPTY_NO_TABLE
426020,TIME 미국S&P500액티브,,,,,,EMPTY_NO_TABLE
0167Z0,KODEX 미국우주항공,,,,,,EMPTY_NO_TABLE
0016X0,SOL 중단기회사채(A-이상)액티브,,,,,,EMPTY_NO_TABLE
462900,KoAct 바이오헬스케어액티브,1,237690,에스티팜,514,9.00,OK
462900,KoAct 바이오헬스케어액티브,2,226950,올릭스,494,8.76,OK
462900,KoAct 바이오헬스케어액티브,3,196170,알테오젠,186,8.19,OK
462900,KoAct 바이오헬스케어액티브,4,141080,리가켐바이오,501,7.90,OK
462900,KoAct 바이오헬스케어액티브,5,068270,셀트리온,318,7.75,OK
462900,KoAct 바이오헬스케어액티브,6,298380,에이비엘바이오,682,7.50,OK
462900,KoAct 바이오헬스케어액티브,7,347850,디앤디파마텍,625,6.69,OK
462900,KoAct 바이오헬스케어액티브,8,128940,한미약품,106,5.63,OK
462900,KoAct 바이오헬스케어액티브,9,009420,한올바이오파마,619,4.75,OK
462900,KoAct 바이오헬스케어액티브,10,476830,알지노믹스,986,4.18,OK
0131V0,1Q 미국우주항공테크,,,,,,EMPTY_NO_TABLE
0060H0,TIGER 토탈월드스탁액티브,1,005930,삼성전자,40,-,OK
0060H0,TIGER 토탈월드스탁액티브,2,000660,SK하이닉스,5,-,OK
0060H0,TIGER 토탈월드스탁액티브,3,005935,삼성전자우,7,-,OK
0060H0,TIGER 토탈월드스탁액티브,4,402340,SK스퀘어,1,-,OK
0060H0,TIGER 토탈월드스탁액티브,5,009150,삼성전기,0,-,OK
0060H0,TIGER 토탈월드스탁액티브,6,105560,KB금융,3,-,OK
0060H0,TIGER 토탈월드스탁액티브,7,005380,현대차,1,-,OK
0060H0,TIGER 토탈월드스탁액티브,8,055550,신한지주,3,-,OK
0060H0,TIGER 토탈월드스탁액티브,9,086790,하나금융지주,2,-,OK
0060H0,TIGER 토탈월드스탁액티브,10,000270,기아,2,-,OK
471990,KODEX AI반도체핵심장비,1,007660,이수페타시스,"2,479",21.27,OK
471990,KODEX AI반도체핵심장비,2,042700,한미반도체,"1,049",18.57,OK
471990,KODEX AI반도체핵심장비,3,036930,주성엔지니어링,"1,004",15.78,OK
471990,KODEX AI반도체핵심장비,4,353200,대덕전자,"1,168",11.45,OK
471990,KODEX AI반도체핵심장비,5,222800,심텍,766,7.13,OK
471990,KODEX AI반도체핵심장비,6,058470,리노공업,"1,105",6.88,OK
471990,KODEX AI반도체핵심장비,7,039030,이오테크닉스,196,6.07,OK
471990,KODEX AI반도체핵심장비,8,095340,ISC,336,4.44,OK
471990,KODEX AI반도체핵심장비,9,067310,하나마이크론,556,1.83,OK
471990,KODEX AI반도체핵심장비,10,403870,HPSP,457,1.65,OK
453810,KODEX 인도Nifty50,,,,,,EMPTY_NO_TABLE
0144L0,KODEX 미국성장커버드콜액티브,,,,,,EMPTY_NO_TABLE
439860,KODEX ESG종합채권(A-이상)액티브,,,,,,EMPTY_NO_TABLE
448300,TIGER 미국나스닥100(H),,,,,,EMPTY_NO_TABLE
456880,ACE 미국달러SOFR금리(합성),,,,,,EMPTY_NO_TABLE
385720,TIME 코스피액티브,1,000660,SK하이닉스,340,24.23,OK
385720,TIME 코스피액티브,2,005930,삼성전자,"2,204",21.67,OK
385720,TIME 코스피액티브,3,003230,삼양식품,110,4.72,OK
385720,TIME 코스피액티브,4,105560,KB금융,590,4.24,OK
385720,TIME 코스피액티브,5,278470,에이피알,247,3.63,OK
385720,TIME 코스피액티브,6,006400,삼성SDI,213,3.62,OK
385720,TIME 코스피액티브,7,402340,SK스퀘어,80,3.59,OK
385720,TIME 코스피액티브,8,000150,두산,53,2.53,OK
385720,TIME 코스피액티브,9,004170,신세계,100,2.28,OK
385720,TIME 코스피액티브,10,034730,SK,100,2.25,OK
0040Y0,SOL 팔란티어커버드콜OTM채권혼합,,,,,,EMPTY_NO_TABLE
091170,KODEX 은행,1,055550,신한지주,"1,748",23.00,OK
091170,KODEX 은행,2,105560,KB금융,982,22.15,OK
091170,KODEX 은행,3,086790,하나금융지주,"1,341",21.54,OK
091170,KODEX 은행,4,316140,우리금융지주,"3,920",14.82,OK
091170,KODEX 은행,5,323410,카카오뱅크,"2,003",5.65,OK
091170,KODEX 은행,6,024110,기업은행,"1,603",4.11,OK
091170,KODEX 은행,7,138930,BNK금융지주,"1,596",3.51,OK
091170,KODEX 은행,8,175330,JB금융지주,924,3.13,OK
091170,KODEX 은행,9,139130,iM금융지주,817,1.80,OK
091170,KODEX 은행,10,006220,제주은행,80,0.10,OK
484880,SOL 금융지주플러스고배당,1,105560,KB금융,"1,396",22.28,OK
484880,SOL 금융지주플러스고배당,2,055550,신한지주,"2,251",20.95,OK
484880,SOL 금융지주플러스고배당,3,086790,하나금융지주,"1,734",19.71,OK
484880,SOL 금융지주플러스고배당,4,316140,우리금융지주,"5,436",14.54,OK
484880,SOL 금융지주플러스고배당,5,071050,한국금융지주,344,6.99,OK
484880,SOL 금융지주플러스고배당,6,005940,NH투자증권,"1,608",4.29,OK
484880,SOL 금융지주플러스고배당,7,138930,BNK금융지주,"2,397",3.73,OK
484880,SOL 금융지주플러스고배당,8,175330,JB금융지주,"1,334",3.20,OK
484880,SOL 금융지주플러스고배당,9,138040,메리츠금융지주,245,2.46,OK
484880,SOL 금융지주플러스고배당,10,139130,iM금융지주,"1,189",1.86,OK
0052D0,TIGER 코리아배당다우존스,1,175330,JB금융지주,"1,335",4.78,OK
0052D0,TIGER 코리아배당다우존스,2,081660,미스토홀딩스,803,4.64,OK
0052D0,TIGER 코리아배당다우존스,3,086790,하나금융지주,272,4.61,OK
0052D0,TIGER 코리아배당다우존스,4,005830,DB손해보험,219,4.46,OK
0052D0,TIGER 코리아배당다우존스,5,111770,영원무역,405,4.38,OK
0052D0,TIGER 코리아배당다우존스,6,138930,BNK금융지주,"1,854",4.30,OK
0052D0,TIGER 코리아배당다우존스,7,316140,우리금융지주,"1,065",4.25,OK
0052D0,TIGER 코리아배당다우존스,8,024110,기업은행,"1,564",4.23,OK
0052D0,TIGER 코리아배당다우존스,9,000810,삼성화재,50,4.09,OK
0052D0,TIGER 코리아배당다우존스,10,161390,한국타이어앤테크놀로지,456,4.06,OK
0080G0,KODEX 방산TOP10,1,047810,한국항공우주,"1,627",22.18,OK
0080G0,KODEX 방산TOP10,2,012450,한화에어로스페이스,228,20.27,OK
0080G0,KODEX 방산TOP10,3,064350,현대로템,"1,225",19.78,OK
0080G0,KODEX 방산TOP10,4,079550,LIG디펜스앤에어로스페이스,284,19.56,OK
0080G0,KODEX 방산TOP10,5,272210,한화시스템,"1,791",11.32,OK
0080G0,KODEX 방산TOP10,6,103140,풍산,685,4.09,OK
0080G0,KODEX 방산TOP10,7,189300,인텔리안테크,152,0.96,OK
0080G0,KODEX 방산TOP10,8,214430,아이쓰리시스템,147,0.83,OK
0080G0,KODEX 방산TOP10,9,484870,엠앤씨솔루션,279,0.68,OK
0080G0,KODEX 방산TOP10,10,347700,스피어,126,0.24,OK
472170,TIGER 미국테크TOP10채권혼합,1,302190,TIGER 중장기국채,120,-,OK
483320,ACE 엔비디아밸류체인액티브,1,005930,삼성전자,335,-,OK
483320,ACE 엔비디아밸류체인액티브,2,009150,삼성전기,30,-,OK
310960,TIGER 200TR,1,005930,삼성전자,"7,722",30.87,OK
310960,TIGER 200TR,2,000660,SK하이닉스,917,26.58,OK
310960,TIGER 200TR,3,402340,SK스퀘어,152,2.77,OK
310960,TIGER 200TR,4,009150,삼성전기,92,1.86,OK
310960,TIGER 200TR,5,005380,현대차,226,1.58,OK
310960,TIGER 200TR,6,105560,KB금융,504,1.47,OK
310960,TIGER 200TR,7,055550,신한지주,682,1.16,OK
310960,TIGER 200TR,8,000270,기아,405,0.91,OK
310960,TIGER 200TR,9,028260,삼성물산,160,0.91,OK
310960,TIGER 200TR,10,086790,하나금융지주,413,0.86,OK
0026S0,1Q 미국S&P500,,,,,,EMPTY_NO_TABLE
385550,RISE 단기채권알파액티브,,,,,,EMPTY_NO_TABLE
132030,KODEX 골드선물(H),,,,,,EMPTY_NO_TABLE
0046A0,TIGER 미국초단기(3개월이하)국채,,,,,,EMPTY_NO_TABLE
454780,KIWOOM 종합채권(AA-이상)액티브,1,419890,KIWOOM 단기채권ESG액티브,52,-,OK
454780,KIWOOM 종합채권(AA-이상)액티브,2,0135Y0,IBK 중기종합채권(AA-이상)액티브,31,-,OK
454780,KIWOOM 종합채권(AA-이상)액티브,3,167860,KIWOOM 국고채10년레버리지,28,-,OK
454780,KIWOOM 종합채권(AA-이상)액티브,4,496020,WON 전단채플러스액티브,31,-,OK
0052S0,1Q 미국S&P500미국채혼합50액티브,,,,,,EMPTY_NO_TABLE
475300,SOL 반도체전공정,1,036930,주성엔지니어링,"1,206",18.21,OK
475300,SOL 반도체전공정,2,240810,원익IPS,"1,466",15.14,OK
475300,SOL 반도체전공정,3,319660,피에스케이,892,13.62,OK
475300,SOL 반도체전공정,4,403870,HPSP,"2,950",10.23,OK
475300,SOL 반도체전공정,5,014680,한솔케미칼,408,8.78,OK
475300,SOL 반도체전공정,6,089970,브이엠,"1,025",8.17,OK
475300,SOL 반도체전공정,7,095610,테스,525,8.10,OK
475300,SOL 반도체전공정,8,084370,유진테크,632,8.01,OK
475300,SOL 반도체전공정,9,357780,솔브레인,193,4.93,OK
475300,SOL 반도체전공정,10,064760,티씨케이,231,4.39,OK
0038A0,KODEX 미국휴머노이드로봇,,,,,,EMPTY_NO_TABLE
496020,WON 전단채플러스액티브,,,,,,EMPTY_NO_TABLE
453870,TIGER 인도니프티50,,,,,,EMPTY_NO_TABLE
441680,TIGER 미국나스닥100커버드콜(합성),,,,,,EMPTY_NO_TABLE
279530,KODEX 고배당주,1,030000,제일기획,"8,742",9.35,OK
279530,KODEX 고배당주,2,029780,삼성카드,"3,168",8.63,OK
279530,KODEX 고배당주,3,005940,NH투자증권,"4,506",8.00,OK
279530,KODEX 고배당주,4,005830,DB손해보험,869,7.88,OK
279530,KODEX 고배당주,5,024110,기업은행,"5,520",6.65,OK
279530,KODEX 고배당주,6,001120,LX인터내셔널,"2,466",5.23,OK
279530,KODEX 고배당주,7,175330,JB금융지주,"3,120",4.98,OK
279530,KODEX 고배당주,8,081660,미스토홀딩스,"1,669",4.29,OK
279530,KODEX 고배당주,9,078930,GS,935,4.24,OK
279530,KODEX 고배당주,10,138930,BNK금융지주,"4,051",4.19,OK
469070,RISE AI&로봇,1,035420,NAVER,176,6.60,OK
469070,RISE AI&로봇,2,066570,LG전자,157,5.81,OK
469070,RISE AI&로봇,3,064400,LG씨엔에스,424,5.77,OK
469070,RISE AI&로봇,4,108490,로보티즈,138,5.67,OK
469070,RISE AI&로봇,5,277810,레인보우로보틱스,65,5.38,OK
469070,RISE AI&로봇,6,005380,현대차,59,5.23,OK
469070,RISE AI&로봇,7,454910,두산로보틱스,361,5.05,OK
469070,RISE AI&로봇,8,012330,현대모비스,48,4.67,OK
469070,RISE AI&로봇,9,204320,HL만도,491,4.66,OK
469070,RISE AI&로봇,10,058610,에스피지,264,3.63,OK
485540,KODEX 미국AI테크TOP10,,,,,,EMPTY_NO_TABLE
476760,ACE 미국30년국채액티브,,,,,,EMPTY_NO_TABLE
448630,RISE 삼성그룹Top3채권혼합,1,005930,삼성전자,876,-,OK
448630,RISE 삼성그룹Top3채권혼합,2,207940,삼성바이오로직스,103,-,OK
448630,RISE 삼성그룹Top3채권혼합,3,006400,삼성SDI,217,-,OK
473330,SOL 미국30년국채커버드콜(합성),,,,,,EMPTY_NO_TABLE
442570,RISE TDF2050액티브 적격,1,379780,RISE 미국S&P500,"9,124",-,OK
442570,RISE TDF2050액티브 적격,2,368590,RISE 미국나스닥100,"5,537",-,OK
442570,RISE TDF2050액티브 적격,3,385540,RISE 종합채권(A-이상)액티브,871,-,OK
442570,RISE TDF2050액티브 적격,4,385550,RISE 단기채권알파액티브,634,-,OK
442570,RISE TDF2050액티브 적격,5,148020,RISE 200,610,-,OK
442570,RISE TDF2050액티브 적격,6,481430,RISE 국고채10년액티브,454,-,OK
442570,RISE TDF2050액티브 적격,7,469060,RISE 미국반도체NYSE,"1,078",-,OK
442570,RISE TDF2050액티브 적격,8,385560,RISE KIS국고채30년Enhanced,315,-,OK
0111P0,1Q 미국나스닥100미국채혼합50액티브,,,,,,EMPTY_NO_TABLE
475080,KODEX 테슬라커버드콜채권혼합액티브,,,,,,EMPTY_NO_TABLE
270810,RISE 코스닥150,1,196170,알테오젠,67,7.75,OK
270810,RISE 코스닥150,2,086520,에코프로,162,4.95,OK
270810,RISE 코스닥150,3,247540,에코프로비엠,89,3.90,OK
270810,RISE 코스닥150,4,036930,주성엔지니어링,52,3.47,OK
270810,RISE 코스닥150,5,240810,원익IPS,54,2.46,OK
270810,RISE 코스닥150,6,319660,피에스케이,33,2.23,OK
270810,RISE 코스닥150,7,058470,리노공업,82,2.17,OK
270810,RISE 코스닥150,8,298380,에이비엘바이오,69,1.99,OK
270810,RISE 코스닥150,9,277810,레인보우로보틱스,13,1.97,OK
270810,RISE 코스닥150,10,039030,이오테크닉스,14,1.84,OK
0162M0,KODEX 금융채1~2년(AA-이상)PLUS액티브,,,,,,EMPTY_NO_TABLE
0210A0,ACE K반도체TOP2+,1,000660,SK하이닉스,49,24.56,OK
0210A0,ACE K반도체TOP2+,2,005930,삼성전자,319,22.06,OK
0210A0,ACE K반도체TOP2+,3,402340,SK스퀘어,67,21.14,OK
0210A0,ACE K반도체TOP2+,4,009150,삼성전기,46,16.11,OK
0210A0,ACE K반도체TOP2+,5,420770,기가비스,170,7.48,OK
0210A0,ACE K반도체TOP2+,6,222800,심텍,181,5.32,OK
0210A0,ACE K반도체TOP2+,7,195870,해성디에스,51,0.81,OK
0210A0,ACE K반도체TOP2+,8,356860,티엘비,39,0.79,OK
0210A0,ACE K반도체TOP2+,9,323280,태성,79,0.75,OK
0210A0,ACE K반도체TOP2+,10,007810,코리아써키트,38,0.72,OK
471040,KoAct 글로벌AI&로봇액티브,1,000660,SK하이닉스,26,-,OK
471040,KoAct 글로벌AI&로봇액티브,2,005930,삼성전자,187,-,OK
471040,KoAct 글로벌AI&로봇액티브,3,009150,삼성전기,33,-,OK
471040,KoAct 글로벌AI&로봇액티브,4,095610,테스,100,-,OK
471040,KoAct 글로벌AI&로봇액티브,5,356860,티엘비,44,-,OK
245710,ACE 베트남VN30(합성),,,,,,EMPTY_NO_TABLE
0053L0,TIGER 차이나휴머노이드로봇,,,,,,EMPTY_NO_TABLE
433330,SOL 미국S&P500,,,,,,EMPTY_NO_TABLE
481190,SOL 미국테크TOP10,,,,,,EMPTY_NO_TABLE
489030,PLUS 고배당주위클리커버드콜,1,024110,기업은행,758,4.95,OK
489030,PLUS 고배당주위클리커버드콜,2,005830,DB손해보험,100,4.91,OK
489030,PLUS 고배당주위클리커버드콜,3,005940,NH투자증권,506,4.87,OK
489030,PLUS 고배당주위클리커버드콜,4,316140,우리금융지주,481,4.63,OK
489030,PLUS 고배당주위클리커버드콜,5,086790,하나금융지주,104,4.26,OK
489030,PLUS 고배당주위클리커버드콜,6,000270,기아,96,4.25,OK
489030,PLUS 고배당주위클리커버드콜,7,029780,삼성카드,286,4.22,OK
489030,PLUS 고배당주위클리커버드콜,8,030000,제일기획,691,4.00,OK
489030,PLUS 고배당주위클리커버드콜,9,016360,삼성증권,114,3.83,OK
489030,PLUS 고배당주위클리커버드콜,10,030200,KT,227,3.69,OK
461490,RISE 글로벌자산배분액티브,1,379780,RISE 미국S&P500,"7,907",26.00,OK
461490,RISE 글로벌자산배분액티브,2,273130,KODEX 종합채권(AA-이상)액티브,"1,164",17.12,OK
461490,RISE 글로벌자산배분액티브,3,385540,RISE 종합채권(A-이상)액티브,"1,106",15.24,OK
461490,RISE 글로벌자산배분액티브,4,451540,TIGER 종합채권(AA-이상)액티브,"2,040",14.42,OK
461490,RISE 글로벌자산배분액티브,5,0072R0,TIGER KRX금현물,"6,990",12.02,OK
461490,RISE 글로벌자산배분액티브,6,455890,RISE 머니마켓액티브,775,5.73,OK
461490,RISE 글로벌자산배분액티브,7,360750,TIGER 미국S&P500,"1,001",3.79,OK
461490,RISE 글로벌자산배분액티브,8,379800,KODEX 미국S&P500,500,1.72,OK
461490,RISE 글로벌자산배분액티브,9,411060,ACE KRX금현물,274,0.99,OK
461490,RISE 글로벌자산배분액티브,10,426020,TIME 미국S&P500액티브,65,0.31,OK
283580,KODEX 차이나CSI300,,,,,,EMPTY_NO_TABLE
190620,ACE 단기통안채,,,,,,EMPTY_NO_TABLE
423170,SOL 글로벌AI반도체탑픽액티브,1,005930,삼성전자,995,-,OK
423170,SOL 글로벌AI반도체탑픽액티브,2,000660,SK하이닉스,127,-,OK
423170,SOL 글로벌AI반도체탑픽액티브,3,058470,리노공업,140,-,OK
157500,TIGER 증권,1,071050,한국금융지주,345,26.92,OK
157500,TIGER 증권,2,006800,미래에셋증권,"1,577",20.77,OK
157500,TIGER 증권,3,016360,삼성증권,508,18.20,OK
157500,TIGER 증권,4,039490,키움증권,127,13.53,OK
157500,TIGER 증권,5,005940,NH투자증권,"1,222",12.53,OK
157500,TIGER 증권,6,003540,대신증권,214,1.85,OK
157500,TIGER 증권,7,001720,신영증권,34,1.70,OK
157500,TIGER 증권,8,003530,한화투자증권,897,1.34,OK
157500,TIGER 증권,9,001510,SK증권,"1,451",1.09,OK
157500,TIGER 증권,10,003470,유안타증권,629,0.92,OK
0094K0,TIGER 28-04 회사채(A+이상)액티브,,,,,,EMPTY_NO_TABLE
466930,SOL 자동차TOP3플러스,1,000270,기아,"2,620",27.65,OK
466930,SOL 자동차TOP3플러스,2,012330,현대모비스,734,26.32,OK
466930,SOL 자동차TOP3플러스,3,005380,현대차,695,22.70,OK
466930,SOL 자동차TOP3플러스,4,009150,삼성전기,93,8.82,OK
466930,SOL 자동차TOP3플러스,5,005930,삼성전자,277,5.19,OK
466930,SOL 자동차TOP3플러스,6,066570,LG전자,356,4.86,OK
466930,SOL 자동차TOP3플러스,7,011070,LG이노텍,46,2.24,OK
466930,SOL 자동차TOP3플러스,8,307950,현대오토에버,20,0.64,OK
466930,SOL 자동차TOP3플러스,9,018880,한온시스템,"1,633",0.41,OK
466930,SOL 자동차TOP3플러스,10,204320,HL만도,106,0.37,OK
483340,ACE 구글밸류체인액티브,1,000660,SK하이닉스,22,-,OK
472920,HK 종합채권(AA-이상)액티브,,,,,,EMPTY_NO_TABLE
196230,RISE 단기통안채,,,,,,EMPTY_NO_TABLE
414780,TIGER 차이나과창판STAR50(합성),,,,,,EMPTY_NO_TABLE
307520,TIGER 지주회사,1,034730,SK,238,13.36,OK
307520,TIGER 지주회사,2,000150,두산,84,10.01,OK
307520,TIGER 지주회사,3,028260,삼성물산,244,8.48,OK
307520,TIGER 지주회사,4,003550,LG,846,8.09,OK
307520,TIGER 지주회사,5,180640,한진칼,633,8.02,OK
307520,TIGER 지주회사,6,006260,LS,261,7.63,OK
307520,TIGER 지주회사,7,005490,POSCO홀딩스,212,6.29,OK
307520,TIGER 지주회사,8,267250,HD현대,312,5.95,OK
307520,TIGER 지주회사,9,078930,GS,679,5.20,OK
307520,TIGER 지주회사,10,010060,OCI홀딩스,199,3.92,OK
273140,KODEX 단기변동금리부채권액티브,,,,,,EMPTY_NO_TABLE
495230,KoAct 코리아밸류업액티브,1,000660,SK하이닉스,203,23.29,OK
495230,KoAct 코리아밸류업액티브,2,005930,삼성전자,"1,002",15.86,OK
495230,KoAct 코리아밸류업액티브,3,105560,KB금융,418,4.84,OK
495230,KoAct 코리아밸류업액티브,4,034730,SK,114,4.13,OK
495230,KoAct 코리아밸류업액티브,5,402340,SK스퀘어,53,3.83,OK
495230,KoAct 코리아밸류업액티브,6,005380,현대차,138,3.81,OK
495230,KoAct 코리아밸류업액티브,7,012330,현대모비스,119,3.61,OK
495230,KoAct 코리아밸류업액티브,8,055550,신한지주,457,3.09,OK
495230,KoAct 코리아밸류업액티브,9,012450,한화에어로스페이스,43,2.50,OK
495230,KoAct 코리아밸류업액티브,10,086790,하나금융지주,300,2.47,OK
363570,KODEX 장기종합채권(AA-이상)액티브,,,,,,EMPTY_NO_TABLE
471780,TIGER 코리아테크액티브,1,005930,삼성전자,374,26.01,OK
471780,TIGER 코리아테크액티브,2,000660,SK하이닉스,42,21.17,OK
471780,TIGER 코리아테크액티브,3,009150,삼성전기,29,10.21,OK
471780,TIGER 코리아테크액티브,4,319660,피에스케이,88,4.44,OK
471780,TIGER 코리아테크액티브,5,095610,테스,79,4.02,OK
471780,TIGER 코리아테크액티브,6,353200,대덕전자,120,3.73,OK
471780,TIGER 코리아테크액티브,7,089970,브이엠,132,3.48,OK
471780,TIGER 코리아테크액티브,8,222800,심텍,115,3.40,OK
471780,TIGER 코리아테크액티브,9,131290,티에스이,45,3.08,OK
471780,TIGER 코리아테크액티브,10,031980,피에스케이홀딩스,80,3.06,OK
385510,KODEX 신재생에너지액티브,1,475150,SK이터닉스,"2,585",7.16,OK
385510,KODEX 신재생에너지액티브,2,006400,삼성SDI,258,6.54,OK
385510,KODEX 신재생에너지액티브,3,010060,OCI홀딩스,551,6.50,OK
385510,KODEX 신재생에너지액티브,4,322000,HD현대에너지솔루션,910,6.30,OK
385510,KODEX 신재생에너지액티브,5,009830,한화솔루션,"3,067",5.66,OK
385510,KODEX 신재생에너지액티브,6,178320,서진시스템,"2,162",4.89,OK
385510,KODEX 신재생에너지액티브,7,112610,씨에스윈드,"2,034",4.85,OK
385510,KODEX 신재생에너지액티브,8,100090,SK오션플랜트,"5,027",3.88,OK
385510,KODEX 신재생에너지액티브,9,126340,비나텍,898,3.57,OK
385510,KODEX 신재생에너지액티브,10,010120,LS ELECTRIC,332,3.53,OK
388420,RISE 비메모리반도체액티브,1,005930,삼성전자,583,24.72,OK
388420,RISE 비메모리반도체액티브,2,000660,SK하이닉스,56,17.21,OK
388420,RISE 비메모리반도체액티브,3,222800,심텍,381,6.86,OK
388420,RISE 비메모리반도체액티브,4,089970,브이엠,415,6.67,OK
388420,RISE 비메모리반도체액티브,5,319660,피에스케이,189,5.81,OK
388420,RISE 비메모리반도체액티브,6,009150,삼성전기,23,4.94,OK
388420,RISE 비메모리반도체액티브,7,074600,원익QnC,855,4.31,OK
388420,RISE 비메모리반도체액티브,8,353200,대덕전자,225,4.27,OK
388420,RISE 비메모리반도체액티브,9,330860,네패스아크,637,4.09,OK
388420,RISE 비메모리반도체액티브,10,058470,리노공업,332,4.00,OK
0008S0,TIGER 미국배당다우존스타겟데일리커버드콜,,,,,,EMPTY_NO_TABLE
0092C0,SOL 27-12 회사채(AA-이상)액티브,,,,,,EMPTY_NO_TABLE
123320,TIGER 레버리지,1,005930,삼성전자,"13,021",21.92,OK
123320,TIGER 레버리지,2,000660,SK하이닉스,"1,547",18.88,OK
123320,TIGER 레버리지,3,102110,TIGER 200,"20,809",14.98,OK
123320,TIGER 레버리지,4,402340,SK스퀘어,257,1.98,OK
123320,TIGER 레버리지,5,009150,삼성전기,157,1.34,OK
123320,TIGER 레버리지,6,005380,현대차,380,1.12,OK
123320,TIGER 레버리지,7,105560,KB금융,850,1.05,OK
123320,TIGER 레버리지,8,055550,신한지주,"1,150",0.83,OK
123320,TIGER 레버리지,9,000270,기아,682,0.65,OK
123320,TIGER 레버리지,10,028260,삼성물산,270,0.65,OK
478150,TIME 글로벌우주테크&방산액티브,,,,,,EMPTY_NO_TABLE
486450,SOL 미국AI전력인프라,,,,,,EMPTY_NO_TABLE
0162Y0,TIME 코스닥액티브,1,064290,인텍플러스,750,8.26,OK
0162Y0,TIME 코스닥액티브,2,095610,테스,170,8.05,OK
0162Y0,TIME 코스닥액티브,3,036930,주성엔지니어링,102,4.73,OK
0162Y0,TIME 코스닥액티브,4,196170,알테오젠,49,3.94,OK
0162Y0,TIME 코스닥액티브,5,319660,피에스케이,79,3.70,OK
0162Y0,TIME 코스닥액티브,6,214450,파마리서치,35,2.94,OK
0162Y0,TIME 코스닥액티브,7,222800,심텍,99,2.72,OK
0162Y0,TIME 코스닥액티브,8,031980,피에스케이홀딩스,70,2.49,OK
0162Y0,TIME 코스닥액티브,9,420770,기가비스,60,2.47,OK
0162Y0,TIME 코스닥액티브,10,290650,엘앤씨바이오,139,2.45,OK
409820,KODEX 미국나스닥100레버리지(합성 H),,,,,,EMPTY_NO_TABLE
493810,TIGER 미국AI빅테크10타겟데일리커버드콜,,,,,,EMPTY_NO_TABLE
139230,TIGER 200 중공업,1,034020,두산에너빌리티,627,17.59,OK
139230,TIGER 200 중공업,2,267260,HD현대일렉트릭,38,11.48,OK
139230,TIGER 200 중공업,3,329180,HD현대중공업,55,10.28,OK
139230,TIGER 200 중공업,4,009540,HD한국조선해양,78,10.21,OK
139230,TIGER 200 중공업,5,010140,삼성중공업,"1,108",9.36,OK
139230,TIGER 200 중공업,6,298040,효성중공업,8,8.17,OK
139230,TIGER 200 중공업,7,064350,현대로템,123,8.01,OK
139230,TIGER 200 중공업,8,042660,한화오션,221,6.67,OK
139230,TIGER 200 중공업,9,000150,두산,12,5.69,OK
139230,TIGER 200 중공업,10,267270,HD건설기계,47,2.29,OK
302190,TIGER 중장기국채,,,,,,EMPTY_NO_TABLE
0182R0,1Q K반도체TOP2+,1,005930,삼성전자,607,29.11,OK
0182R0,1Q K반도체TOP2+,2,000660,SK하이닉스,77,26.77,OK
0182R0,1Q K반도체TOP2+,3,402340,SK스퀘어,87,19.03,OK
0182R0,1Q K반도체TOP2+,4,009150,삼성전기,67,16.27,OK
0182R0,1Q K반도체TOP2+,5,011070,LG이노텍,17,2.12,OK
0182R0,1Q K반도체TOP2+,6,042700,한미반도체,51,1.97,OK
0182R0,1Q K반도체TOP2+,7,036930,주성엔지니어링,38,1.31,OK
0182R0,1Q K반도체TOP2+,8,007660,이수페타시스,66,1.24,OK
0182R0,1Q K반도체TOP2+,9,240810,원익IPS,40,0.94,OK
0182R0,1Q K반도체TOP2+,10,000990,DB하이텍,38,0.79,OK
364970,TIGER 바이오TOP10,1,068270,셀트리온,529,28.18,OK
364970,TIGER 바이오TOP10,2,207940,삼성바이오로직스,64,27.26,OK
364970,TIGER 바이오TOP10,3,196170,알테오젠,279,26.86,OK
364970,TIGER 바이오TOP10,4,000100,유한양행,173,3.58,OK
364970,TIGER 바이오TOP10,5,298380,에이비엘바이오,120,2.89,OK
364970,TIGER 바이오TOP10,6,028300,HLB,340,2.65,OK
364970,TIGER 바이오TOP10,7,141080,리가켐바이오,74,2.55,OK
364970,TIGER 바이오TOP10,8,087010,펩트론,62,2.04,OK
364970,TIGER 바이오TOP10,9,326030,SK바이오팜,80,1.93,OK
364970,TIGER 바이오TOP10,10,0126Z0,삼성에피스홀딩스,16,1.84,OK
488980,SOL 26-12 회사채(AA-이상)액티브,,,,,,EMPTY_NO_TABLE
497880,SOL CD금리&머니마켓액티브,,,,,,EMPTY_NO_TABLE
363580,KODEX 200IT TR,1,402340,SK스퀘어,"1,082",22.92,OK
363580,KODEX 200IT TR,2,000660,SK하이닉스,665,22.38,OK
363580,KODEX 200IT TR,3,005930,삼성전자,"3,781",17.56,OK
363580,KODEX 200IT TR,4,009150,삼성전기,657,15.45,OK
363580,KODEX 200IT TR,5,006400,삼성SDI,718,5.76,OK
363580,KODEX 200IT TR,6,066570,LG전자,"1,277",4.32,OK
363580,KODEX 200IT TR,7,011070,LG이노텍,169,2.04,OK
363580,KODEX 200IT TR,8,003550,LG,"1,060",1.92,OK
363580,KODEX 200IT TR,9,042700,한미반도체,498,1.87,OK
363580,KODEX 200IT TR,10,018260,삼성에스디에스,450,1.56,OK
228790,TIGER 화장품,1,278470,에이피알,32,10.77,OK
228790,TIGER 화장품,2,257720,실리콘투,312,10.60,OK
228790,TIGER 화장품,3,192820,코스맥스,63,10.29,OK
228790,TIGER 화장품,4,161890,한국콜마,100,10.26,OK
228790,TIGER 화장품,5,214450,파마리서치,34,9.96,OK
228790,TIGER 화장품,6,051900,LG생활건강,42,9.25,OK
228790,TIGER 화장품,7,483650,달바글로벌,52,9.19,OK
228790,TIGER 화장품,8,090430,아모레퍼시픽,85,9.16,OK
228790,TIGER 화장품,9,241710,코스메카코리아,92,7.23,OK
228790,TIGER 화장품,10,018290,브이티,295,3.14,OK
213610,KODEX 삼성그룹밸류,1,005930,삼성전자,"2,013",23.51,OK
213610,KODEX 삼성그룹밸류,2,028260,삼성물산,492,8.15,OK
213610,KODEX 삼성그룹밸류,3,032830,삼성생명,514,7.69,OK
213610,KODEX 삼성그룹밸류,4,028050,삼성E&A,"3,781",7.13,OK
213610,KODEX 삼성그룹밸류,5,016360,삼성증권,"1,164",5.81,OK
213610,KODEX 삼성그룹밸류,6,207940,삼성바이오로직스,87,5.59,OK
213610,KODEX 삼성그룹밸류,7,009150,삼성전기,94,5.56,OK
213610,KODEX 삼성그룹밸류,8,000810,삼성화재,175,5.13,OK
213610,KODEX 삼성그룹밸류,9,006400,삼성SDI,251,5.07,OK
213610,KODEX 삼성그룹밸류,10,012750,에스원,"1,424",4.68,OK
463050,TIME K바이오액티브,1,068270,셀트리온,495,13.73,OK
463050,TIME K바이오액티브,2,196170,알테오젠,219,10.98,OK
463050,TIME K바이오액티브,3,207940,삼성바이오로직스,40,8.87,OK
463050,TIME K바이오액티브,4,128940,한미약품,120,7.25,OK
463050,TIME K바이오액티브,5,226950,올릭스,348,7.03,OK
463050,TIME K바이오액티브,6,141080,리가켐바이오,299,5.37,OK
463050,TIME K바이오액티브,7,237690,에스티팜,250,4.99,OK
463050,TIME K바이오액티브,8,347850,디앤디파마텍,296,3.61,OK
463050,TIME K바이오액티브,9,298380,에이비엘바이오,250,3.13,OK
463050,TIME K바이오액티브,10,068760,셀트리온제약,399,2.54,OK
0047A0,TIGER 차이나테크TOP10,,,,,,EMPTY_NO_TABLE
0151S0,KODEX 미국AI반도체TOP3플러스,,,,,,EMPTY_NO_TABLE
305080,TIGER 미국채10년선물,,,,,,EMPTY_NO_TABLE
458260,TIGER 미국투자등급회사채액티브(H),,,,,,EMPTY_NO_TABLE
261260,KODEX 미국달러선물인버스2X,1,261270,KODEX 미국달러선물인버스,812,13.33,OK
261260,KODEX 미국달러선물인버스2X,2,760004,키움 인버스 미국달러선물 ETN,365,7.19,OK
261260,KODEX 미국달러선물인버스2X,3,230480,KIWOOM 미국달러선물인버스2X,117,1.01,OK
261260,KODEX 미국달러선물인버스2X,4,139660,KIWOOM 미국달러선물인버스,58,0.98,OK
261260,KODEX 미국달러선물인버스2X,5,469530,RISE 미국달러선물인버스,42,0.80,OK
329650,KODEX TRF3070,1,251350,KODEX MSCI선진국,"1,836",-,OK
329650,KODEX TRF3070,2,471230,KODEX 국고채10년액티브,242,-,OK
329650,KODEX TRF3070,3,457700,KODEX 53-09 국고채액티브,606,-,OK
329650,KODEX TRF3070,4,457690,KODEX 33-06 국고채액티브,303,-,OK
495060,TIME 코리아밸류업액티브,1,000660,SK하이닉스,182,22.02,OK
495060,TIME 코리아밸류업액티브,2,005930,삼성전자,"1,079",18.00,OK
495060,TIME 코리아밸류업액티브,3,402340,SK스퀘어,143,10.89,OK
495060,TIME 코리아밸류업액티브,4,105560,KB금융,390,4.76,OK
495060,TIME 코리아밸류업액티브,5,055550,신한지주,511,3.64,OK
495060,TIME 코리아밸류업액티브,6,071050,한국금융지주,213,3.31,OK
495060,TIME 코리아밸류업액티브,7,086790,하나금융지주,345,3.00,OK
495060,TIME 코리아밸류업액티브,8,012450,한화에어로스페이스,47,2.88,OK
495060,TIME 코리아밸류업액티브,9,095610,테스,221,2.70,OK
495060,TIME 코리아밸류업액티브,10,034730,SK,64,2.45,OK
0089D0,KODEX 금융고배당TOP10,1,105560,KB금융,"1,787",23.90,OK
0089D0,KODEX 금융고배당TOP10,2,086790,하나금융지주,"1,669",15.89,OK
0089D0,KODEX 금융고배당TOP10,3,316140,우리금융지주,"5,703",12.78,OK
0089D0,KODEX 금융고배당TOP10,4,024110,기업은행,"6,844",10.40,OK
0089D0,KODEX 금융고배당TOP10,5,000810,삼성화재,225,10.33,OK
0089D0,KODEX 금융고배당TOP10,6,005830,DB손해보험,555,6.34,OK
0089D0,KODEX 금융고배당TOP10,7,071050,한국금융지주,370,6.30,OK
0089D0,KODEX 금융고배당TOP10,8,005940,NH투자증권,"2,737",6.12,OK
0089D0,KODEX 금융고배당TOP10,9,016360,삼성증권,535,4.18,OK
0089D0,KODEX 금융고배당TOP10,10,039490,키움증권,150,3.48,OK
437080,KODEX 미국종합채권ESG액티브(H),,,,,,EMPTY_NO_TABLE
498270,KIWOOM 미국양자컴퓨팅,,,,,,EMPTY_NO_TABLE
442320,RISE 글로벌원자력,1,034020,두산에너빌리티,508,-,OK
442320,RISE 글로벌원자력,2,267260,HD현대일렉트릭,26,-,OK
442320,RISE 글로벌원자력,3,298040,효성중공업,6,-,OK
442320,RISE 글로벌원자력,4,000720,현대건설,83,-,OK
442320,RISE 글로벌원자력,5,032820,우리기술,491,-,OK
442320,RISE 글로벌원자력,6,062040,산일전기,30,-,OK
442320,RISE 글로벌원자력,7,051600,한전KPS,73,-,OK
442320,RISE 글로벌원자력,8,052690,한전기술,32,-,OK
442320,RISE 글로벌원자력,9,083650,비에이치아이,60,-,OK
442320,RISE 글로벌원자력,10,457550,우진엔텍,153,-,OK
0183V0,KIWOOM 삼성전자&SK하이닉스채권혼합50,1,005930,삼성전자,"1,114",-,OK
0183V0,KIWOOM 삼성전자&SK하이닉스채권혼합50,2,000660,SK하이닉스,146,-,OK
0182S0,1Q K반도체TOP2채권혼합50,1,005930,삼성전자,594,-,OK
0182S0,1Q K반도체TOP2채권혼합50,2,000660,SK하이닉스,73,-,OK
0182S0,1Q K반도체TOP2채권혼합50,3,479080,1Q 머니마켓액티브,"1,209",-,OK
0182S0,1Q K반도체TOP2채권혼합50,4,0131W0,1Q 단기특수은행채액티브,179,-,OK
0104N0,TIGER 200타겟위클리커버드콜,1,005930,삼성전자,"2,665",32.02,OK
0104N0,TIGER 200타겟위클리커버드콜,2,000660,SK하이닉스,316,27.52,OK
0104N0,TIGER 200타겟위클리커버드콜,3,402340,SK스퀘어,52,2.85,OK
0104N0,TIGER 200타겟위클리커버드콜,4,102110,TIGER 200,423,2.17,OK
0104N0,TIGER 200타겟위클리커버드콜,5,009150,삼성전기,32,1.95,OK
0104N0,TIGER 200타겟위클리커버드콜,6,005380,현대차,77,1.61,OK
0104N0,TIGER 200타겟위클리커버드콜,7,105560,KB금융,174,1.53,OK
0104N0,TIGER 200타겟위클리커버드콜,8,055550,신한지주,236,1.21,OK
0104N0,TIGER 200타겟위클리커버드콜,9,000270,기아,140,0.95,OK
0104N0,TIGER 200타겟위클리커버드콜,10,028260,삼성물산,55,0.94,OK
448540,ACE 엔비디아채권혼합,,,,,,EMPTY_NO_TABLE
472160,TIGER 미국테크TOP10 INDXX(H),,,,,,EMPTY_NO_TABLE
490090,TIGER 미국AI빅테크10,,,,,,EMPTY_NO_TABLE
266160,RISE 고배당,1,000660,SK하이닉스,240,26.30,OK
266160,RISE 고배당,2,005930,삼성전자,"1,616",24.43,OK
266160,RISE 고배당,3,000270,기아,833,7.10,OK
266160,RISE 고배당,4,105560,KB금융,429,4.74,OK
266160,RISE 고배당,5,055550,신한지주,553,3.57,OK
266160,RISE 고배당,6,005380,현대차,122,3.22,OK
266160,RISE 고배당,7,086790,하나금융지주,397,3.13,OK
266160,RISE 고배당,8,316140,우리금융지주,"1,348",2.50,OK
266160,RISE 고배당,9,000810,삼성화재,59,2.24,OK
266160,RISE 고배당,10,024110,기업은행,"1,688",2.12,OK
394670,TIGER 글로벌리튬&2차전지SOLACTIVE(합성),,,,,,EMPTY_NO_TABLE
302450,RISE 코스피,1,005930,삼성전자,"3,829",27.62,OK
302450,RISE 코스피,2,000660,SK하이닉스,467,24.42,OK
302450,RISE 코스피,3,402340,SK스퀘어,86,2.83,OK
302450,RISE 코스피,4,009150,삼성전기,49,1.79,OK
302450,RISE 코스피,5,005380,현대차,134,1.69,OK
302450,RISE 코스피,6,373220,LG에너지솔루션,153,1.42,OK
302450,RISE 코스피,7,105560,KB금융,232,1.22,OK
302450,RISE 코스피,8,032830,삼성생명,131,1.21,OK
302450,RISE 코스피,9,207940,삼성바이오로직스,30,1.19,OK
302450,RISE 코스피,10,028260,삼성물산,106,1.08,OK
476450,KIWOOM 머니마켓액티브,1,496020,WON 전단채플러스액티브,100,-,OK
476450,KIWOOM 머니마켓액티브,2,464240,KIWOOM 26-09회사채(AA-이상)액티브,25,-,OK
452360,SOL 미국배당다우존스(H),,,,,,EMPTY_NO_TABLE
0197X0,SOL SK하이닉스선물단일종목인버스2X,,,,,,EMPTY_NO_TABLE
267770,TIGER 200선물레버리지,1,102110,TIGER 200,"18,068",16.93,OK
267770,TIGER 200선물레버리지,2,123320,TIGER 레버리지,"5,318",5.50,OK
267770,TIGER 200선물레버리지,3,252400,RISE 200선물레버리지,"4,545",4.41,OK
332930,HANARO 200TR,1,005930,삼성전자,"9,123",32.63,OK
332930,HANARO 200TR,2,000660,SK하이닉스,"1,084",28.11,OK
332930,HANARO 200TR,3,402340,SK스퀘어,180,2.94,OK
332930,HANARO 200TR,4,009150,삼성전기,109,1.97,OK
332930,HANARO 200TR,5,005380,현대차,267,1.67,OK
332930,HANARO 200TR,6,105560,KB금융,596,1.56,OK
332930,HANARO 200TR,7,055550,신한지주,806,1.23,OK
332930,HANARO 200TR,8,000270,기아,478,0.96,OK
332930,HANARO 200TR,9,028260,삼성물산,189,0.96,OK
332930,HANARO 200TR,10,086790,하나금융지주,488,0.91,OK
480040,ACE 미국반도체데일리타겟커버드콜(합성),,,,,,EMPTY_NO_TABLE
433500,ACE 원자력TOP10,1,034020,두산에너빌리티,"17,211",25.20,OK
433500,ACE 원자력TOP10,2,000720,현대건설,"10,179",20.66,OK
433500,ACE 원자력TOP10,3,000150,두산,466,11.54,OK
433500,ACE 원자력TOP10,4,047040,대우건설,"32,224",10.32,OK
433500,ACE 원자력TOP10,5,052690,한전기술,"4,027",7.86,OK
433500,ACE 원자력TOP10,6,083650,비에이치아이,"8,080",7.49,OK
433500,ACE 원자력TOP10,7,032820,우리기술,"32,540",6.96,OK
433500,ACE 원자력TOP10,8,051600,한전KPS,"5,102",4.49,OK
433500,ACE 원자력TOP10,9,028260,삼성물산,317,2.29,OK
433500,ACE 원자력TOP10,10,015760,한국전력,"3,340",2.29,OK
0204D0,KODEX 현대차로보틱스밸류체인TOP3플러스,1,012330,현대모비스,192,-,OK
0204D0,KODEX 현대차로보틱스밸류체인TOP3플러스,2,000270,기아,645,-,OK
0204D0,KODEX 현대차로보틱스밸류체인TOP3플러스,3,005380,현대차,179,-,OK
0204D0,KODEX 현대차로보틱스밸류체인TOP3플러스,4,086280,현대글로비스,138,-,OK
0204D0,KODEX 현대차로보틱스밸류체인TOP3플러스,5,307950,현대오토에버,29,-,OK
0204D0,KODEX 현대차로보틱스밸류체인TOP3플러스,6,011210,현대위아,187,-,OK
0204D0,KODEX 현대차로보틱스밸류체인TOP3플러스,7,011070,LG이노텍,8,-,OK
0204D0,KODEX 현대차로보틱스밸류체인TOP3플러스,8,204320,HL만도,97,-,OK
495550,SOL 코리아밸류업TR,1,000660,SK하이닉스,185,20.40,OK
495550,SOL 코리아밸류업TR,2,005930,삼성전자,"1,052",16.00,OK
495550,SOL 코리아밸류업TR,3,402340,SK스퀘어,126,8.74,OK
495550,SOL 코리아밸류업TR,4,005380,현대차,188,4.99,OK
495550,SOL 코리아밸류업TR,5,105560,KB금융,418,4.65,OK
495550,SOL 코리아밸류업TR,6,055550,신한지주,567,3.68,OK
495550,SOL 코리아밸류업TR,7,000270,기아,336,2.88,OK
495550,SOL 코리아밸류업TR,8,086790,하나금융지주,343,2.72,OK
495550,SOL 코리아밸류업TR,9,012450,한화에어로스페이스,45,2.52,OK
495550,SOL 코리아밸류업TR,10,012330,현대모비스,86,2.51,OK
122090,PLUS 코스피50,1,000660,SK하이닉스,469,34.98,OK
122090,PLUS 코스피50,2,005930,삼성전자,"2,860",29.43,OK
122090,PLUS 코스피50,3,402340,SK스퀘어,78,3.66,OK
122090,PLUS 코스피50,4,009150,삼성전기,47,2.45,OK
122090,PLUS 코스피50,5,005380,현대차,116,2.08,OK
122090,PLUS 코스피50,6,105560,KB금융,258,1.94,OK
122090,PLUS 코스피50,7,055550,신한지주,349,1.53,OK
122090,PLUS 코스피50,8,000270,기아,207,1.20,OK
122090,PLUS 코스피50,9,028260,삼성물산,82,1.20,OK
122090,PLUS 코스피50,10,086790,하나금융지주,211,1.13,OK
244580,KODEX 바이오,1,214450,파마리서치,54,2.74,OK
244580,KODEX 바이오,2,458870,씨어스,532,2.69,OK
244580,KODEX 바이오,3,008930,한미사이언스,522,2.65,OK
244580,KODEX 바이오,4,207940,삼성바이오로직스,12,2.58,OK
244580,KODEX 바이오,5,068270,셀트리온,94,2.53,OK
244580,KODEX 바이오,6,009420,한올바이오파마,294,2.49,OK
244580,KODEX 바이오,7,226950,올릭스,125,2.45,OK
244580,KODEX 바이오,8,237690,에스티팜,126,2.43,OK
244580,KODEX 바이오,9,086450,동국제약,821,2.42,OK
244580,KODEX 바이오,10,214150,클래시스,332,2.42,OK
0069M0,1Q 미국나스닥100,,,,,,EMPTY_NO_TABLE
473460,KODEX 미국서학개미,,,,,,EMPTY_NO_TABLE
491610,1Q CD금리액티브(합성),,,,,,EMPTY_NO_TABLE
0119H0,KODEX 28-12 회사채(AA-이상)액티브,,,,,,EMPTY_NO_TABLE
0094M0,RISE 코리아밸류업위클리고정커버드콜,1,000660,SK하이닉스,97,19.23,OK
0094M0,RISE 코리아밸류업위클리고정커버드콜,2,005930,삼성전자,552,15.10,OK
0094M0,RISE 코리아밸류업위클리고정커버드콜,3,402340,SK스퀘어,66,8.24,OK
0094M0,RISE 코리아밸류업위클리고정커버드콜,4,005380,현대차,99,4.72,OK
0094M0,RISE 코리아밸류업위클리고정커버드콜,5,105560,KB금융,220,4.40,OK
0094M0,RISE 코리아밸류업위클리고정커버드콜,6,055550,신한지주,298,3.48,OK
0094M0,RISE 코리아밸류업위클리고정커버드콜,7,000270,기아,176,2.71,OK
0094M0,RISE 코리아밸류업위클리고정커버드콜,8,086790,하나금융지주,180,2.57,OK
0094M0,RISE 코리아밸류업위클리고정커버드콜,9,012450,한화에어로스페이스,24,2.41,OK
0094M0,RISE 코리아밸류업위클리고정커버드콜,10,012330,현대모비스,45,2.36,OK
422420,RISE 2차전지액티브,1,006400,삼성SDI,43,15.03,OK
422420,RISE 2차전지액티브,2,373220,LG에너지솔루션,39,10.18,OK
422420,RISE 2차전지액티브,3,066970,엘앤에프,125,10.06,OK
422420,RISE 2차전지액티브,4,003670,포스코퓨처엠,81,9.70,OK
422420,RISE 2차전지액티브,5,247540,에코프로비엠,76,7.23,OK
422420,RISE 2차전지액티브,6,078600,대주전자재료,107,6.88,OK
422420,RISE 2차전지액티브,7,086520,에코프로,99,6.57,OK
422420,RISE 2차전지액티브,8,006260,LS,27,6.51,OK
422420,RISE 2차전지액티브,9,020150,롯데에너지머티리얼즈,200,5.38,OK
422420,RISE 2차전지액티브,10,011790,SKC,66,4.61,OK
117700,KODEX 건설,1,028050,삼성E&A,"3,225",22.33,OK
117700,KODEX 건설,2,000720,현대건설,"1,161",19.85,OK
117700,KODEX 건설,3,047040,대우건설,"4,776",12.88,OK
117700,KODEX 건설,4,006360,GS건설,"1,554",7.71,OK
117700,KODEX 건설,5,052690,한전기술,453,7.45,OK
117700,KODEX 건설,6,375500,DL이앤씨,712,7.23,OK
117700,KODEX 건설,7,319400,현대무벡스,"1,348",4.85,OK
117700,KODEX 건설,8,294870,IPARK현대산업개발,830,2.50,OK
117700,KODEX 건설,9,012630,HDC,622,2.11,OK
117700,KODEX 건설,10,014620,성광벤드,399,1.78,OK
0091C0,KODEX 미국10년국채액티브(H),,,,,,EMPTY_NO_TABLE
0005A0,KODEX 미국S&P500데일리커버드콜OTM,,,,,,EMPTY_NO_TABLE
0098F0,KODEX 원자력SMR,1,000720,현대건설,"1,378",19.76,OK
0098F0,KODEX 원자력SMR,2,034020,두산에너빌리티,"1,909",19.75,OK
0098F0,KODEX 원자력SMR,3,047040,대우건설,"4,135",9.35,OK
0098F0,KODEX 원자력SMR,4,375500,DL이앤씨,960,8.18,OK
0098F0,KODEX 원자력SMR,5,015760,한국전력,"1,649",7.98,OK
0098F0,KODEX 원자력SMR,6,028260,삼성물산,144,7.35,OK
0098F0,KODEX 원자력SMR,7,052690,한전기술,508,7.01,OK
0098F0,KODEX 원자력SMR,8,032820,우리기술,"4,210",6.36,OK
0098F0,KODEX 원자력SMR,9,051600,한전KPS,748,4.66,OK
0098F0,KODEX 원자력SMR,10,083650,비에이치아이,694,4.55,OK
463290,1Q 단기금융채액티브,,,,,,EMPTY_NO_TABLE
494220,UNICORN SK하이닉스밸류체인액티브,1,000660,SK하이닉스,275,20.61,OK
494220,UNICORN SK하이닉스밸류체인액티브,2,402340,SK스퀘어,409,19.28,OK
494220,UNICORN SK하이닉스밸류체인액티브,3,319660,피에스케이,775,5.81,OK
494220,UNICORN SK하이닉스밸류체인액티브,4,089970,브이엠,"1,419",5.56,OK
494220,UNICORN SK하이닉스밸류체인액티브,5,031980,피에스케이홀딩스,879,5.00,OK
494220,UNICORN SK하이닉스밸류체인액티브,6,011070,LG이노텍,151,4.05,OK
494220,UNICORN SK하이닉스밸류체인액티브,7,009150,삼성전기,71,3.72,OK
494220,UNICORN SK하이닉스밸류체인액티브,8,252990,샘씨엔에스,"7,076",3.57,OK
494220,UNICORN SK하이닉스밸류체인액티브,9,064760,티씨케이,379,3.53,OK
494220,UNICORN SK하이닉스밸류체인액티브,10,084370,유진테크,563,3.50,OK
429000,TIGER 미국S&P500배당귀족,,,,,,EMPTY_NO_TABLE
251340,KODEX 코스닥150선물인버스,,,,,,EMPTY_NO_TABLE
472870,RISE 미국30년국채엔화노출(합성 H),,,,,,EMPTY_NO_TABLE
200250,KIWOOM 인도Nifty50(합성),,,,,,EMPTY_NO_TABLE
0093A0,RISE AI반도체TOP10,1,005930,삼성전자,890,13.92,OK
0093A0,RISE AI반도체TOP10,2,000660,SK하이닉스,113,12.82,OK
0093A0,RISE AI반도체TOP10,3,240810,원익IPS,"1,572",12.06,OK
0093A0,RISE AI반도체TOP10,4,095340,ISC,"1,163",10.97,OK
0093A0,RISE AI반도체TOP10,5,080220,제주반도체,"2,123",10.09,OK
0093A0,RISE AI반도체TOP10,6,440110,파두,"2,297",9.97,OK
0093A0,RISE AI반도체TOP10,7,042700,한미반도체,765,9.66,OK
0093A0,RISE AI반도체TOP10,8,402340,SK스퀘어,124,8.85,OK
0093A0,RISE AI반도체TOP10,9,031980,피에스케이홀딩스,974,8.39,OK
0093A0,RISE AI반도체TOP10,10,232140,와이씨,"5,279",3.27,OK
0082V0,KODEX TDF2060액티브 적격,1,439860,KODEX ESG종합채권(A-이상)액티브,529,-,OK
0082V0,KODEX TDF2060액티브 적격,2,273130,KODEX 종합채권(AA-이상)액티브,187,-,OK
0082V0,KODEX TDF2060액티브 적격,3,488770,KODEX 머니마켓액티브,190,-,OK
0082V0,KODEX TDF2060액티브 적격,4,0038A0,KODEX 미국휴머노이드로봇,908,-,OK
0082V0,KODEX TDF2060액티브 적격,5,485540,KODEX 미국AI테크TOP10,846,-,OK
0082V0,KODEX TDF2060액티브 적격,6,214980,KODEX 단기채권PLUS,112,-,OK
0082V0,KODEX TDF2060액티브 적격,7,390390,KODEX 미국반도체,203,-,OK
0082V0,KODEX TDF2060액티브 적격,8,114260,KODEX 국고채3년,197,-,OK
0082V0,KODEX TDF2060액티브 적격,9,487230,KODEX 미국AI전력핵심인프라,457,-,OK
0082V0,KODEX TDF2060액티브 적격,10,091160,KODEX 반도체,71,-,OK
433980,KODEX TDF2040액티브 적격,1,439860,KODEX ESG종합채권(A-이상)액티브,984,-,OK
433980,KODEX TDF2040액티브 적격,2,273130,KODEX 종합채권(AA-이상)액티브,557,-,OK
433980,KODEX TDF2040액티브 적격,3,488770,KODEX 머니마켓액티브,559,-,OK
433980,KODEX TDF2040액티브 적격,4,214980,KODEX 단기채권PLUS,276,-,OK
433980,KODEX TDF2040액티브 적격,5,114260,KODEX 국고채3년,342,-,OK
433980,KODEX TDF2040액티브 적격,6,0038A0,KODEX 미국휴머노이드로봇,555,-,OK
433980,KODEX TDF2040액티브 적격,7,485540,KODEX 미국AI테크TOP10,525,-,OK
433980,KODEX TDF2040액티브 적격,8,390390,KODEX 미국반도체,118,-,OK
433980,KODEX TDF2040액티브 적격,9,487230,KODEX 미국AI전력핵심인프라,290,-,OK
433980,KODEX TDF2040액티브 적격,10,445290,KODEX 로봇액티브,177,-,OK
0115D0,KODEX 조선TOP10,1,009540,HD한국조선해양,276,24.50,OK
0115D0,KODEX 조선TOP10,2,329180,HD현대중공업,163,20.65,OK
0115D0,KODEX 조선TOP10,3,010140,삼성중공업,"3,563",20.42,OK
0115D0,KODEX 조선TOP10,4,042660,한화오션,901,18.45,OK
0115D0,KODEX 조선TOP10,5,082740,한화엔진,465,5.58,OK
0115D0,KODEX 조선TOP10,6,071970,HD현대마린엔진,276,4.28,OK
0115D0,KODEX 조선TOP10,7,097230,HJ중공업,626,2.60,OK
0115D0,KODEX 조선TOP10,8,439260,대한조선,133,1.61,OK
0115D0,KODEX 조선TOP10,9,443060,HD현대마린솔루션,11,0.55,OK
0115D0,KODEX 조선TOP10,10,017960,한국카본,82,0.52,OK
160580,TIGER 구리실물,,,,,,EMPTY_NO_TABLE
337160,KODEX 200ESG,1,005930,삼성전자,"5,478",29.17,OK
337160,KODEX 200ESG,2,000660,SK하이닉스,680,26.25,OK
337160,KODEX 200ESG,3,402340,SK스퀘어,180,4.37,OK
337160,KODEX 200ESG,4,009150,삼성전기,109,2.94,OK
337160,KODEX 200ESG,5,005380,현대차,267,2.48,OK
337160,KODEX 200ESG,6,105560,KB금융,596,2.32,OK
337160,KODEX 200ESG,7,055550,신한지주,807,1.83,OK
337160,KODEX 200ESG,8,000270,기아,479,1.44,OK
337160,KODEX 200ESG,9,028260,삼성물산,189,1.43,OK
337160,KODEX 200ESG,10,086790,하나금융지주,488,1.35,OK
458210,KIWOOM CD금리액티브(합성),,,,,,EMPTY_NO_TABLE
0190G0,KODEX 반도체타겟위클리커버드콜,1,000660,SK하이닉스,197,39.22,OK
0190G0,KODEX 반도체타겟위클리커버드콜,2,005930,삼성전자,808,22.19,OK
0190G0,KODEX 반도체타겟위클리커버드콜,3,042700,한미반도체,250,5.54,OK
0190G0,KODEX 반도체타겟위클리커버드콜,4,036930,주성엔지니어링,184,3.62,OK
0190G0,KODEX 반도체타겟위클리커버드콜,5,240810,원익IPS,193,2.60,OK
0190G0,KODEX 반도체타겟위클리커버드콜,6,058470,리노공업,295,2.30,OK
0190G0,KODEX 반도체타겟위클리커버드콜,7,319660,피에스케이,115,2.29,OK
0190G0,KODEX 반도체타겟위클리커버드콜,8,000990,DB하이텍,181,2.16,OK
0190G0,KODEX 반도체타겟위클리커버드콜,9,039030,이오테크닉스,50,1.94,OK
0190G0,KODEX 반도체타겟위클리커버드콜,10,222800,심텍,144,1.68,OK
0040X0,SOL 팔란티어미국채커버드콜혼합,,,,,,EMPTY_NO_TABLE
0180V0,ACE 미국우주테크액티브,,,,,,EMPTY_NO_TABLE
0051G0,SOL 미국원자력SMR,,,,,,EMPTY_NO_TABLE
0005G0,IBK K-AI반도체코어테크,1,000660,SK하이닉스,294,22.10,OK
0005G0,IBK K-AI반도체코어테크,2,005930,삼성전자,"2,068",21.45,OK
0005G0,IBK K-AI반도체코어테크,3,009150,삼성전기,343,18.02,OK
0005G0,IBK K-AI반도체코어테크,4,042700,한미반도체,"1,442",12.07,OK
0005G0,IBK K-AI반도체코어테크,5,007660,이수페타시스,"1,868",7.58,OK
0005G0,IBK K-AI반도체코어테크,6,058470,리노공업,"1,704",5.02,OK
0005G0,IBK K-AI반도체코어테크,7,222800,심텍,837,3.69,OK
0005G0,IBK K-AI반도체코어테크,8,095340,ISC,350,2.19,OK
0005G0,IBK K-AI반도체코어테크,9,489790,한화비전,"1,146",2.03,OK
0005G0,IBK K-AI반도체코어테크,10,031980,피에스케이홀딩스,245,1.40,OK
0151P0,RISE 코리아전략산업액티브,1,005930,삼성전자,920,30.25,OK
0151P0,RISE 코리아전략산업액티브,2,000660,SK하이닉스,82,19.55,OK
0151P0,RISE 코리아전략산업액티브,3,095610,테스,250,6.02,OK
0151P0,RISE 코리아전략산업액티브,4,089970,브이엠,435,5.42,OK
0151P0,RISE 코리아전략산업액티브,5,402340,SK스퀘어,27,4.05,OK
0151P0,RISE 코리아전략산업액티브,6,006260,LS,99,3.88,OK
0151P0,RISE 코리아전략산업액티브,7,009150,삼성전기,22,3.66,OK
0151P0,RISE 코리아전략산업액티브,8,010120,LS ELECTRIC,137,3.27,OK
0151P0,RISE 코리아전략산업액티브,9,298040,효성중공업,9,3.10,OK
0151P0,RISE 코리아전략산업액티브,10,012330,현대모비스,48,3.02,OK
403790,MIDAS 코스피액티브,1,005930,삼성전자,"4,674",27.50,OK
403790,MIDAS 코스피액티브,2,000660,SK하이닉스,525,22.40,OK
403790,MIDAS 코스피액티브,3,402340,SK스퀘어,73,1.96,OK
403790,MIDAS 코스피액티브,4,005385,현대차우,392,1.81,OK
403790,MIDAS 코스피액티브,5,105560,KB금융,374,1.61,OK
403790,MIDAS 코스피액티브,6,009150,삼성전기,54,1.61,OK
403790,MIDAS 코스피액티브,7,005380,현대차,141,1.45,OK
403790,MIDAS 코스피액티브,8,032830,삼성생명,177,1.33,OK
403790,MIDAS 코스피액티브,9,000270,기아,385,1.28,OK
403790,MIDAS 코스피액티브,10,373220,LG에너지솔루션,168,1.28,OK
0048K0,KODEX 차이나휴머노이드로봇,,,,,,EMPTY_NO_TABLE
483290,KODEX 미국배당다우존스타겟커버드콜,,,,,,EMPTY_NO_TABLE
0122W0,RISE 26-11 회사채(AA-이상)액티브,,,,,,EMPTY_NO_TABLE
421320,PLUS 우주항공,1,047810,한국항공우주,"1,415",15.23,OK
421320,PLUS 우주항공,2,079550,LIG디펜스앤에어로스페이스,243,13.21,OK
421320,PLUS 우주항공,3,012450,한화에어로스페이스,166,11.65,OK
421320,PLUS 우주항공,4,272210,한화시스템,"1,992",9.94,OK
421320,PLUS 우주항공,5,347700,스피어,"5,797",8.65,OK
421320,PLUS 우주항공,6,189300,인텔리안테크,"1,714",8.54,OK
421320,PLUS 우주항공,7,099320,쎄트렉아이,"1,316",7.70,OK
421320,PLUS 우주항공,8,295310,에이치브이엠,"2,252",7.61,OK
421320,PLUS 우주항공,9,368770,파이버프로,"5,775",5.41,OK
421320,PLUS 우주항공,10,462350,이노스페이스,"7,120",3.42,OK
0181B0,HANARO 미국AI메모리반도체TOP4+,,,,,,EMPTY_NO_TABLE
480030,ACE 미국500데일리타겟커버드콜(합성),,,,,,EMPTY_NO_TABLE
0192Z0,TIGER 중기종합채권(A-이상)액티브,,,,,,EMPTY_NO_TABLE
237370,KODEX 코리아배당성장채권혼합,1,211900,KODEX 코리아배당성장,"17,441",-,OK
237370,KODEX 코리아배당성장채권혼합,2,114260,KODEX 국고채3년,"7,592",-,OK
237370,KODEX 코리아배당성장채권혼합,3,029780,삼성카드,461,-,OK
237370,KODEX 코리아배당성장채권혼합,4,005830,DB손해보험,130,-,OK
237370,KODEX 코리아배당성장채권혼합,5,175330,JB금융지주,660,-,OK
237370,KODEX 코리아배당성장채권혼합,6,138930,BNK금융지주,962,-,OK
237370,KODEX 코리아배당성장채권혼합,7,001800,오리온홀딩스,612,-,OK
237370,KODEX 코리아배당성장채권혼합,8,086790,하나금융지주,113,-,OK
237370,KODEX 코리아배당성장채권혼합,9,005940,NH투자증권,475,-,OK
237370,KODEX 코리아배당성장채권혼합,10,000270,기아,103,-,OK
332500,ACE 200TR,1,005930,삼성전자,"9,335",32.57,OK
332500,ACE 200TR,2,000660,SK하이닉스,"1,109",28.05,OK
332500,ACE 200TR,3,402340,SK스퀘어,184,2.93,OK
332500,ACE 200TR,4,009150,삼성전기,112,1.98,OK
332500,ACE 200TR,5,005380,현대차,273,1.66,OK
332500,ACE 200TR,6,105560,KB금융,609,1.55,OK
332500,ACE 200TR,7,055550,신한지주,824,1.23,OK
332500,ACE 200TR,8,000270,기아,489,0.96,OK
332500,ACE 200TR,9,028260,삼성물산,193,0.96,OK
332500,ACE 200TR,10,086790,하나금융지주,499,0.91,OK
0153K0,KODEX 주주환원고배당주,1,081660,미스토홀딩스,"2,420",8.86,OK
0153K0,KODEX 주주환원고배당주,2,105560,KB금융,558,8.42,OK
0153K0,KODEX 주주환원고배당주,3,086790,하나금융지주,774,8.32,OK
0153K0,KODEX 주주환원고배당주,4,055550,신한지주,890,7.84,OK
0153K0,KODEX 주주환원고배당주,5,316140,우리금융지주,"3,068",7.76,OK
0153K0,KODEX 주주환원고배당주,6,033780,KT&G,534,7.55,OK
0153K0,KODEX 주주환원고배당주,7,175330,JB금융지주,"2,976",6.76,OK
0153K0,KODEX 주주환원고배당주,8,030200,KT,"1,283",5.48,OK
0153K0,KODEX 주주환원고배당주,9,030000,제일기획,"2,893",4.40,OK
0153K0,KODEX 주주환원고배당주,10,138930,BNK금융지주,"2,900",4.27,OK
490600,RISE 미국배당100데일리고정커버드콜,,,,,,EMPTY_NO_TABLE
480020,ACE 미국빅테크7+데일리타겟커버드콜(합성),,,,,,EMPTY_NO_TABLE
0064K0,KODEX 금액티브,,,,,,EMPTY_NO_TABLE
451530,TIGER 국고채30년스트립액티브,,,,,,EMPTY_NO_TABLE
464240,KIWOOM 26-09회사채(AA-이상)액티브,,,,,,EMPTY_NO_TABLE
272560,RISE 단기국공채액티브,,,,,,EMPTY_NO_TABLE
271050,KODEX WTI원유선물인버스(H),,,,,,EMPTY_NO_TABLE
0127M0,ACE 미국대형가치주액티브,,,,,,EMPTY_NO_TABLE
245340,TIGER 미국다우존스30,,,,,,EMPTY_NO_TABLE
0176E0,RISE 미국AI전력인프라액티브,,,,,,EMPTY_NO_TABLE
0104H0,KoAct 미국나스닥채권혼합50액티브,1,0119H0,KODEX 28-12 회사채(AA-이상)액티브,"5,672",-,OK
0104H0,KoAct 미국나스닥채권혼합50액티브,2,0162M0,KODEX 금융채1~2년(AA-이상)PLUS액티브,"5,588",-,OK
0104H0,KoAct 미국나스닥채권혼합50액티브,3,0007F0,KODEX 27-12 회사채(AA-이상)액티브,"5,336",-,OK
0104H0,KoAct 미국나스닥채권혼합50액티브,4,610064,메리츠 KAP 통안채 6개월 ETN,840,-,OK
0104H0,KoAct 미국나스닥채권혼합50액티브,5,488770,KODEX 머니마켓액티브,319,-,OK
0104H0,KoAct 미국나스닥채권혼합50액티브,6,214980,KODEX 단기채권PLUS,134,-,OK
0104H0,KoAct 미국나스닥채권혼합50액티브,7,153130,KODEX 단기채권,126,-,OK
219480,KODEX 미국S&P500선물(H),,,,,,EMPTY_NO_TABLE
491820,HANARO 전력설비투자,1,298040,효성중공업,155,20.14,OK
491820,HANARO 전력설비투자,2,010120,LS ELECTRIC,"2,187",19.66,OK
491820,HANARO 전력설비투자,3,267260,HD현대일렉트릭,486,18.66,OK
491820,HANARO 전력설비투자,4,006260,LS,891,13.18,OK
491820,HANARO 전력설비투자,5,001440,대한전선,"6,008",8.29,OK
491820,HANARO 전력설비투자,6,062040,산일전기,696,5.76,OK
491820,HANARO 전력설비투자,7,103590,일진전기,"1,260",3.75,OK
491820,HANARO 전력설비투자,8,000500,가온전선,299,3.61,OK
491820,HANARO 전력설비투자,9,006340,대원전선,"2,901",1.53,OK
491820,HANARO 전력설비투자,10,229640,LS에코에너지,583,1.22,OK
494330,ACE 라이프자산주주가치액티브,1,005930,삼성전자,398,6.42,OK
494330,ACE 라이프자산주주가치액티브,2,071050,한국금융지주,355,5.33,OK
494330,ACE 라이프자산주주가치액티브,3,007340,DN오토모티브,"1,699",4.08,OK
494330,ACE 라이프자산주주가치액티브,4,138930,BNK금융지주,"3,422",3.94,OK
494330,ACE 라이프자산주주가치액티브,5,015760,한국전력,"1,801",3.91,OK
494330,ACE 라이프자산주주가치액티브,6,003690,코리안리,"3,583",3.16,OK
494330,ACE 라이프자산주주가치액티브,7,078930,GS,596,3.00,OK
494330,ACE 라이프자산주주가치액티브,8,316140,우리금융지주,"1,425",2.82,OK
494330,ACE 라이프자산주주가치액티브,9,086790,하나금융지주,258,2.17,OK
494330,ACE 라이프자산주주가치액티브,10,028670,팬오션,"6,385",2.12,OK
192090,TIGER 차이나CSI300,,,,,,EMPTY_NO_TABLE
152870,파워 200,1,005930,삼성전자,"7,025",32.65,OK
152870,파워 200,2,000660,SK하이닉스,835,28.14,OK
152870,파워 200,3,402340,SK스퀘어,139,2.95,OK
152870,파워 200,4,009150,삼성전기,84,1.98,OK
152870,파워 200,5,005380,현대차,206,1.67,OK
152870,파워 200,6,105560,KB금융,459,1.56,OK
152870,파워 200,7,055550,신한지주,621,1.23,OK
152870,파워 200,8,000270,기아,368,0.96,OK
152870,파워 200,9,028260,삼성물산,146,0.96,OK
152870,파워 200,10,086790,하나금융지주,376,0.91,OK
0099L0,ACE 우량회사채(AA-이상)액티브,,,,,,EMPTY_NO_TABLE
461950,KODEX 2차전지핵심소재10,1,005490,POSCO홀딩스,161,21.27,OK
461950,KODEX 2차전지핵심소재10,2,051910,LG화학,136,15.19,OK
461950,KODEX 2차전지핵심소재10,3,003670,포스코퓨처엠,229,14.80,OK
461950,KODEX 2차전지핵심소재10,4,247540,에코프로비엠,275,14.13,OK
461950,KODEX 2차전지핵심소재10,5,086520,에코프로,385,13.80,OK
461950,KODEX 2차전지핵심소재10,6,066970,엘앤에프,272,11.82,OK
461950,KODEX 2차전지핵심소재10,7,005070,코스모신소재,159,2.63,OK
461950,KODEX 2차전지핵심소재10,8,020150,롯데에너지머티리얼즈,154,2.24,OK
461950,KODEX 2차전지핵심소재10,9,121600,나노신소재,109,2.10,OK
461950,KODEX 2차전지핵심소재10,10,078600,대주전자재료,58,2.01,OK
136340,RISE 중기우량회사채,,,,,,EMPTY_NO_TABLE
233160,TIGER 코스닥150 레버리지,1,232080,TIGER 코스닥150,"7,364",23.46,OK
233160,TIGER 코스닥150 레버리지,2,196170,알테오젠,85,6.08,OK
233160,TIGER 코스닥150 레버리지,3,086520,에코프로,203,3.83,OK
233160,TIGER 코스닥150 레버리지,4,247540,에코프로비엠,112,3.03,OK
233160,TIGER 코스닥150 레버리지,5,036930,주성엔지니어링,64,2.66,OK
233160,TIGER 코스닥150 레버리지,6,240810,원익IPS,68,1.92,OK
233160,TIGER 코스닥150 레버리지,7,319660,피에스케이,41,1.72,OK
233160,TIGER 코스닥150 레버리지,8,058470,리노공업,103,1.69,OK
233160,TIGER 코스닥150 레버리지,9,298380,에이비엘바이오,86,1.54,OK
233160,TIGER 코스닥150 레버리지,10,277810,레인보우로보틱스,16,1.48,OK
304660,KODEX 미국30년국채울트라선물(H),,,,,,EMPTY_NO_TABLE
138520,TIGER 삼성그룹,1,005930,삼성전자,665,24.23,OK
138520,TIGER 삼성그룹,2,028260,삼성물산,404,20.88,OK
138520,TIGER 삼성그룹,3,006400,삼성SDI,156,9.83,OK
138520,TIGER 삼성그룹,4,032830,삼성생명,158,7.38,OK
138520,TIGER 삼성그룹,5,010140,삼성중공업,"1,990",6.28,OK
138520,TIGER 삼성그룹,6,009150,삼성전기,31,5.72,OK
138520,TIGER 삼성그룹,7,000810,삼성화재,55,5.03,OK
138520,TIGER 삼성그룹,8,028050,삼성E&A,750,4.41,OK
138520,TIGER 삼성그룹,9,018260,삼성에스디에스,153,4.17,OK
138520,TIGER 삼성그룹,10,207940,삼성바이오로직스,16,3.21,OK
412570,TIGER 2차전지TOP10레버리지,1,364980,TIGER 2차전지TOP10,"1,370",23.55,OK
412570,TIGER 2차전지TOP10레버리지,2,006400,삼성SDI,20,16.61,OK
412570,TIGER 2차전지TOP10레버리지,3,005490,POSCO홀딩스,27,15.87,OK
412570,TIGER 2차전지TOP10레버리지,4,373220,LG에너지솔루션,21,12.73,OK
412570,TIGER 2차전지TOP10레버리지,5,051910,LG화학,8,3.74,OK
412570,TIGER 2차전지TOP10레버리지,6,096770,SK이노베이션,13,2.64,OK
412570,TIGER 2차전지TOP10레버리지,7,086520,에코프로,14,2.17,OK
412570,TIGER 2차전지TOP10레버리지,8,247540,에코프로비엠,8,1.69,OK
412570,TIGER 2차전지TOP10레버리지,9,003670,포스코퓨처엠,5,1.41,OK
412570,TIGER 2차전지TOP10레버리지,10,066970,엘앤에프,4,0.76,OK
495330,1Q 코리아밸류업,1,000660,SK하이닉스,361,20.38,OK
495330,1Q 코리아밸류업,2,005930,삼성전자,"2,053",15.99,OK
495330,1Q 코리아밸류업,3,402340,SK스퀘어,247,8.78,OK
495330,1Q 코리아밸류업,4,005380,현대차,366,4.97,OK
495330,1Q 코리아밸류업,5,105560,KB금융,817,4.66,OK
495330,1Q 코리아밸류업,6,055550,신한지주,"1,106",3.68,OK
495330,1Q 코리아밸류업,7,000270,기아,656,2.88,OK
495330,1Q 코리아밸류업,8,086790,하나금융지주,669,2.71,OK
495330,1Q 코리아밸류업,9,012450,한화에어로스페이스,88,2.52,OK
495330,1Q 코리아밸류업,10,012330,현대모비스,167,2.49,OK
0041E0,KODEX 미국S&P500액티브,,,,,,EMPTY_NO_TABLE
0174B0,KoAct 글로벌AI메모리반도체액티브,1,000660,SK하이닉스,65,-,OK
0174B0,KoAct 글로벌AI메모리반도체액티브,2,005930,삼성전자,325,-,OK
0174B0,KoAct 글로벌AI메모리반도체액티브,3,095610,테스,209,-,OK
0174B0,KoAct 글로벌AI메모리반도체액티브,4,080220,제주반도체,236,-,OK
0174B0,KoAct 글로벌AI메모리반도체액티브,5,319660,피에스케이,84,-,OK
0174B0,KoAct 글로벌AI메모리반도체액티브,6,440110,파두,193,-,OK
0174B0,KoAct 글로벌AI메모리반도체액티브,7,222800,심텍,113,-,OK
0174B0,KoAct 글로벌AI메모리반도체액티브,8,089970,브이엠,120,-,OK
0174B0,KoAct 글로벌AI메모리반도체액티브,9,000150,두산,7,-,OK
0174B0,KoAct 글로벌AI메모리반도체액티브,10,036930,주성엔지니어링,35,-,OK
325010,KODEX 성장주,1,000660,SK하이닉스,604,26.14,OK
325010,KODEX 성장주,2,005930,삼성전자,"4,025",24.03,OK
325010,KODEX 성장주,3,402340,SK스퀘어,211,5.75,OK
325010,KODEX 성장주,4,009150,삼성전기,141,4.26,OK
325010,KODEX 성장주,5,012450,한화에어로스페이스,88,1.93,OK
325010,KODEX 성장주,6,034020,두산에너빌리티,996,1.71,OK
325010,KODEX 성장주,7,006400,삼성SDI,152,1.57,OK
325010,KODEX 성장주,8,068270,셀트리온,356,1.46,OK
325010,KODEX 성장주,9,267260,HD현대일렉트릭,57,1.05,OK
325010,KODEX 성장주,10,207940,삼성바이오로직스,30,0.99,OK
143860,TIGER 헬스케어,1,068270,셀트리온,928,22.88,OK
143860,TIGER 헬스케어,2,207940,삼성바이오로직스,62,12.22,OK
143860,TIGER 헬스케어,3,196170,알테오젠,248,11.05,OK
143860,TIGER 헬스케어,4,000100,유한양행,364,3.49,OK
143860,TIGER 헬스케어,5,298380,에이비엘바이오,252,2.81,OK
143860,TIGER 헬스케어,6,326030,SK바이오팜,238,2.66,OK
143860,TIGER 헬스케어,7,028300,HLB,714,2.58,OK
143860,TIGER 헬스케어,8,141080,리가켐바이오,158,2.52,OK
143860,TIGER 헬스케어,9,347850,디앤디파마텍,211,2.29,OK
143860,TIGER 헬스케어,10,000250,삼천당제약,84,2.19,OK
411420,KODEX 미국나스닥AI테크액티브,,,,,,EMPTY_NO_TABLE
0123G0,TIGER 미국AI전력SMR,,,,,,EMPTY_NO_TABLE
372330,KODEX 차이나항셍테크,,,,,,EMPTY_NO_TABLE
354500,ACE 코스닥150,1,196170,알테오젠,340,7.74,OK
354500,ACE 코스닥150,2,086520,에코프로,816,4.91,OK
354500,ACE 코스닥150,3,247540,에코프로비엠,449,3.87,OK
354500,ACE 코스닥150,4,036930,주성엔지니어링,260,3.41,OK
354500,ACE 코스닥150,5,240810,원익IPS,275,2.47,OK
354500,ACE 코스닥150,6,319660,피에스케이,164,2.18,OK
354500,ACE 코스닥150,7,058470,리노공업,414,2.15,OK
354500,ACE 코스닥150,8,298380,에이비엘바이오,346,1.97,OK
354500,ACE 코스닥150,9,277810,레인보우로보틱스,65,1.94,OK
354500,ACE 코스닥150,10,039030,이오테크닉스,70,1.81,OK
481180,SOL 미국AI소프트웨어,,,,,,EMPTY_NO_TABLE
182480,TIGER 미국MSCI리츠(합성 H),,,,,,EMPTY_NO_TABLE
476030,SOL 미국나스닥100,,,,,,EMPTY_NO_TABLE
0168K0,TIGER 기술이전바이오액티브,1,226950,올릭스,69,13.91,OK
0168K0,TIGER 기술이전바이오액티브,2,141080,리가켐바이오,58,10.39,OK
0168K0,TIGER 기술이전바이오액티브,3,196170,알테오젠,18,9.01,OK
0168K0,TIGER 기술이전바이오액티브,4,347850,디앤디파마텍,51,6.21,OK
0168K0,TIGER 기술이전바이오액티브,5,237690,에스티팜,26,5.17,OK
0168K0,TIGER 기술이전바이오액티브,6,068270,셀트리온,17,4.71,OK
0168K0,TIGER 기술이전바이오액티브,7,009420,한올바이오파마,53,4.62,OK
0168K0,TIGER 기술이전바이오액티브,8,298380,에이비엘바이오,35,4.38,OK
0168K0,TIGER 기술이전바이오액티브,9,128940,한미약품,7,4.22,OK
0168K0,TIGER 기술이전바이오액티브,10,476830,알지노믹스,67,3.23,OK
0036R0,RISE 미국휴머노이드로봇,,,,,,EMPTY_NO_TABLE
0074K0,KoAct K수출핵심기업TOP30액티브,1,005930,삼성전자,427,13.09,OK
0074K0,KoAct K수출핵심기업TOP30액티브,2,000660,SK하이닉스,51,11.33,OK
0074K0,KoAct K수출핵심기업TOP30액티브,3,080220,제주반도체,"1,080",10.05,OK
0074K0,KoAct K수출핵심기업TOP30액티브,4,079550,LIG디펜스앤에어로스페이스,56,4.89,OK
0074K0,KoAct K수출핵심기업TOP30액티브,5,278470,에이피알,105,4.81,OK
0074K0,KoAct K수출핵심기업TOP30액티브,6,329180,HD현대중공업,79,4.64,OK
0074K0,KoAct K수출핵심기업TOP30액티브,7,009150,삼성전기,25,3.88,OK
0074K0,KoAct K수출핵심기업TOP30액티브,8,241710,코스메카코리아,363,3.88,OK
0074K0,KoAct K수출핵심기업TOP30액티브,9,353200,대덕전자,262,3.59,OK
0074K0,KoAct K수출핵심기업TOP30액티브,10,012450,한화에어로스페이스,30,3.38,OK
295020,RISE 국채선물10년인버스,,,,,,EMPTY_NO_TABLE
464310,TIGER 글로벌AI&로보틱스 INDXX,1,277810,레인보우로보틱스,22,-,OK
464310,TIGER 글로벌AI&로보틱스 INDXX,2,454910,두산로보틱스,75,-,OK
464310,TIGER 글로벌AI&로보틱스 INDXX,3,108490,로보티즈,17,-,OK
464310,TIGER 글로벌AI&로보틱스 INDXX,4,388720,유일로보틱스,13,-,OK
464310,TIGER 글로벌AI&로보틱스 INDXX,5,090360,로보스타,11,-,OK
464310,TIGER 글로벌AI&로보틱스 INDXX,6,455900,엔젤로보틱스,17,-,OK
448100,WON 200,1,005930,삼성전자,"3,598",32.96,OK
448100,WON 200,2,000660,SK하이닉스,427,28.36,OK
448100,WON 200,3,402340,SK스퀘어,70,2.93,OK
448100,WON 200,4,009150,삼성전기,43,1.99,OK
448100,WON 200,5,005380,현대차,105,1.68,OK
448100,WON 200,6,105560,KB금융,234,1.57,OK
448100,WON 200,7,055550,신한지주,318,1.24,OK
448100,WON 200,8,000270,기아,188,0.97,OK
448100,WON 200,9,028260,삼성물산,74,0.96,OK
448100,WON 200,10,086790,하나금융지주,192,0.92,OK
0000Y0,HK 26-12 회사채(AA-이상)액티브,,,,,,EMPTY_NO_TABLE
168580,ACE 중국본토CSI300,,,,,,EMPTY_NO_TABLE
0005D0,SOL 전고체배터리&실리콘음극재,1,006400,삼성SDI,351,22.72,OK
0005D0,SOL 전고체배터리&실리콘음극재,2,247540,에코프로비엠,"1,058",18.65,OK
0005D0,SOL 전고체배터리&실리콘음극재,3,457190,이수스페셜티케미컬,"2,012",18.05,OK
0005D0,SOL 전고체배터리&실리콘음극재,4,020150,롯데에너지머티리얼즈,"2,392",11.91,OK
0005D0,SOL 전고체배터리&실리콘음극재,5,078600,대주전자재료,826,9.84,OK
0005D0,SOL 전고체배터리&실리콘음극재,6,003670,포스코퓨처엠,297,6.58,OK
0005D0,SOL 전고체배터리&실리콘음극재,7,281740,레이크머티리얼즈,"2,269",4.11,OK
0005D0,SOL 전고체배터리&실리콘음극재,8,121600,나노신소재,459,3.04,OK
0005D0,SOL 전고체배터리&실리콘음극재,9,137400,피엔티,667,3.00,OK
0005D0,SOL 전고체배터리&실리콘음극재,10,222080,SFA넥셀,"1,696",1.86,OK
114820,TIGER 국채3년,,,,,,EMPTY_NO_TABLE
325020,KODEX 배당가치,1,005930,삼성전자,"2,036",17.66,OK
325020,KODEX 배당가치,2,105560,KB금융,"1,405",8.92,OK
325020,KODEX 배당가치,3,055550,신한지주,"1,715",6.35,OK
325020,KODEX 배당가치,4,000270,기아,"1,120",5.48,OK
325020,KODEX 배당가치,5,086790,하나금융지주,"1,106",5.00,OK
325020,KODEX 배당가치,6,068270,셀트리온,683,4.08,OK
325020,KODEX 배당가치,7,316140,우리금융지주,"3,031",3.22,OK
325020,KODEX 배당가치,8,005490,POSCO홀딩스,297,3.12,OK
325020,KODEX 배당가치,9,034730,SK,154,3.06,OK
325020,KODEX 배당가치,10,000810,삼성화재,136,2.96,OK
328370,PLUS 코스피TR,1,005930,삼성전자,"2,057",27.31,OK
328370,PLUS 코스피TR,2,000660,SK하이닉스,253,24.35,OK
328370,PLUS 코스피TR,3,402340,SK스퀘어,47,2.85,OK
328370,PLUS 코스피TR,4,009150,삼성전기,27,1.82,OK
328370,PLUS 코스피TR,5,005380,현대차,73,1.69,OK
328370,PLUS 코스피TR,6,373220,LG에너지솔루션,83,1.42,OK
328370,PLUS 코스피TR,7,105560,KB금융,130,1.26,OK
328370,PLUS 코스피TR,8,207940,삼성바이오로직스,17,1.24,OK
328370,PLUS 코스피TR,9,032830,삼성생명,70,1.19,OK
328370,PLUS 코스피TR,10,028260,삼성물산,60,1.13,OK
471760,TIGER AI반도체핵심공정,1,009150,삼성전기,120,21.68,OK
471760,TIGER AI반도체핵심공정,2,011070,LG이노텍,193,17.88,OK
471760,TIGER AI반도체핵심공정,3,007660,이수페타시스,"1,168",16.31,OK
471760,TIGER AI반도체핵심공정,4,240810,원익IPS,681,11.91,OK
471760,TIGER AI반도체핵심공정,5,353200,대덕전자,638,10.18,OK
471760,TIGER AI반도체핵심공정,6,058470,리노공업,307,3.11,OK
471760,TIGER AI반도체핵심공정,7,039030,이오테크닉스,50,2.52,OK
471760,TIGER AI반도체핵심공정,8,222800,심텍,151,2.29,OK
471760,TIGER AI반도체핵심공정,9,084370,유진테크,92,1.97,OK
471760,TIGER AI반도체핵심공정,10,403870,HPSP,332,1.95,OK
261270,KODEX 미국달러선물인버스,,,,,,EMPTY_NO_TABLE
464930,TIGER 글로벌혁신블루칩TOP10,,,,,,EMPTY_NO_TABLE
399110,SOL 미국S&P500ESG,,,,,,EMPTY_NO_TABLE
0199C0,ACE 고배당주Plus커버드콜액티브,1,005930,삼성전자,168,8.85,OK
0199C0,ACE 고배당주Plus커버드콜액티브,2,000660,SK하이닉스,23,8.79,OK
0199C0,ACE 고배당주Plus커버드콜액티브,3,000810,삼성화재,49,6.48,OK
0199C0,ACE 고배당주Plus커버드콜액티브,4,161390,한국타이어앤테크놀로지,442,6.38,OK
0199C0,ACE 고배당주Plus커버드콜액티브,5,003690,코리안리,"1,785",5.15,OK
0199C0,ACE 고배당주Plus커버드콜액티브,6,016360,삼성증권,228,5.14,OK
0199C0,ACE 고배당주Plus커버드콜액티브,7,105560,KB금융,124,4.78,OK
0199C0,ACE 고배당주Plus커버드콜액티브,8,005830,DB손해보험,142,4.68,OK
0199C0,ACE 고배당주Plus커버드콜액티브,9,000240,한국앤컴퍼니,905,4.62,OK
0199C0,ACE 고배당주Plus커버드콜액티브,10,175330,JB금융지주,789,4.57,OK
488500,TIGER 미국S&P500동일가중,,,,,,EMPTY_NO_TABLE
309230,ACE 미국WideMoat동일가중,,,,,,EMPTY_NO_TABLE
463680,KODEX 미국S&P500테크놀로지,,,,,,EMPTY_NO_TABLE
394660,TIGER 글로벌자율주행&전기차SOLACTIVE,1,006400,삼성SDI,25,-,OK
394660,TIGER 글로벌자율주행&전기차SOLACTIVE,2,011790,SKC,87,-,OK
394660,TIGER 글로벌자율주행&전기차SOLACTIVE,3,373220,LG에너지솔루션,19,-,OK
394660,TIGER 글로벌자율주행&전기차SOLACTIVE,4,204320,HL만도,112,-,OK
139220,TIGER 200 건설,1,028260,삼성물산,103,26.79,OK
139220,TIGER 200 건설,2,028050,삼성E&A,746,22.09,OK
139220,TIGER 200 건설,3,000720,현대건설,213,15.58,OK
139220,TIGER 200 건설,4,047040,대우건설,939,10.83,OK
139220,TIGER 200 건설,5,052690,한전기술,89,6.26,OK
139220,TIGER 200 건설,6,375500,DL이앤씨,140,6.08,OK
139220,TIGER 200 건설,7,002380,KCC,19,5.94,OK
139220,TIGER 200 건설,8,051600,한전KPS,105,3.33,OK
139220,TIGER 200 건설,9,000210,DL,51,1.67,OK
139220,TIGER 200 건설,10,300720,한일시멘트,101,1.04,OK
491230,PLUS 국공채머니마켓액티브,,,,,,EMPTY_NO_TABLE
332940,HANARO MSCI Korea TR,1,005930,삼성전자,"6,343",33.53,OK
332940,HANARO MSCI Korea TR,2,000660,SK하이닉스,749,28.71,OK
332940,HANARO MSCI Korea TR,3,005935,삼성전자우,"1,088",4.00,OK
332940,HANARO MSCI Korea TR,4,402340,SK스퀘어,125,3.01,OK
332940,HANARO MSCI Korea TR,5,009150,삼성전기,76,2.04,OK
332940,HANARO MSCI Korea TR,6,105560,KB금융,480,1.86,OK
332940,HANARO MSCI Korea TR,7,005380,현대차,181,1.67,OK
332940,HANARO MSCI Korea TR,8,055550,신한지주,563,1.27,OK
332940,HANARO MSCI Korea TR,9,086790,하나금융지주,368,1.01,OK
332940,HANARO MSCI Korea TR,10,000270,기아,318,0.95,OK
465610,ACE 미국빅테크TOP7 Plus레버리지(합성),,,,,,EMPTY_NO_TABLE
0131W0,1Q 단기특수은행채액티브,,,,,,EMPTY_NO_TABLE
447620,SOL 미국TOP5채권혼합50,1,469830,SOL 초단기채권액티브,"5,295",-,OK
498180,파워 종합채권(AA-이상)액티브,,,,,,EMPTY_NO_TABLE
0132K0,PLUS 테슬라위클리커버드콜채권혼합,1,298340,PLUS 국채선물3년,787,-,OK
0132K0,PLUS 테슬라위클리커버드콜채권혼합,2,114100,RISE 국고채3년,19,-,OK
0132K0,PLUS 테슬라위클리커버드콜채권혼합,3,114820,TIGER 국채3년,19,-,OK
0132K0,PLUS 테슬라위클리커버드콜채권혼합,4,114460,ACE 국고채3년,19,-,OK
0132K0,PLUS 테슬라위클리커버드콜채권혼합,5,438560,SOL 국고채3년,19,-,OK
304940,KODEX 미국나스닥100선물(H),,,,,,EMPTY_NO_TABLE
204480,TIGER 차이나CSI300레버리지(합성),,,,,,EMPTY_NO_TABLE
266370,KODEX IT,1,000660,SK하이닉스,"1,303",36.06,OK
266370,KODEX IT,2,005930,삼성전자,"5,428",20.72,OK
266370,KODEX IT,3,009150,삼성전기,816,15.78,OK
266370,KODEX IT,4,006400,삼성SDI,892,5.89,OK
266370,KODEX IT,5,011070,LG이노텍,210,2.08,OK
266370,KODEX IT,6,042700,한미반도체,619,1.91,OK
266370,KODEX IT,7,018260,삼성에스디에스,560,1.60,OK
266370,KODEX IT,8,036930,주성엔지니어링,460,1.26,OK
266370,KODEX IT,9,007660,이수페타시스,802,1.20,OK
266370,KODEX IT,10,240810,원익IPS,486,0.91,OK
326240,RISE IT플러스,1,005930,삼성전자,862,25.76,OK
326240,RISE IT플러스,2,402340,SK스퀘어,84,11.45,OK
326240,RISE IT플러스,3,000660,SK하이닉스,49,10.62,OK
326240,RISE IT플러스,4,009150,삼성전기,57,8.63,OK
326240,RISE IT플러스,5,006400,삼성SDI,90,4.65,OK
326240,RISE IT플러스,6,035420,NAVER,198,4.37,OK
326240,RISE IT플러스,7,373220,LG에너지솔루션,72,2.78,OK
326240,RISE IT플러스,8,035720,카카오,495,2.02,OK
326240,RISE IT플러스,9,011070,LG이노텍,21,1.63,OK
326240,RISE IT플러스,10,042700,한미반도체,64,1.54,OK
367770,RISE 수소경제테마,1,012450,한화에어로스페이스,190,16.41,OK
367770,RISE 수소경제테마,2,012330,현대모비스,329,14.80,OK
367770,RISE 수소경제테마,3,034020,두산에너빌리티,"2,191",14.80,OK
367770,RISE 수소경제테마,4,005380,현대차,325,13.31,OK
367770,RISE 수소경제테마,5,005490,POSCO홀딩스,358,10.17,OK
367770,RISE 수소경제테마,6,010120,LS ELECTRIC,435,7.40,OK
367770,RISE 수소경제테마,7,298040,효성중공업,29,7.13,OK
367770,RISE 수소경제테마,8,000150,두산,39,4.45,OK
367770,RISE 수소경제테마,9,003670,포스코퓨처엠,184,2.56,OK
367770,RISE 수소경제테마,10,009830,한화솔루션,753,2.22,OK
0162L0,KODEX 차이나AI반도체TOP10,,,,,,EMPTY_NO_TABLE
377990,TIGER Fn신재생에너지,1,009830,한화솔루션,"5,087",14.14,OK
377990,TIGER Fn신재생에너지,2,034020,두산에너빌리티,"1,620",10.30,OK
377990,TIGER Fn신재생에너지,3,298040,효성중공업,44,10.19,OK
377990,TIGER Fn신재생에너지,4,010120,LS ELECTRIC,628,10.07,OK
377990,TIGER Fn신재생에너지,5,062040,산일전기,659,9.72,OK
377990,TIGER Fn신재생에너지,6,267260,HD현대일렉트릭,139,9.52,OK
377990,TIGER Fn신재생에너지,7,010060,OCI홀딩스,508,9.03,OK
377990,TIGER Fn신재생에너지,8,178320,서진시스템,"1,821",6.21,OK
377990,TIGER Fn신재생에너지,9,336260,두산퓨얼셀,"1,593",6.20,OK
377990,TIGER Fn신재생에너지,10,112610,씨에스윈드,939,3.38,OK
0092B0,SOL 한국원자력SMR,1,034020,두산에너빌리티,"1,828",19.43,OK
0092B0,SOL 한국원자력SMR,2,000720,현대건설,950,14.00,OK
0092B0,SOL 한국원자력SMR,3,015760,한국전력,"2,287",11.38,OK
0092B0,SOL 한국원자력SMR,4,083650,비에이치아이,"1,523",10.25,OK
0092B0,SOL 한국원자력SMR,5,052690,한전기술,701,9.94,OK
0092B0,SOL 한국원자력SMR,6,028260,삼성물산,128,6.71,OK
0092B0,SOL 한국원자력SMR,7,047040,대우건설,"2,560",5.95,OK
0092B0,SOL 한국원자력SMR,8,375500,DL이앤씨,671,5.88,OK
0092B0,SOL 한국원자력SMR,9,051600,한전KPS,908,5.81,OK
0092B0,SOL 한국원자력SMR,10,044490,태웅,"1,097",4.25,OK
0135Y0,IBK 중기종합채권(AA-이상)액티브,,,,,,EMPTY_NO_TABLE
449770,KIWOOM 미국S&P500,,,,,,EMPTY_NO_TABLE
0191W0,HANARO 중기종합채권(A-이상)액티브,,,,,,EMPTY_NO_TABLE
319640,TIGER 골드선물(H),,,,,,EMPTY_NO_TABLE
496090,KIWOOM 코리아밸류업,1,000660,SK하이닉스,181,20.38,OK
496090,KIWOOM 코리아밸류업,2,005930,삼성전자,"1,028",15.96,OK
496090,KIWOOM 코리아밸류업,3,402340,SK스퀘어,124,8.78,OK
496090,KIWOOM 코리아밸류업,4,005380,현대차,183,4.96,OK
496090,KIWOOM 코리아밸류업,5,105560,KB금융,409,4.65,OK
496090,KIWOOM 코리아밸류업,6,055550,신한지주,554,3.67,OK
496090,KIWOOM 코리아밸류업,7,000270,기아,328,2.87,OK
496090,KIWOOM 코리아밸류업,8,086790,하나금융지주,335,2.71,OK
496090,KIWOOM 코리아밸류업,9,012450,한화에어로스페이스,44,2.51,OK
496090,KIWOOM 코리아밸류업,10,012330,현대모비스,84,2.50,OK
0193M0,BNK 27-12 특수채(AAA이상)액티브,,,,,,EMPTY_NO_TABLE
475050,ACE KPOP포커스,1,352820,하이브,475,26.70,OK
475050,ACE KPOP포커스,2,035900,JYP Ent.,"1,886",24.71,OK
475050,ACE KPOP포커스,3,041510,에스엠,"1,166",23.05,OK
475050,ACE KPOP포커스,4,122870,와이지엔터테인먼트,"1,861",20.50,OK
475050,ACE KPOP포커스,5,060570,드림어스컴퍼니,"4,157",0.97,OK
475050,ACE KPOP포커스,6,376300,디어유,146,0.85,OK
475050,ACE KPOP포커스,7,037270,YG PLUS,926,0.82,OK
475050,ACE KPOP포커스,8,182360,큐브엔터,544,0.80,OK
475050,ACE KPOP포커스,9,035760,CJ ENM,91,0.76,OK
475050,ACE KPOP포커스,10,473980,노머스,239,0.70,OK
438570,SOL 국고채10년,,,,,,EMPTY_NO_TABLE
486240,DAISHIN343 AI반도체&인프라액티브,1,005930,삼성전자,"2,472",21.39,OK
486240,DAISHIN343 AI반도체&인프라액티브,2,000660,SK하이닉스,253,15.87,OK
486240,DAISHIN343 AI반도체&인프라액티브,3,010120,LS ELECTRIC,"1,076",6.75,OK
486240,DAISHIN343 AI반도체&인프라액티브,4,319660,피에스케이,840,5.27,OK
486240,DAISHIN343 AI반도체&인프라액티브,5,089970,브이엠,"1,581",5.18,OK
486240,DAISHIN343 AI반도체&인프라액티브,6,131290,티에스이,575,4.90,OK
486240,DAISHIN343 AI반도체&인프라액티브,7,009150,삼성전기,92,4.03,OK
486240,DAISHIN343 AI반도체&인프라액티브,8,298040,효성중공업,43,3.90,OK
486240,DAISHIN343 AI반도체&인프라액티브,9,009830,한화솔루션,"3,144",3.42,OK
486240,DAISHIN343 AI반도체&인프라액티브,10,006400,삼성SDI,209,3.13,OK
0091M0,HANARO 27-06 회사채(AA-이상)액티브,1,486830,HANARO 머니마켓액티브,29,-,OK
0035T0,PLUS 글로벌휴머노이드로봇액티브,1,277810,레인보우로보틱스,183,-,OK
0035T0,PLUS 글로벌휴머노이드로봇액티브,2,012330,현대모비스,96,-,OK
0035T0,PLUS 글로벌휴머노이드로봇액티브,3,005380,현대차,103,-,OK
0035T0,PLUS 글로벌휴머노이드로봇액티브,4,086280,현대글로비스,218,-,OK
0035T0,PLUS 글로벌휴머노이드로봇액티브,5,108490,로보티즈,151,-,OK
0035T0,PLUS 글로벌휴머노이드로봇액티브,6,204320,HL만도,615,-,OK
0035T0,PLUS 글로벌휴머노이드로봇액티브,7,005850,에스엘,473,-,OK
0035T0,PLUS 글로벌휴머노이드로봇액티브,8,058610,에스피지,340,-,OK
0035T0,PLUS 글로벌휴머노이드로봇액티브,9,011070,LG이노텍,30,-,OK
0035T0,PLUS 글로벌휴머노이드로봇액티브,10,437730,삼현,347,-,OK
0080Y0,SOL 조선TOP3플러스레버리지,1,010140,삼성중공업,"11,555",26.52,OK
0080Y0,SOL 조선TOP3플러스레버리지,2,329180,HD현대중공업,489,24.81,OK
0080Y0,SOL 조선TOP3플러스레버리지,3,042660,한화오션,"2,955",24.23,OK
0080Y0,SOL 조선TOP3플러스레버리지,4,009540,HD한국조선해양,466,16.56,OK
0080Y0,SOL 조선TOP3플러스레버리지,5,443060,HD현대마린솔루션,152,3.06,OK
0080Y0,SOL 조선TOP3플러스레버리지,6,082740,한화엔진,566,2.72,OK
0080Y0,SOL 조선TOP3플러스레버리지,7,071970,HD현대마린엔진,227,1.41,OK
0080Y0,SOL 조선TOP3플러스레버리지,8,017960,한국카본,323,0.83,OK
0080Y0,SOL 조선TOP3플러스레버리지,9,439260,대한조선,105,0.51,OK
0080Y0,SOL 조선TOP3플러스레버리지,10,014620,성광벤드,175,0.48,OK
0085P0,ACE 미국10년국채액티브,,,,,,EMPTY_NO_TABLE
0184L0,PLUS 중기종합채권(A-이상)액티브,,,,,,EMPTY_NO_TABLE
479620,SOL 미국AI반도체칩메이커,,,,,,EMPTY_NO_TABLE
468380,KODEX iShares미국하이일드액티브,,,,,,EMPTY_NO_TABLE
475280,ACE 8월만기자동연장회사채AA-이상액티브,,,,,,EMPTY_NO_TABLE
457990,PLUS 태양광&ESS,1,009830,한화솔루션,"13,528",25.76,OK
457990,PLUS 태양광&ESS,2,010060,OCI홀딩스,"1,351",16.44,OK
457990,PLUS 태양광&ESS,3,322000,HD현대에너지솔루션,"1,878",13.41,OK
457990,PLUS 태양광&ESS,4,006400,삼성SDI,384,10.05,OK
457990,PLUS 태양광&ESS,5,373220,LG에너지솔루션,446,8.72,OK
457990,PLUS 태양광&ESS,6,010120,LS ELECTRIC,657,7.21,OK
457990,PLUS 태양광&ESS,7,475150,SK이터닉스,"2,362",6.75,OK
457990,PLUS 태양광&ESS,8,281740,레이크머티리얼즈,"6,101",4.47,OK
457990,PLUS 태양광&ESS,9,247540,에코프로비엠,559,3.98,OK
457990,PLUS 태양광&ESS,10,003670,포스코퓨처엠,350,3.14,OK
308620,KODEX 미국10년국채선물,,,,,,EMPTY_NO_TABLE
465780,마이티 26-09 특수채(AAA)액티브,,,,,,EMPTY_NO_TABLE
0007N0,아이엠에셋 200,1,005930,삼성전자,"7,000",32.68,OK
0007N0,아이엠에셋 200,2,000660,SK하이닉스,832,28.15,OK
0007N0,아이엠에셋 200,3,402340,SK스퀘어,138,2.94,OK
0007N0,아이엠에셋 200,4,009150,삼성전기,84,1.99,OK
0007N0,아이엠에셋 200,5,005380,현대차,205,1.67,OK
0007N0,아이엠에셋 200,6,105560,KB금융,457,1.56,OK
0007N0,아이엠에셋 200,7,055550,신한지주,619,1.23,OK
0007N0,아이엠에셋 200,8,000270,기아,367,0.97,OK
0007N0,아이엠에셋 200,9,028260,삼성물산,145,0.96,OK
0007N0,아이엠에셋 200,10,086790,하나금융지주,374,0.91,OK
469170,ACE 포스코그룹포커스,1,047050,포스코인터내셔널,"1,367",26.35,OK
469170,ACE 포스코그룹포커스,2,005490,POSCO홀딩스,222,26.05,OK
469170,ACE 포스코그룹포커스,3,003670,포스코퓨처엠,430,24.69,OK
469170,ACE 포스코그룹포커스,4,022100,포스코DX,"1,790",12.78,OK
469170,ACE 포스코그룹포커스,5,009520,포스코엠텍,728,3.05,OK
469170,ACE 포스코그룹포커스,6,058430,포스코스틸리온,920,1.61,OK
469170,ACE 포스코그룹포커스,7,001120,LX인터내셔널,99,1.40,OK
469170,ACE 포스코그룹포커스,8,028050,삼성E&A,87,1.36,OK
469170,ACE 포스코그룹포커스,9,004020,현대제철,124,1.27,OK
469170,ACE 포스코그룹포커스,10,373220,LG에너지솔루션,10,1.25,OK
298770,KODEX 한국대만IT프리미어,1,005930,삼성전자,"5,531",-,OK
298770,KODEX 한국대만IT프리미어,2,000660,SK하이닉스,602,-,OK
298770,KODEX 한국대만IT프리미어,3,009150,삼성전기,119,-,OK
298770,KODEX 한국대만IT프리미어,4,006400,삼성SDI,145,-,OK
298770,KODEX 한국대만IT프리미어,5,035420,NAVER,335,-,OK
298770,KODEX 한국대만IT프리미어,6,035720,카카오,726,-,OK
298770,KODEX 한국대만IT프리미어,7,011070,LG이노텍,33,-,OK
298770,KODEX 한국대만IT프리미어,8,017670,SK텔레콤,250,-,OK
298770,KODEX 한국대만IT프리미어,9,042700,한미반도체,102,-,OK
298770,KODEX 한국대만IT프리미어,10,018260,삼성에스디에스,94,-,OK
455860,SOL 2차전지소부장Fn,1,005490,POSCO홀딩스,149,21.35,OK
455860,SOL 2차전지소부장Fn,2,051910,LG화학,168,20.36,OK
455860,SOL 2차전지소부장Fn,3,086520,에코프로,380,14.78,OK
455860,SOL 2차전지소부장Fn,4,247540,에코프로비엠,208,11.59,OK
455860,SOL 2차전지소부장Fn,5,003670,포스코퓨처엠,130,9.11,OK
455860,SOL 2차전지소부장Fn,6,066970,엘앤에프,109,5.14,OK
455860,SOL 2차전지소부장Fn,7,011790,SKC,96,3.93,OK
455860,SOL 2차전지소부장Fn,8,450080,에코프로머티,137,2.37,OK
455860,SOL 2차전지소부장Fn,9,457190,이수스페셜티케미컬,76,2.16,OK
455860,SOL 2차전지소부장Fn,10,020150,롯데에너지머티리얼즈,109,1.72,OK
476850,KoAct 배당성장액티브,1,005935,삼성전자우,"1,403",22.91,OK
476850,KoAct 배당성장액티브,2,000660,SK하이닉스,120,20.44,OK
476850,KoAct 배당성장액티브,3,329180,HD현대중공업,89,4.00,OK
476850,KoAct 배당성장액티브,4,105560,KB금융,203,3.49,OK
476850,KoAct 배당성장액티브,5,071050,한국금융지주,148,3.24,OK
476850,KoAct 배당성장액티브,6,402340,SK스퀘어,29,3.11,OK
476850,KoAct 배당성장액티브,7,009150,삼성전기,18,2.14,OK
476850,KoAct 배당성장액티브,8,383220,F&F,264,1.95,OK
476850,KoAct 배당성장액티브,9,039490,키움증권,61,1.82,OK
476850,KoAct 배당성장액티브,10,009540,HD한국조선해양,57,1.80,OK
203780,TIGER 미국나스닥바이오,,,,,,EMPTY_NO_TABLE
143850,TIGER 미국S&P500선물(H),,,,,,EMPTY_NO_TABLE
0000J0,PLUS 한화그룹주,1,012450,한화에어로스페이스,299,21.74,OK
0000J0,PLUS 한화그룹주,2,042660,한화오션,"2,898",17.74,OK
0000J0,PLUS 한화그룹주,3,272210,한화시스템,"3,054",15.77,OK
0000J0,PLUS 한화그룹주,4,009830,한화솔루션,"6,010",14.94,OK
0000J0,PLUS 한화그룹주,5,082740,한화엔진,"2,343",8.41,OK
0000J0,PLUS 한화그룹주,6,000880,한화,"1,110",7.96,OK
0000J0,PLUS 한화그룹주,7,088350,한화생명,"15,148",5.12,OK
0000J0,PLUS 한화그룹주,8,489790,한화비전,"1,417",4.79,OK
0000J0,PLUS 한화그룹주,9,003530,한화투자증권,"4,563",1.61,OK
0000J0,PLUS 한화그룹주,10,000370,한화손해보험,"2,235",1.03,OK
114100,RISE 국고채3년,,,,,,EMPTY_NO_TABLE
454320,HANARO CAPEX설비투자iSelect,1,267270,HD건설기계,"1,607",10.42,OK
454320,HANARO CAPEX설비투자iSelect,2,034020,두산에너빌리티,"2,595",9.70,OK
454320,HANARO CAPEX설비투자iSelect,3,298040,효성중공업,71,9.66,OK
454320,HANARO CAPEX설비투자iSelect,4,006260,LS,616,9.54,OK
454320,HANARO CAPEX설비투자iSelect,5,010120,LS ELECTRIC,"1,002",9.44,OK
454320,HANARO CAPEX설비투자iSelect,6,267260,HD현대일렉트릭,223,8.97,OK
454320,HANARO CAPEX설비투자iSelect,7,241560,두산밥캣,"2,550",8.02,OK
454320,HANARO CAPEX설비투자iSelect,8,062040,산일전기,673,5.83,OK
454320,HANARO CAPEX설비투자iSelect,9,052690,한전기술,919,4.58,OK
454320,HANARO CAPEX설비투자iSelect,10,475150,SK이터닉스,"1,134",2.78,OK
0138Y0,PLUS 금채권혼합,1,298340,PLUS 국채선물3년,500,-,OK
0138Y0,PLUS 금채권혼합,2,114100,RISE 국고채3년,25,-,OK
0138Y0,PLUS 금채권혼합,3,114820,TIGER 국채3년,25,-,OK
485690,RISE 미국AI밸류체인TOP3Plus,,,,,,EMPTY_NO_TABLE
130730,KIWOOM 단기자금,,,,,,EMPTY_NO_TABLE
195980,PLUS 신흥국MSCI(합성 H),1,225060,TIGER 이머징마켓MSCI레버리지(합성 H),20,-,OK
481430,RISE 국고채10년액티브,1,295000,RISE 국채선물10년,46,-,OK
473440,ACE 11월만기자동연장회사채AA-이상액티브,,,,,,EMPTY_NO_TABLE
0137V0,KIWOOM 미국S&P500모멘텀,,,,,,EMPTY_NO_TABLE
492500,1Q 현대차그룹채권(A+이상)&국고통안,,,,,,EMPTY_NO_TABLE
0142D0,TIGER 미국AI데이터센터TOP4Plus,,,,,,EMPTY_NO_TABLE
329670,KODEX TRF7030,1,251350,KODEX MSCI선진국,"1,100",-,OK
433970,KODEX TDF2030액티브 적격,1,439860,KODEX ESG종합채권(A-이상)액티브,"1,249",-,OK
433970,KODEX TDF2030액티브 적격,2,273130,KODEX 종합채권(AA-이상)액티브,752,-,OK
433970,KODEX TDF2030액티브 적격,3,488770,KODEX 머니마켓액티브,535,-,OK
433970,KODEX TDF2030액티브 적격,4,214980,KODEX 단기채권PLUS,452,-,OK
433970,KODEX TDF2030액티브 적격,5,114260,KODEX 국고채3년,519,-,OK
433970,KODEX TDF2030액티브 적격,6,0038A0,KODEX 미국휴머노이드로봇,356,-,OK
433970,KODEX TDF2030액티브 적격,7,485540,KODEX 미국AI테크TOP10,345,-,OK
433970,KODEX TDF2030액티브 적격,8,390390,KODEX 미국반도체,76,-,OK
433970,KODEX TDF2030액티브 적격,9,487230,KODEX 미국AI전력핵심인프라,184,-,OK
433970,KODEX TDF2030액티브 적격,10,445290,KODEX 로봇액티브,115,-,OK
495040,PLUS 코리아밸류업,1,000660,SK하이닉스,179,20.31,OK
495040,PLUS 코리아밸류업,2,005930,삼성전자,"1,019",15.95,OK
495040,PLUS 코리아밸류업,3,402340,SK스퀘어,122,8.71,OK
495040,PLUS 코리아밸류업,4,005380,현대차,182,4.97,OK
495040,PLUS 코리아밸류업,5,105560,KB금융,405,4.64,OK
495040,PLUS 코리아밸류업,6,055550,신한지주,549,3.67,OK
495040,PLUS 코리아밸류업,7,000270,기아,326,2.88,OK
495040,PLUS 코리아밸류업,8,086790,하나금융지주,332,2.71,OK
495040,PLUS 코리아밸류업,9,012450,한화에어로스페이스,44,2.53,OK
495040,PLUS 코리아밸류업,10,012330,현대모비스,83,2.49,OK
460960,ACE 글로벌인컴TOP10,,,,,,EMPTY_NO_TABLE
211900,KODEX 코리아배당성장,1,029780,삼성카드,"1,497",4.99,OK
211900,KODEX 코리아배당성장,2,005830,DB손해보험,423,4.70,OK
211900,KODEX 코리아배당성장,3,175330,JB금융지주,"2,146",4.19,OK
211900,KODEX 코리아배당성장,4,138930,BNK금융지주,"3,127",3.96,OK
211900,KODEX 코리아배당성장,5,001800,오리온홀딩스,"1,989",3.72,OK
211900,KODEX 코리아배당성장,6,086790,하나금융지주,368,3.40,OK
211900,KODEX 코리아배당성장,7,005940,NH투자증권,"1,544",3.36,OK
211900,KODEX 코리아배당성장,8,000270,기아,334,3.34,OK
211900,KODEX 코리아배당성장,9,139130,iM금융지주,"2,566",3.26,OK
211900,KODEX 코리아배당성장,10,023590,다우기술,"1,305",3.25,OK
0177X0,ACE K휴머노이드로봇산업TOP2+,1,005380,현대차,204,20.91,OK
0177X0,ACE K휴머노이드로봇산업TOP2+,2,108490,로보티즈,388,18.45,OK
0177X0,ACE K휴머노이드로봇산업TOP2+,3,058610,에스피지,911,14.49,OK
0177X0,ACE K휴머노이드로봇산업TOP2+,4,277810,레인보우로보틱스,129,12.36,OK
0177X0,ACE K휴머노이드로봇산업TOP2+,5,012330,현대모비스,61,6.86,OK
0177X0,ACE K휴머노이드로봇산업TOP2+,6,437730,삼현,722,5.22,OK
0177X0,ACE K휴머노이드로봇산업TOP2+,7,204320,HL만도,440,4.83,OK
0177X0,ACE K휴머노이드로봇산업TOP2+,8,307950,현대오토에버,41,4.15,OK
0177X0,ACE K휴머노이드로봇산업TOP2+,9,348340,뉴로메카,470,3.33,OK
0177X0,ACE K휴머노이드로봇산업TOP2+,10,388720,유일로보틱스,198,2.94,OK
176950,KODEX 국채선물10년인버스,,,,,,EMPTY_NO_TABLE
453330,RISE 미국S&P500(H),,,,,,EMPTY_NO_TABLE
0052T0,1Q 중단기회사채(A-이상)액티브,,,,,,EMPTY_NO_TABLE
453080,KIWOOM 미국나스닥100(H),,,,,,EMPTY_NO_TABLE
269540,PLUS 미국S&P500(H),,,,,,EMPTY_NO_TABLE
0209D0,KODEX 전고체배터리ESS TOP2플러스,1,373220,LG에너지솔루션,305,27.34,OK
0209D0,KODEX 전고체배터리ESS TOP2플러스,2,006400,삼성SDI,203,24.37,OK
0209D0,KODEX 전고체배터리ESS TOP2플러스,3,457190,이수스페셜티케미컬,538,8.95,OK
0209D0,KODEX 전고체배터리ESS TOP2플러스,4,010120,LS ELECTRIC,154,7.75,OK
0209D0,KODEX 전고체배터리ESS TOP2플러스,5,298040,효성중공업,10,7.27,OK
0209D0,KODEX 전고체배터리ESS TOP2플러스,6,020150,롯데에너지머티리얼즈,685,6.33,OK
0209D0,KODEX 전고체배터리ESS TOP2플러스,7,078600,대주전자재료,257,5.68,OK
0209D0,KODEX 전고체배터리ESS TOP2플러스,8,066970,엘앤에프,175,4.84,OK
0209D0,KODEX 전고체배터리ESS TOP2플러스,9,178320,서진시스템,384,4.11,OK
0209D0,KODEX 전고체배터리ESS TOP2플러스,10,222080,SFA넥셀,"1,429",2.90,OK
329660,KODEX TRF5050,1,251350,KODEX MSCI선진국,638,-,OK
444490,WON 미국S&P500,,,,,,EMPTY_NO_TABLE
412770,TIGER 글로벌AI플랫폼액티브,1,466950,TIGER 글로벌AI액티브,231,-,OK
488720,WON 종합채권(AA-이상)액티브,,,,,,EMPTY_NO_TABLE
469060,RISE 미국반도체NYSE,,,,,,EMPTY_NO_TABLE
0066W0,SOL 국제금,,,,,,EMPTY_NO_TABLE
108450,ACE 삼성그룹섹터가중,1,005930,삼성전자,"3,659",24.43,OK
108450,ACE 삼성그룹섹터가중,2,009150,삼성전기,381,12.88,OK
108450,ACE 삼성그룹섹터가중,3,012750,에스원,"6,177",11.62,OK
108450,ACE 삼성그룹섹터가중,4,010140,삼성중공업,"17,425",10.08,OK
108450,ACE 삼성그룹섹터가중,5,028260,삼성물산,837,7.93,OK
108450,ACE 삼성그룹섹터가중,6,006400,삼성SDI,629,7.26,OK
108450,ACE 삼성그룹섹터가중,7,016360,삼성증권,"2,047",5.84,OK
108450,ACE 삼성그룹섹터가중,8,207940,삼성바이오로직스,143,5.25,OK
108450,ACE 삼성그룹섹터가중,9,032830,삼성생명,560,4.79,OK
108450,ACE 삼성그룹섹터가중,10,028050,삼성E&A,"2,581",2.78,OK
0049M0,ACE 미국배당퀄리티+커버드콜액티브,,,,,,EMPTY_NO_TABLE
461460,PLUS 국고채10년액티브,1,289670,PLUS 국채선물10년,39,-,OK
0017Y0,1Q 종합채권(AA-이상)액티브,,,,,,EMPTY_NO_TABLE
138530,TIGER LG그룹플러스,1,032640,LG유플러스,"3,089",19.54,OK
138530,TIGER LG그룹플러스,2,051910,LG화학,144,16.33,OK
138530,TIGER LG그룹플러스,3,066570,LG전자,168,13.58,OK
138530,TIGER LG그룹플러스,4,003550,LG,201,8.69,OK
138530,TIGER LG그룹플러스,5,006360,GS건설,542,6.95,OK
138530,TIGER LG그룹플러스,6,034220,LG디스플레이,"1,446",6.52,OK
138530,TIGER LG그룹플러스,7,078930,GS,146,5.05,OK
138530,TIGER LG그룹플러스,8,011070,LG이노텍,17,4.89,OK
138530,TIGER LG그룹플러스,9,051900,LG생활건강,37,4.00,OK
138530,TIGER LG그룹플러스,10,007070,GS리테일,309,3.58,OK
0194T0,ACE SK하이닉스단일종목레버리지,1,000660,SK하이닉스,163,65.76,OK
0194T0,ACE SK하이닉스단일종목레버리지,2,0192L0,RISE SK하이닉스단일종목레버리지,"3,915",10.88,OK
0113D0,TIME 글로벌탑픽액티브,,,,,,EMPTY_NO_TABLE
337140,KODEX 코스피대형주,1,005930,삼성전자,"4,248",29.87,OK
337140,KODEX 코스피대형주,2,000660,SK하이닉스,518,26.40,OK
337140,KODEX 코스피대형주,3,402340,SK스퀘어,96,3.08,OK
337140,KODEX 코스피대형주,4,009150,삼성전기,54,1.92,OK
337140,KODEX 코스피대형주,5,005380,현대차,149,1.83,OK
337140,KODEX 코스피대형주,6,373220,LG에너지솔루션,170,1.54,OK
337140,KODEX 코스피대형주,7,105560,KB금융,271,1.39,OK
337140,KODEX 코스피대형주,8,207940,삼성바이오로직스,34,1.32,OK
337140,KODEX 코스피대형주,9,032830,삼성생명,145,1.31,OK
337140,KODEX 코스피대형주,10,028260,삼성물산,118,1.18,OK
0098N0,PLUS 자사주매입고배당주,1,105560,KB금융,197,5.69,OK
0098N0,PLUS 자사주매입고배당주,2,138040,메리츠금융지주,309,5.60,OK
0098N0,PLUS 자사주매입고배당주,3,055550,신한지주,308,5.18,OK
0098N0,PLUS 자사주매입고배당주,4,081660,미스토홀딩스,723,5.06,OK
0098N0,PLUS 자사주매입고배당주,5,011200,HMM,"1,657",5.02,OK
0098N0,PLUS 자사주매입고배당주,6,086790,하나금융지주,238,4.89,OK
0098N0,PLUS 자사주매입고배당주,7,175330,JB금융지주,983,4.27,OK
0098N0,PLUS 자사주매입고배당주,8,316140,우리금융지주,860,4.16,OK
0098N0,PLUS 자사주매입고배당주,9,033780,KT&G,153,4.13,OK
0098N0,PLUS 자사주매입고배당주,10,000270,기아,178,3.96,OK
438560,SOL 국고채3년,,,,,,EMPTY_NO_TABLE
495750,HANARO 코리아밸류업,1,000660,SK하이닉스,180,20.28,OK
495750,HANARO 코리아밸류업,2,005930,삼성전자,"1,025",15.93,OK
495750,HANARO 코리아밸류업,3,402340,SK스퀘어,123,8.72,OK
495750,HANARO 코리아밸류업,4,005380,현대차,183,4.96,OK
495750,HANARO 코리아밸류업,5,105560,KB금융,408,4.64,OK
495750,HANARO 코리아밸류업,6,055550,신한지주,552,3.66,OK
495750,HANARO 코리아밸류업,7,000270,기아,327,2.87,OK
495750,HANARO 코리아밸류업,8,086790,하나금융지주,334,2.70,OK
495750,HANARO 코리아밸류업,9,012450,한화에어로스페이스,44,2.52,OK
495750,HANARO 코리아밸류업,10,012330,현대모비스,83,2.47,OK
458030,WON 국공채머니마켓액티브,,,,,,EMPTY_NO_TABLE
0057H0,PLUS 미국S&P500미국채혼합50액티브,1,429760,PLUS 미국S&P500,"9,113",-,OK
0057H0,PLUS 미국S&P500미국채혼합50액티브,2,530112,삼성 S&P500 ETN,"2,510",-,OK
0018C0,PLUS 고배당주위클리고정커버드콜,1,024110,기업은행,"1,342",5.23,OK
0018C0,PLUS 고배당주위클리고정커버드콜,2,005830,DB손해보험,177,5.19,OK
0018C0,PLUS 고배당주위클리고정커버드콜,3,005940,NH투자증권,895,5.14,OK
0018C0,PLUS 고배당주위클리고정커버드콜,4,316140,우리금융지주,852,4.90,OK
0018C0,PLUS 고배당주위클리고정커버드콜,5,086790,하나금융지주,184,4.50,OK
0018C0,PLUS 고배당주위클리고정커버드콜,6,000270,기아,170,4.50,OK
0018C0,PLUS 고배당주위클리고정커버드콜,7,029780,삼성카드,506,4.46,OK
0018C0,PLUS 고배당주위클리고정커버드콜,8,030000,제일기획,"1,223",4.23,OK
0018C0,PLUS 고배당주위클리고정커버드콜,9,016360,삼성증권,201,4.03,OK
0018C0,PLUS 고배당주위클리고정커버드콜,10,030200,KT,402,3.91,OK
434960,DAISHIN343 K200,1,005930,삼성전자,"7,032",32.73,OK
434960,DAISHIN343 K200,2,000660,SK하이닉스,837,28.24,OK
434960,DAISHIN343 K200,3,402340,SK스퀘어,138,2.93,OK
434960,DAISHIN343 K200,4,009150,삼성전기,84,1.98,OK
434960,DAISHIN343 K200,5,005380,현대차,205,1.66,OK
434960,DAISHIN343 K200,6,105560,KB금융,457,1.56,OK
434960,DAISHIN343 K200,7,055550,신한지주,619,1.23,OK
434960,DAISHIN343 K200,8,000270,기아,367,0.96,OK
434960,DAISHIN343 K200,9,028260,삼성물산,145,0.96,OK
434960,DAISHIN343 K200,10,086790,하나금융지주,374,0.91,OK
292190,KODEX KRX300,1,005930,삼성전자,"5,877",31.24,OK
292190,KODEX KRX300,2,000660,SK하이닉스,698,26.90,OK
292190,KODEX KRX300,3,402340,SK스퀘어,116,2.81,OK
292190,KODEX KRX300,4,009150,삼성전기,70,1.88,OK
292190,KODEX KRX300,5,005380,현대차,172,1.60,OK
292190,KODEX KRX300,6,105560,KB금융,384,1.49,OK
292190,KODEX KRX300,7,055550,신한지주,519,1.18,OK
292190,KODEX KRX300,8,000270,기아,308,0.92,OK
292190,KODEX KRX300,9,028260,삼성물산,122,0.92,OK
292190,KODEX KRX300,10,086790,하나금융지주,314,0.87,OK
228810,TIGER 미디어컨텐츠,1,419530,SAMG엔터,413,11.35,OK
228810,TIGER 미디어컨텐츠,2,376300,디어유,467,10.23,OK
228810,TIGER 미디어컨텐츠,3,122870,와이지엔터테인먼트,242,10.04,OK
228810,TIGER 미디어컨텐츠,4,035760,CJ ENM,315,9.91,OK
228810,TIGER 미디어컨텐츠,5,041510,에스엠,129,9.60,OK
228810,TIGER 미디어컨텐츠,6,035900,JYP Ent.,193,9.52,OK
228810,TIGER 미디어컨텐츠,7,253450,스튜디오드래곤,457,9.49,OK
228810,TIGER 미디어컨텐츠,8,352820,하이브,44,9.31,OK
228810,TIGER 미디어컨텐츠,9,473980,노머스,543,5.95,OK
228810,TIGER 미디어컨텐츠,10,403850,더핑크퐁컴퍼니,539,5.41,OK
0190Y0,TIGER 구글밸류체인,1,005930,삼성전자,32,-,OK
490480,SOL K방산,1,012450,한화에어로스페이스,383,25.48,OK
490480,SOL K방산,2,079550,LIG디펜스앤에어로스페이스,296,15.25,OK
490480,SOL K방산,3,047810,한국항공우주,"1,460",14.89,OK
490480,SOL K방산,4,042660,한화오션,"2,232",12.50,OK
490480,SOL K방산,5,329180,HD현대중공업,327,11.33,OK
490480,SOL K방산,6,064350,현대로템,585,7.07,OK
490480,SOL K방산,7,272210,한화시스템,"1,198",5.66,OK
490480,SOL K방산,8,103140,풍산,715,3.19,OK
490480,SOL K방산,9,099320,쎄트렉아이,411,2.28,OK
490480,SOL K방산,10,189300,인텔리안테크,443,2.09,OK
0192L0,RISE SK하이닉스단일종목레버리지,1,000660,SK하이닉스,162,64.80,OK
211560,TIGER 배당성장,1,029780,삼성카드,"1,123",4.98,OK
211560,TIGER 배당성장,2,005830,DB손해보험,317,4.68,OK
211560,TIGER 배당성장,3,175330,JB금융지주,"1,609",4.18,OK
211560,TIGER 배당성장,4,138930,BNK금융지주,"2,344",3.95,OK
211560,TIGER 배당성장,5,001800,오리온홀딩스,"1,491",3.71,OK
211560,TIGER 배당성장,6,086790,하나금융지주,276,3.40,OK
211560,TIGER 배당성장,7,005940,NH투자증권,"1,157",3.35,OK
211560,TIGER 배당성장,8,000270,기아,250,3.33,OK
211560,TIGER 배당성장,9,139130,iM금융지주,"1,923",3.25,OK
211560,TIGER 배당성장,10,023590,다우기술,978,3.24,OK
210780,TIGER 코스피고배당,1,300720,한일시멘트,"1,483",3.08,OK
210780,TIGER 코스피고배당,2,030000,제일기획,"1,094",2.98,OK
210780,TIGER 코스피고배당,3,122900,아이마켓코리아,"2,641",2.80,OK
210780,TIGER 코스피고배당,4,123890,한국자산신탁,"8,514",2.77,OK
210780,TIGER 코스피고배당,5,029780,삼성카드,397,2.76,OK
210780,TIGER 코스피고배당,6,035250,강원랜드,"1,267",2.70,OK
210780,TIGER 코스피고배당,7,192400,쿠쿠홀딩스,717,2.66,OK
210780,TIGER 코스피고배당,8,017800,현대엘리베이터,266,2.65,OK
210780,TIGER 코스피고배당,9,069260,TKG휴켐스,"1,168",2.63,OK
210780,TIGER 코스피고배당,10,005830,DB손해보험,112,2.59,OK
359210,KODEX 코스피TR,1,005930,삼성전자,"3,819",27.54,OK
359210,KODEX 코스피TR,2,000660,SK하이닉스,466,24.36,OK
359210,KODEX 코스피TR,3,402340,SK스퀘어,86,2.83,OK
359210,KODEX 코스피TR,4,009150,삼성전기,49,1.79,OK
359210,KODEX 코스피TR,5,005380,현대차,133,1.67,OK
359210,KODEX 코스피TR,6,373220,LG에너지솔루션,153,1.42,OK
359210,KODEX 코스피TR,7,105560,KB금융,243,1.28,OK
359210,KODEX 코스피TR,8,032830,삼성생명,130,1.20,OK
359210,KODEX 코스피TR,9,207940,삼성바이오로직스,30,1.19,OK
359210,KODEX 코스피TR,10,028260,삼성물산,106,1.08,OK
0080X0,SOL 미국S&P500미국채혼합50,,,,,,EMPTY_NO_TABLE
0194M0,ACE 삼성전자단일종목레버리지,1,005930,삼성전자,"1,099",71.30,OK
0194M0,ACE 삼성전자단일종목레버리지,2,0192M0,RISE 삼성전자단일종목레버리지,"3,636",11.34,OK
272910,ACE 중장기국공채액티브,,,,,,EMPTY_NO_TABLE
364960,TIGER BBIG,1,036570,NC,140,10.89,OK
364960,TIGER BBIG,2,006400,삼성SDI,75,10.67,OK
364960,TIGER BBIG,3,259960,크래프톤,128,9.85,OK
364960,TIGER BBIG,4,196170,알테오젠,84,8.60,OK
364960,TIGER BBIG,5,373220,LG에너지솔루션,80,8.50,OK
364960,TIGER BBIG,6,068270,셀트리온,150,8.49,OK
364960,TIGER BBIG,7,005490,POSCO홀딩스,85,8.47,OK
364960,TIGER BBIG,8,207940,삼성바이오로직스,18,8.15,OK
364960,TIGER BBIG,9,035420,NAVER,132,8.03,OK
364960,TIGER BBIG,10,251270,넷마블,552,6.81,OK
157490,TIGER 소프트웨어,1,035420,NAVER,208,24.70,OK
157490,TIGER 소프트웨어,2,035720,카카오,901,19.78,OK
157490,TIGER 소프트웨어,3,018260,삼성에스디에스,106,12.74,OK
157490,TIGER 소프트웨어,4,259960,크래프톤,76,11.43,OK
157490,TIGER 소프트웨어,5,036570,NC,49,7.44,OK
157490,TIGER 소프트웨어,6,064400,LG씨엔에스,135,5.82,OK
157490,TIGER 소프트웨어,7,307950,현대오토에버,17,4.70,OK
157490,TIGER 소프트웨어,8,263750,펄어비스,104,2.31,OK
157490,TIGER 소프트웨어,9,251270,넷마블,85,2.05,OK
157490,TIGER 소프트웨어,10,022100,포스코DX,140,1.66,OK
365040,TIGER AI코리아그로스액티브,1,005930,삼성전자,"3,820",27.21,OK
365040,TIGER AI코리아그로스액티브,2,000660,SK하이닉스,467,24.12,OK
365040,TIGER AI코리아그로스액티브,3,402340,SK스퀘어,86,2.79,OK
365040,TIGER AI코리아그로스액티브,4,005380,현대차,137,1.70,OK
365040,TIGER AI코리아그로스액티브,5,009150,삼성전기,43,1.55,OK
365040,TIGER AI코리아그로스액티브,6,105560,KB금융,297,1.55,OK
365040,TIGER AI코리아그로스액티브,7,207940,삼성바이오로직스,36,1.41,OK
365040,TIGER AI코리아그로스액티브,8,373220,LG에너지솔루션,144,1.32,OK
365040,TIGER AI코리아그로스액티브,9,012450,한화에어로스페이스,48,1.26,OK
365040,TIGER AI코리아그로스액티브,10,034020,두산에너빌리티,605,1.24,OK
0102A0,TIGER 미국AI소프트웨어TOP4Plus,,,,,,EMPTY_NO_TABLE
0098Z0,FOCUS 200,1,005930,삼성전자,"5,933",32.54,OK
0098Z0,FOCUS 200,2,000660,SK하이닉스,705,28.03,OK
0098Z0,FOCUS 200,3,402340,SK스퀘어,117,2.93,OK
0098Z0,FOCUS 200,4,009150,삼성전기,71,1.97,OK
0098Z0,FOCUS 200,5,005380,현대차,174,1.66,OK
0098Z0,FOCUS 200,6,105560,KB금융,387,1.55,OK
0098Z0,FOCUS 200,7,055550,신한지주,524,1.23,OK
0098Z0,FOCUS 200,8,000270,기아,311,0.96,OK
0098Z0,FOCUS 200,9,028260,삼성물산,123,0.96,OK
0098Z0,FOCUS 200,10,086790,하나금융지주,317,0.91,OK
0040S0,HANARO 글로벌피지컬AI액티브,,,,,,EMPTY_NO_TABLE
228800,TIGER 여행레저,1,035250,강원랜드,560,10.12,OK
228800,TIGER 여행레저,2,034230,파라다이스,640,9.89,OK
228800,TIGER 여행레저,3,008770,호텔신라,161,9.86,OK
228800,TIGER 여행레저,4,032350,롯데관광개발,535,9.53,OK
228800,TIGER 여행레저,5,003490,대한항공,294,9.35,OK
228800,TIGER 여행레저,6,020560,아시아나항공,"1,096",9.35,OK
228800,TIGER 여행레저,7,499790,GS피앤엘,121,6.46,OK
228800,TIGER 여행레저,8,006730,서부T&D,469,6.29,OK
228800,TIGER 여행레저,9,039130,하나투어,160,6.18,OK
228800,TIGER 여행레저,10,114090,GKL,461,5.84,OK
306950,KODEX KRX300레버리지,1,292190,KODEX KRX300,"55,975",25.14,OK
306950,KODEX KRX300레버리지,2,005930,삼성전자,"9,550",22.82,OK
306950,KODEX KRX300레버리지,3,000660,SK하이닉스,"1,134",19.64,OK
306950,KODEX KRX300레버리지,4,402340,SK스퀘어,189,2.06,OK
306950,KODEX KRX300레버리지,5,009150,삼성전기,114,1.38,OK
306950,KODEX KRX300레버리지,6,005380,현대차,280,1.17,OK
306950,KODEX KRX300레버리지,7,105560,KB금융,624,1.09,OK
306950,KODEX KRX300레버리지,8,055550,신한지주,843,0.86,OK
306950,KODEX KRX300레버리지,9,000270,기아,501,0.67,OK
306950,KODEX KRX300레버리지,10,028260,삼성물산,198,0.67,OK
277640,TIGER 코스피대형주,1,005930,삼성전자,"2,190",29.80,OK
277640,TIGER 코스피대형주,2,000660,SK하이닉스,267,26.34,OK
277640,TIGER 코스피대형주,3,402340,SK스퀘어,49,3.04,OK
277640,TIGER 코스피대형주,4,009150,삼성전기,28,1.93,OK
277640,TIGER 코스피대형주,5,005380,현대차,77,1.83,OK
277640,TIGER 코스피대형주,6,373220,LG에너지솔루션,88,1.55,OK
277640,TIGER 코스피대형주,7,105560,KB금융,133,1.32,OK
277640,TIGER 코스피대형주,8,032830,삼성생명,75,1.31,OK
277640,TIGER 코스피대형주,9,207940,삼성바이오로직스,17,1.27,OK
277640,TIGER 코스피대형주,10,028260,삼성물산,61,1.18,OK
453950,TIGER TSMC파운드리밸류체인,,,,,,EMPTY_NO_TABLE
461500,HANARO 종합채권(AA-이상)액티브,,,,,,EMPTY_NO_TABLE
441540,HANARO Fn조선해운,1,011200,HMM,"11,793",17.77,OK
441540,HANARO Fn조선해운,2,009540,HD한국조선해양,595,15.66,OK
441540,HANARO Fn조선해운,3,010140,삼성중공업,"8,768",14.90,OK
441540,HANARO Fn조선해운,4,329180,HD현대중공업,352,13.22,OK
441540,HANARO Fn조선해운,5,042660,한화오션,"2,036",12.36,OK
441540,HANARO Fn조선해운,6,443060,HD현대마린솔루션,577,8.61,OK
441540,HANARO Fn조선해운,7,082740,한화엔진,"1,649",5.87,OK
441540,HANARO Fn조선해운,8,071970,HD현대마린엔진,660,3.03,OK
441540,HANARO Fn조선해운,9,028670,팬오션,"7,203",2.91,OK
441540,HANARO Fn조선해운,10,439260,대한조선,582,2.08,OK
252400,RISE 200선물레버리지,1,148020,RISE 200,"16,032",12.54,OK
252400,RISE 200선물레버리지,2,361580,RISE 200TR,"22,250",9.78,OK
252400,RISE 200선물레버리지,3,267770,TIGER 200선물레버리지,"9,716",6.42,OK
475350,RISE 버크셔포트폴리오TOP10,,,,,,EMPTY_NO_TABLE
458750,TIGER 미국배당다우존스타겟커버드콜1호,,,,,,EMPTY_NO_TABLE
0022T0,SOL 국제금커버드콜액티브,,,,,,EMPTY_NO_TABLE
440640,ACE 단기채권알파액티브,,,,,,EMPTY_NO_TABLE
475310,SOL 반도체후공정,1,007660,이수페타시스,"2,631",20.41,OK
475310,SOL 반도체후공정,2,042700,한미반도체,"1,144",18.31,OK
475310,SOL 반도체후공정,3,353200,대덕전자,"1,603",14.21,OK
475310,SOL 반도체후공정,4,058470,리노공업,"2,399",13.51,OK
475310,SOL 반도체후공정,5,039030,이오테크닉스,406,11.37,OK
475310,SOL 반도체후공정,6,067310,하나마이크론,"2,317",6.89,OK
475310,SOL 반도체후공정,7,089030,테크윙,"1,292",4.41,OK
475310,SOL 반도체후공정,8,131290,티에스이,209,4.08,OK
475310,SOL 반도체후공정,9,031980,피에스케이홀딩스,345,3.76,OK
475310,SOL 반도체후공정,10,195870,해성디에스,486,2.21,OK
495940,RISE 미국AI테크액티브,,,,,,EMPTY_NO_TABLE
428510,KODEX 차이나AI테크액티브,,,,,,EMPTY_NO_TABLE
123310,TIGER 인버스,,,,,,EMPTY_NO_TABLE
487130,KoAct AI인프라액티브,1,000660,SK하이닉스,141,18.29,OK
487130,KoAct AI인프라액티브,2,005930,삼성전자,669,11.97,OK
487130,KoAct AI인프라액티브,3,095610,테스,696,9.12,OK
487130,KoAct AI인프라액티브,4,319660,피에스케이,424,5.50,OK
487130,KoAct AI인프라액티브,5,010120,LS ELECTRIC,394,5.11,OK
487130,KoAct AI인프라액티브,6,035420,NAVER,319,4.22,OK
487130,KoAct AI인프라액티브,7,267260,HD현대일렉트릭,71,3.93,OK
487130,KoAct AI인프라액티브,8,240810,원익IPS,385,3.38,OK
487130,KoAct AI인프라액티브,9,006400,삼성SDI,109,3.37,OK
487130,KoAct AI인프라액티브,10,009150,삼성전기,34,3.08,OK
0197W0,SOL SK하이닉스단일종목레버리지,1,000660,SK하이닉스,209,85.23,OK
0008T0,SOL 화장품TOP3플러스,1,257720,실리콘투,"4,180",21.01,OK
0008T0,SOL 화장품TOP3플러스,2,161890,한국콜마,"1,342",20.37,OK
0008T0,SOL 화장품TOP3플러스,3,278470,에이피알,390,19.43,OK
0008T0,SOL 화장품TOP3플러스,4,241710,코스메카코리아,655,7.62,OK
0008T0,SOL 화장품TOP3플러스,5,192820,코스맥스,293,7.08,OK
0008T0,SOL 화장품TOP3플러스,6,090430,아모레퍼시픽,424,6.76,OK
0008T0,SOL 화장품TOP3플러스,7,051900,LG생활건강,206,6.71,OK
0008T0,SOL 화장품TOP3플러스,8,483650,달바글로벌,242,6.33,OK
0008T0,SOL 화장품TOP3플러스,9,251970,펌텍코리아,495,2.78,OK
0008T0,SOL 화장품TOP3플러스,10,123330,제닉,566,1.91,OK
0000D0,TIGER 엔비디아미국채커버드콜밸런스(합성),1,157450,TIGER 단기통안채,"1,846",-,OK
0000D0,TIGER 엔비디아미국채커버드콜밸런스(합성),2,0043B0,TIGER 머니마켓액티브,441,-,OK
0000D0,TIGER 엔비디아미국채커버드콜밸런스(합성),3,499660,TIGER CD금리플러스액티브(합성),44,-,OK
0000D0,TIGER 엔비디아미국채커버드콜밸런스(합성),4,357870,TIGER CD금리투자KIS(합성),662,-,OK
491700,HK 200,1,005930,삼성전자,"6,928",32.22,OK
491700,HK 200,2,000660,SK하이닉스,823,27.75,OK
491700,HK 200,3,402340,SK스퀘어,137,2.91,OK
491700,HK 200,4,009150,삼성전기,83,1.95,OK
491700,HK 200,5,005380,현대차,203,1.65,OK
491700,HK 200,6,105560,KB금융,448,1.52,OK
491700,HK 200,7,055550,신한지주,610,1.21,OK
491700,HK 200,8,028260,삼성물산,144,0.95,OK
491700,HK 200,9,000270,기아,362,0.95,OK
491700,HK 200,10,086790,하나금융지주,369,0.89,OK
0036D0,TIME 미국배당다우존스액티브,,,,,,EMPTY_NO_TABLE
433880,PLUS TDF2060액티브 적격,1,494410,PLUS 미국S&P500성장주,"1,605",-,OK
433880,PLUS TDF2060액티브 적격,2,451000,PLUS 종합채권(AA-이상)액티브,163,-,OK
433880,PLUS TDF2060액티브 적격,3,251350,KODEX MSCI선진국,243,-,OK
433880,PLUS TDF2060액티브 적격,4,429760,PLUS 미국S&P500,436,-,OK
433880,PLUS TDF2060액티브 적격,5,0166S0,PLUS K제조업핵심기업액티브,514,-,OK
433880,PLUS TDF2060액티브 적격,6,195980,PLUS 신흥국MSCI(합성 H),80,-,OK
0089C0,KODEX 미국S&P500변동성확대시커버드콜,,,,,,EMPTY_NO_TABLE
419890,KIWOOM 단기채권ESG액티브,,,,,,EMPTY_NO_TABLE
0181L0,SOL 미국우주항공TOP10,,,,,,EMPTY_NO_TABLE
486830,HANARO 머니마켓액티브,,,,,,EMPTY_NO_TABLE
0115E0,KODEX 코리아소버린AI,1,035420,NAVER,793,22.67,OK
0115E0,KODEX 코리아소버린AI,2,017670,SK텔레콤,605,7.88,OK
0115E0,KODEX 코리아소버린AI,3,181710,NHN,"1,049",6.10,OK
0115E0,KODEX 코리아소버린AI,4,064400,LG씨엔에스,576,5.97,OK
0115E0,KODEX 코리아소버린AI,5,030520,한글과컴퓨터,"1,835",4.63,OK
0115E0,KODEX 코리아소버린AI,6,000660,SK하이닉스,16,4.49,OK
0115E0,KODEX 코리아소버린AI,7,032640,LG유플러스,"1,895",4.19,OK
0115E0,KODEX 코리아소버린AI,8,005930,삼성전자,107,4.14,OK
0115E0,KODEX 코리아소버린AI,9,010120,LS ELECTRIC,132,3.70,OK
0115E0,KODEX 코리아소버린AI,10,018260,삼성에스디에스,119,3.44,OK
278620,PLUS 단기채권액티브,1,298340,PLUS 국채선물3년,7,-,OK
266420,KODEX 헬스케어,1,068270,셀트리온,"2,107",22.89,OK
266420,KODEX 헬스케어,2,207940,삼성바이오로직스,141,12.25,OK
266420,KODEX 헬스케어,3,196170,알테오젠,563,11.06,OK
266420,KODEX 헬스케어,4,000100,유한양행,826,3.49,OK
266420,KODEX 헬스케어,5,298380,에이비엘바이오,573,2.81,OK
266420,KODEX 헬스케어,6,326030,SK바이오팜,541,2.66,OK
266420,KODEX 헬스케어,7,028300,HLB,"1,620",2.58,OK
266420,KODEX 헬스케어,8,141080,리가켐바이오,358,2.52,OK
266420,KODEX 헬스케어,9,347850,디앤디파마텍,478,2.28,OK
266420,KODEX 헬스케어,10,000250,삼천당제약,191,2.19,OK
261240,KODEX 미국달러선물,,,,,,EMPTY_NO_TABLE
479730,TIGER 인도빌리언컨슈머,,,,,,EMPTY_NO_TABLE
476750,ACE 미국30년국채엔화노출액티브(H),,,,,,EMPTY_NO_TABLE
480310,TIGER 글로벌온디바이스AI,,,,,,EMPTY_NO_TABLE
0123S0,HANARO 26-12 은행채(AA+이상)액티브,,,,,,EMPTY_NO_TABLE
304780,HANARO 200선물레버리지,1,267770,TIGER 200선물레버리지,"11,222",12.22,OK
304780,HANARO 200선물레버리지,2,332930,HANARO 200TR,"5,345",8.94,OK
304780,HANARO 200선물레버리지,3,293180,HANARO 200,"5,901",7.55,OK
455660,ACE 미국하이일드액티브(H),,,,,,EMPTY_NO_TABLE
453640,KODEX 미국S&P500헬스케어,,,,,,EMPTY_NO_TABLE
100910,KIWOOM KRX100,1,005930,삼성전자,"6,799",33.74,OK
100910,KIWOOM KRX100,2,000660,SK하이닉스,808,29.07,OK
100910,KIWOOM KRX100,3,402340,SK스퀘어,134,3.03,OK
100910,KIWOOM KRX100,4,009150,삼성전기,81,2.04,OK
100910,KIWOOM KRX100,5,005380,현대차,199,1.72,OK
100910,KIWOOM KRX100,6,105560,KB금융,444,1.61,OK
100910,KIWOOM KRX100,7,055550,신한지주,601,1.27,OK
100910,KIWOOM KRX100,8,000270,기아,356,1.00,OK
100910,KIWOOM KRX100,9,028260,삼성물산,141,0.99,OK
100910,KIWOOM KRX100,10,086790,하나금융지주,364,0.94,OK
0111J0,HANARO 증권고배당TOP3플러스,1,071050,한국금융지주,682,21.87,OK
0111J0,HANARO 증권고배당TOP3플러스,2,039490,키움증권,459,20.09,OK
0111J0,HANARO 증권고배당TOP3플러스,3,006800,미래에셋증권,"3,069",16.61,OK
0111J0,HANARO 증권고배당TOP3플러스,4,005940,NH투자증권,"3,770",15.89,OK
0111J0,HANARO 증권고배당TOP3플러스,5,016360,삼성증권,"1,052",15.49,OK
0111J0,HANARO 증권고배당TOP3플러스,6,001720,신영증권,216,4.43,OK
0111J0,HANARO 증권고배당TOP3플러스,7,003540,대신증권,645,2.29,OK
0111J0,HANARO 증권고배당TOP3플러스,8,003470,유안타증권,"2,527",1.51,OK
0111J0,HANARO 증권고배당TOP3플러스,9,001200,유진투자증권,"1,270",0.73,OK
0111J0,HANARO 증권고배당TOP3플러스,10,016610,DB증권,557,0.70,OK
440910,WON 미국우주항공방산,,,,,,EMPTY_NO_TABLE
476260,HANARO 반도체핵심공정주도주,1,089970,브이엠,"1,399",18.19,OK
476260,HANARO 반도체핵심공정주도주,2,319660,피에스케이,598,14.89,OK
476260,HANARO 반도체핵심공정주도주,3,095610,테스,497,12.49,OK
476260,HANARO 반도체핵심공정주도주,4,095340,ISC,492,10.19,OK
476260,HANARO 반도체핵심공정주도주,5,067310,하나마이크론,"1,857",9.57,OK
476260,HANARO 반도체핵심공정주도주,6,281820,케이씨텍,307,3.73,OK
476260,HANARO 반도체핵심공정주도주,7,482630,삼양엔씨켐,"1,391",2.60,OK
476260,HANARO 반도체핵심공정주도주,8,240810,원익IPS,150,2.52,OK
476260,HANARO 반도체핵심공정주도주,9,084370,유진테크,116,2.40,OK
476260,HANARO 반도체핵심공정주도주,10,102710,이엔에프테크놀로지,436,2.38,OK
0141S0,SOL 조선기자재,1,443060,HD현대마린솔루션,564,25.35,OK
0141S0,SOL 조선기자재,2,082740,한화엔진,"1,662",17.82,OK
0141S0,SOL 조선기자재,3,017960,한국카본,"3,027",17.28,OK
0141S0,SOL 조선기자재,4,071970,HD현대마린엔진,"1,084",15.00,OK
0141S0,SOL 조선기자재,5,439260,대한조선,511,5.51,OK
0141S0,SOL 조선기자재,6,014620,성광벤드,835,5.14,OK
0141S0,SOL 조선기자재,7,077970,STX엔진,750,4.44,OK
0141S0,SOL 조선기자재,8,023160,태광,661,3.47,OK
0141S0,SOL 조선기자재,9,033500,동성화인텍,855,3.27,OK
0141S0,SOL 조선기자재,10,075580,세진중공업,"1,034",2.72,OK
473640,HANARO 글로벌금채굴기업,,,,,,EMPTY_NO_TABLE
455960,RISE 미국달러SOFR금리액티브(합성),,,,,,EMPTY_NO_TABLE
0118Z0,ACE 미국AI테크핵심산업액티브,,,,,,EMPTY_NO_TABLE
275980,TIGER 글로벌4차산업혁신기술(합성 H),,,,,,EMPTY_NO_TABLE
0185L0,TIME 글로벌휴머노이드로봇산업액티브,1,277810,레인보우로보틱스,24,-,OK
0185L0,TIME 글로벌휴머노이드로봇산업액티브,2,108490,로보티즈,46,-,OK
0185L0,TIME 글로벌휴머노이드로봇산업액티브,3,005380,현대차,20,-,OK
0185L0,TIME 글로벌휴머노이드로봇산업액티브,4,012330,현대모비스,17,-,OK
0185L0,TIME 글로벌휴머노이드로봇산업액티브,5,058610,에스피지,92,-,OK
0185L0,TIME 글로벌휴머노이드로봇산업액티브,6,005930,삼성전자,20,-,OK
298340,PLUS 국채선물3년,1,453010,PLUS KOFR금리,19,0.93,OK
491220,PLUS 200TR,1,005930,삼성전자,"8,284",32.75,OK
491220,PLUS 200TR,2,000660,SK하이닉스,984,28.21,OK
491220,PLUS 200TR,3,402340,SK스퀘어,163,2.94,OK
491220,PLUS 200TR,4,009150,삼성전기,99,1.98,OK
491220,PLUS 200TR,5,005380,현대차,242,1.67,OK
491220,PLUS 200TR,6,105560,KB금융,541,1.57,OK
491220,PLUS 200TR,7,055550,신한지주,732,1.24,OK
491220,PLUS 200TR,8,000270,기아,434,0.97,OK
491220,PLUS 200TR,9,028260,삼성물산,172,0.96,OK
491220,PLUS 200TR,10,086790,하나금융지주,443,0.91,OK
0166S0,PLUS K제조업핵심기업액티브,1,005930,삼성전자,542,25.39,OK
0166S0,PLUS K제조업핵심기업액티브,2,000660,SK하이닉스,69,23.43,OK
0166S0,PLUS K제조업핵심기업액티브,3,005935,삼성전자우,174,5.67,OK
0166S0,PLUS K제조업핵심기업액티브,4,402340,SK스퀘어,21,4.49,OK
0166S0,PLUS K제조업핵심기업액티브,5,028260,삼성물산,63,4.19,OK
0166S0,PLUS K제조업핵심기업액티브,6,122090,PLUS 코스피50,259,3.94,OK
0166S0,PLUS K제조업핵심기업액티브,7,006260,LS,65,3.63,OK
0166S0,PLUS K제조업핵심기업액티브,8,042660,한화오션,214,3.10,OK
0166S0,PLUS K제조업핵심기업액티브,9,373220,LG에너지솔루션,50,3.02,OK
0166S0,PLUS K제조업핵심기업액티브,10,034020,두산에너빌리티,175,2.36,OK
465330,RISE 2차전지TOP10,1,373220,LG에너지솔루션,140,17.91,OK
465330,RISE 2차전지TOP10,2,005490,POSCO홀딩스,127,15.23,OK
465330,RISE 2차전지TOP10,3,006400,삼성SDI,85,14.56,OK
465330,RISE 2차전지TOP10,4,096770,SK이노베이션,291,12.49,OK
465330,RISE 2차전지TOP10,5,086520,에코프로,367,11.95,OK
465330,RISE 2차전지TOP10,6,247540,에코프로비엠,197,9.19,OK
465330,RISE 2차전지TOP10,7,003670,포스코퓨처엠,133,7.80,OK
465330,RISE 2차전지TOP10,8,066970,엘앤에프,107,4.22,OK
465330,RISE 2차전지TOP10,9,011790,SKC,93,3.19,OK
465330,RISE 2차전지TOP10,10,450080,에코프로머티,143,2.07,OK
225040,TIGER 미국S&P500레버리지(합성 H),1,143850,TIGER 미국S&P500선물(H),"1,710",-,OK
253150,PLUS 200선물레버리지,1,491220,PLUS 200TR,"6,100",5.60,OK
253150,PLUS 200선물레버리지,2,152500,ACE 레버리지,"13,400",4.73,OK
253150,PLUS 200선물레버리지,3,123320,TIGER 레버리지,"4,640",3.98,OK
253150,PLUS 200선물레버리지,4,122630,KODEX 레버리지,490,0.43,OK
401470,KODEX 메타버스액티브,1,005930,삼성전자,145,7.70,OK
401470,KODEX 메타버스액티브,2,352820,하이브,172,7.64,OK
401470,KODEX 메타버스액티브,3,259960,크래프톤,135,6.70,OK
401470,KODEX 메타버스액티브,4,036570,NC,130,6.52,OK
401470,KODEX 메타버스액티브,5,000660,SK하이닉스,16,6.16,OK
401470,KODEX 메타버스액티브,6,181710,NHN,705,5.62,OK
401470,KODEX 메타버스액티브,7,122870,와이지엔터테인먼트,589,5.13,OK
401470,KODEX 메타버스액티브,8,041510,에스엠,323,5.05,OK
401470,KODEX 메타버스액티브,9,035900,JYP Ent.,475,4.92,OK
401470,KODEX 메타버스액티브,10,251270,넷마블,570,4.54,OK
261220,KODEX WTI원유선물(H),,,,,,EMPTY_NO_TABLE
114470,KIWOOM 국고채3년,,,,,,EMPTY_NO_TABLE
256750,KODEX 차이나심천ChiNext(합성),,,,,,EMPTY_NO_TABLE
0118S0,SOL 미국넥스트테크TOP10액티브,,,,,,EMPTY_NO_TABLE
0046Y0,ACE 미국배당퀄리티,,,,,,EMPTY_NO_TABLE
0192M0,RISE 삼성전자단일종목레버리지,1,005930,삼성전자,"1,063",68.68,OK
150460,TIGER 중국소비테마,1,161890,한국콜마,113,5.95,OK
150460,TIGER 중국소비테마,2,214450,파마리서치,34,5.11,OK
150460,TIGER 중국소비테마,3,192820,코스맥스,59,4.94,OK
150460,TIGER 중국소비테마,4,090430,아모레퍼시픽,87,4.81,OK
150460,TIGER 중국소비테마,5,051900,LG생활건강,41,4.63,OK
150460,TIGER 중국소비테마,6,280360,롯데웰푸드,93,4.56,OK
150460,TIGER 중국소비테마,7,081660,미스토홀딩스,222,4.56,OK
150460,TIGER 중국소비테마,8,214150,클래시스,208,4.49,OK
150460,TIGER 중국소비테마,9,097950,CJ제일제당,50,4.36,OK
150460,TIGER 중국소비테마,10,005180,빙그레,145,4.35,OK
0172V0,1Q 은액티브,,,,,,EMPTY_NO_TABLE
385590,ACE ESG액티브,1,005930,삼성전자,"2,197",23.83,OK
385590,ACE ESG액티브,2,000660,SK하이닉스,213,16.75,OK
385590,ACE ESG액티브,3,402340,SK스퀘어,134,6.63,OK
385590,ACE ESG액티브,4,105560,KB금융,800,6.35,OK
385590,ACE ESG액티브,5,009150,삼성전기,96,5.27,OK
385590,ACE ESG액티브,6,055550,신한지주,976,4.52,OK
385590,ACE ESG액티브,7,034020,두산에너빌리티,"1,317",4.11,OK
385590,ACE ESG액티브,8,086790,하나금융지주,678,3.83,OK
385590,ACE ESG액티브,9,028260,삼성물산,249,3.83,OK
385590,ACE ESG액티브,10,034730,SK,128,3.18,OK
278240,RISE 코스닥150선물레버리지,1,270810,RISE 코스닥150,"2,180",32.94,OK
278240,RISE 코스닥150선물레버리지,2,233740,KODEX 코스닥150레버리지,486,3.92,OK
278240,RISE 코스닥150선물레버리지,3,301400,PLUS 코스닥150,58,0.89,OK
360140,KODEX 200롱코스닥150숏선물,1,069500,KODEX 200,"3,636",16.02,OK
360140,KODEX 200롱코스닥150숏선물,2,005930,삼성전자,"1,269",13.08,OK
360140,KODEX 200롱코스닥150숏선물,3,000660,SK하이닉스,151,11.28,OK
360140,KODEX 200롱코스닥150숏선물,4,251340,KODEX 코스닥150선물인버스,"81,409",8.74,OK
360140,KODEX 200롱코스닥150숏선물,5,402340,SK스퀘어,25,1.18,OK
360140,KODEX 200롱코스닥150숏선물,6,009150,삼성전기,15,0.78,OK
360140,KODEX 200롱코스닥150숏선물,7,005380,현대차,37,0.67,OK
360140,KODEX 200롱코스닥150숏선물,8,105560,KB금융,83,0.63,OK
360140,KODEX 200롱코스닥150숏선물,9,055550,신한지주,112,0.49,OK
360140,KODEX 200롱코스닥150숏선물,10,000270,기아,67,0.39,OK
0113P0,HK 머니마켓액티브,,,,,,EMPTY_NO_TABLE
461340,HANARO 글로벌생성형AI액티브,,,,,,EMPTY_NO_TABLE
200030,KODEX 미국S&P500산업재(합성),,,,,,EMPTY_NO_TABLE
473490,KIWOOM 글로벌AI반도체,1,000990,DB하이텍,34,-,OK
473490,KIWOOM 글로벌AI반도체,2,403870,HPSP,71,-,OK
473490,KIWOOM 글로벌AI반도체,3,036540,SFA반도체,93,-,OK
473490,KIWOOM 글로벌AI반도체,4,200710,에이디테크놀로지,13,-,OK
0000Z0,RISE 바이오TOP10액티브,1,196170,알테오젠,144,9.65,OK
0000Z0,RISE 바이오TOP10액티브,2,226950,올릭스,340,9.18,OK
0000Z0,RISE 바이오TOP10액티브,3,141080,리가켐바이오,359,8.61,OK
0000Z0,RISE 바이오TOP10액티브,4,068270,셀트리온,187,6.93,OK
0000Z0,RISE 바이오TOP10액티브,5,298380,에이비엘바이오,413,6.92,OK
0000Z0,RISE 바이오TOP10액티브,6,347850,디앤디파마텍,398,6.49,OK
0000Z0,RISE 바이오TOP10액티브,7,128940,한미약품,75,6.06,OK
0000Z0,RISE 바이오TOP10액티브,8,237690,에스티팜,184,4.90,OK
0000Z0,RISE 바이오TOP10액티브,9,009420,한올바이오파마,409,4.78,OK
0000Z0,RISE 바이오TOP10액티브,10,145020,휴젤,80,4.15,OK
0139P0,ACE 고배당주,1,000810,삼성화재,77,7.15,OK
0139P0,ACE 고배당주,2,161390,한국타이어앤테크놀로지,703,7.12,OK
0139P0,ACE 고배당주,3,001800,오리온홀딩스,"1,564",6.09,OK
0139P0,ACE 고배당주,4,003690,코리안리,"2,839",5.75,OK
0139P0,ACE 고배당주,5,016360,삼성증권,362,5.73,OK
0139P0,ACE 고배당주,6,005830,DB손해보험,226,5.23,OK
0139P0,ACE 고배당주,7,000240,한국앤컴퍼니,"1,439",5.16,OK
0139P0,ACE 고배당주,8,005850,에스엘,651,5.13,OK
0139P0,ACE 고배당주,9,175330,JB금융지주,"1,256",5.11,OK
0139P0,ACE 고배당주,10,005940,NH투자증권,"1,055",4.78,OK
282000,RISE 국고채3년선물인버스,,,,,,EMPTY_NO_TABLE
0020H0,KoAct 글로벌양자컴퓨팅액티브,1,000660,SK하이닉스,32,-,OK
0020H0,KoAct 글로벌양자컴퓨팅액티브,2,005930,삼성전자,206,-,OK
0020H0,KoAct 글로벌양자컴퓨팅액티브,3,095610,테스,245,-,OK
0020H0,KoAct 글로벌양자컴퓨팅액티브,4,036930,주성엔지니어링,111,-,OK
275300,KODEX 우량주,1,005930,삼성전자,"2,607",22.21,OK
275300,KODEX 우량주,2,000660,SK하이닉스,350,21.62,OK
275300,KODEX 우량주,3,402340,SK스퀘어,206,8.01,OK
275300,KODEX 우량주,4,009150,삼성전기,123,5.31,OK
275300,KODEX 우량주,5,000270,기아,584,2.81,OK
275300,KODEX 우량주,6,005935,삼성전자우,447,2.65,OK
275300,KODEX 우량주,7,012330,현대모비스,136,2.22,OK
275300,KODEX 우량주,8,028260,삼성물산,177,2.14,OK
275300,KODEX 우량주,9,035420,NAVER,317,1.99,OK
275300,KODEX 우량주,10,068270,셀트리온,318,1.86,OK
494840,TIGER 미국방산TOP10,,,,,,EMPTY_NO_TABLE
261070,TIGER 코스닥150바이오테크,1,196170,알테오젠,191,25.49,OK
261070,TIGER 코스닥150바이오테크,2,298380,에이비엘바이오,195,6.50,OK
261070,TIGER 코스닥150바이오테크,3,028300,HLB,551,5.96,OK
261070,TIGER 코스닥150바이오테크,4,141080,리가켐바이오,122,5.83,OK
261070,TIGER 코스닥150바이오테크,5,347850,디앤디파마텍,163,5.29,OK
261070,TIGER 코스닥150바이오테크,6,000250,삼천당제약,65,5.07,OK
261070,TIGER 코스닥150바이오테크,7,087010,펩트론,101,4.61,OK
261070,TIGER 코스닥150바이오테크,8,214450,파마리서치,32,4.46,OK
261070,TIGER 코스닥150바이오테크,9,226950,올릭스,76,4.09,OK
261070,TIGER 코스닥150바이오테크,10,237690,에스티팜,60,3.19,OK
0132H0,KODEX 미국원자력SMR,,,,,,EMPTY_NO_TABLE
445150,KODEX 친환경조선해운액티브,1,329180,HD현대중공업,254,8.94,OK
445150,KODEX 친환경조선해운액티브,2,010140,삼성중공업,"5,527",8.80,OK
445150,KODEX 친환경조선해운액티브,3,009540,HD한국조선해양,325,8.01,OK
445150,KODEX 친환경조선해운액티브,4,042660,한화오션,"1,314",7.48,OK
445150,KODEX 친환경조선해운액티브,5,033500,동성화인텍,"6,147",7.32,OK
445150,KODEX 친환경조선해운액티브,6,071970,HD현대마린엔진,"1,463",6.29,OK
445150,KODEX 친환경조선해운액티브,7,017960,한국카본,"3,500",6.22,OK
445150,KODEX 친환경조선해운액티브,8,439260,대한조선,"1,798",6.03,OK
445150,KODEX 친환경조선해운액티브,9,082740,한화엔진,"1,715",5.72,OK
445150,KODEX 친환경조선해운액티브,10,443060,HD현대마린솔루션,392,5.48,OK
152500,ACE 레버리지,1,005930,삼성전자,"5,587",23.04,OK
152500,ACE 레버리지,2,000660,SK하이닉스,656,19.61,OK
152500,ACE 레버리지,3,122630,KODEX 레버리지,"5,000",9.88,OK
152500,ACE 레버리지,4,402340,SK스퀘어,109,2.05,OK
152500,ACE 레버리지,5,009150,삼성전기,66,1.38,OK
152500,ACE 레버리지,6,005380,현대차,162,1.17,OK
152500,ACE 레버리지,7,105560,KB금융,377,1.14,OK
152500,ACE 레버리지,8,105190,ACE 200,558,0.99,OK
152500,ACE 레버리지,9,055550,신한지주,488,0.86,OK
152500,ACE 레버리지,10,000270,기아,289,0.67,OK
287180,PLUS 미국나스닥테크,,,,,,EMPTY_NO_TABLE
475260,ACE 2월만기자동연장회사채AA-이상액티브,,,,,,EMPTY_NO_TABLE
101280,KODEX 일본TOPIX100,,,,,,EMPTY_NO_TABLE
442260,마이티 다이나믹퀀트액티브,1,005930,삼성전자,"1,536",25.70,OK
442260,마이티 다이나믹퀀트액티브,2,000660,SK하이닉스,193,23.41,OK
442260,마이티 다이나믹퀀트액티브,3,0112X0,마이티 200TR,"6,381",17.02,OK
442260,마이티 다이나믹퀀트액티브,4,402340,SK스퀘어,67,5.11,OK
442260,마이티 다이나믹퀀트액티브,5,034730,SK,55,2.11,OK
442260,마이티 다이나믹퀀트액티브,6,005380,현대차,72,2.10,OK
442260,마이티 다이나믹퀀트액티브,7,000270,기아,189,1.78,OK
442260,마이티 다이나믹퀀트액티브,8,105560,KB금융,114,1.40,OK
442260,마이티 다이나믹퀀트액티브,9,009150,삼성전기,15,1.27,OK
442260,마이티 다이나믹퀀트액티브,10,010950,S-Oil,134,1.23,OK
140700,KODEX 보험,1,000810,삼성화재,664,22.19,OK
140700,KODEX 보험,2,005830,DB손해보험,"2,300",19.14,OK
140700,KODEX 보험,3,032830,삼성생명,"1,076",18.35,OK
140700,KODEX 보험,4,001450,현대해상,"5,888",11.87,OK
140700,KODEX 보험,5,003690,코리안리,"13,844",10.09,OK
140700,KODEX 보험,6,088350,한화생명,"34,021",7.75,OK
140700,KODEX 보험,7,031210,서울보증보험,"1,439",3.18,OK
140700,KODEX 보험,8,085620,미래에셋생명,"1,951",1.70,OK
140700,KODEX 보험,9,000370,한화손해보험,"5,295",1.64,OK
140700,KODEX 보험,10,211050,인카금융서비스,"2,691",1.45,OK
472830,RISE 미국30년국채커버드콜(합성),,,,,,EMPTY_NO_TABLE
276990,KODEX 글로벌로봇(합성),,,,,,EMPTY_NO_TABLE
0086B0,TIGER 리츠부동산인프라TOP10액티브,1,088980,맥쿼리인프라,"13,231",28.12,OK
0086B0,TIGER 리츠부동산인프라TOP10액티브,2,395400,SK리츠,"15,176",18.19,OK
0086B0,TIGER 리츠부동산인프라TOP10액티브,3,293940,신한알파리츠,"9,438",10.40,OK
0086B0,TIGER 리츠부동산인프라TOP10액티브,4,330590,롯데리츠,"13,479",9.91,OK
0086B0,TIGER 리츠부동산인프라TOP10액티브,5,451800,한화리츠,"8,700",8.57,OK
0086B0,TIGER 리츠부동산인프라TOP10액티브,6,365550,ESR켄달스퀘어리츠,"12,362",8.41,OK
0086B0,TIGER 리츠부동산인프라TOP10액티브,7,357120,코람코라이프인프라리츠,"6,810",5.73,OK
0086B0,TIGER 리츠부동산인프라TOP10액티브,8,448730,삼성FN리츠,"2,859",3.26,OK
0086B0,TIGER 리츠부동산인프라TOP10액티브,9,334890,이지스밸류플러스리츠,"3,987",2.85,OK
140950,파워 코스피100,1,000660,SK하이닉스,574,30.95,OK
140950,파워 코스피100,2,005930,삼성전자,"4,055",30.16,OK
140950,파워 코스피100,3,402340,SK스퀘어,95,3.22,OK
140950,파워 코스피100,4,009150,삼성전기,58,2.18,OK
140950,파워 코스피100,5,005380,현대차,141,1.83,OK
140950,파워 코스피100,6,105560,KB금융,315,1.71,OK
140950,파워 코스피100,7,055550,신한지주,427,1.36,OK
140950,파워 코스피100,8,000270,기아,253,1.06,OK
140950,파워 코스피100,9,028260,삼성물산,100,1.05,OK
140950,파워 코스피100,10,086790,하나금융지주,258,1.00,OK
371470,TIGER 차이나바이오테크SOLACTIVE,,,,,,EMPTY_NO_TABLE
218420,KODEX 미국S&P500에너지(합성),,,,,,EMPTY_NO_TABLE
442560,RISE TDF2040액티브 적격,1,379780,RISE 미국S&P500,"7,400",-,OK
442560,RISE TDF2040액티브 적격,2,368590,RISE 미국나스닥100,"4,448",-,OK
442560,RISE TDF2040액티브 적격,3,385540,RISE 종합채권(A-이상)액티브,"1,144",-,OK
442560,RISE TDF2040액티브 적격,4,385550,RISE 단기채권알파액티브,809,-,OK
442560,RISE TDF2040액티브 적격,5,148020,RISE 200,511,-,OK
442560,RISE TDF2040액티브 적격,6,469060,RISE 미국반도체NYSE,931,-,OK
442560,RISE TDF2040액티브 적격,7,481430,RISE 국고채10년액티브,308,-,OK
442560,RISE TDF2040액티브 적격,8,385560,RISE KIS국고채30년Enhanced,445,-,OK
442560,RISE TDF2040액티브 적격,9,295000,RISE 국채선물10년,377,-,OK
0041D0,KODEX 미국AI소프트웨어TOP10,,,,,,EMPTY_NO_TABLE
336160,RISE 금융채액티브,,,,,,EMPTY_NO_TABLE
0178H0,IBK 미국AI TOP10국채혼합50,,,,,,EMPTY_NO_TABLE
0210E0,PLUS 200커버드콜액티브,1,005930,삼성전자,990,32.72,OK
0210E0,PLUS 200커버드콜액티브,2,000660,SK하이닉스,118,28.28,OK
0210E0,PLUS 200커버드콜액티브,3,402340,SK스퀘어,19,2.86,OK
0210E0,PLUS 200커버드콜액티브,4,009150,삼성전기,12,2.01,OK
0210E0,PLUS 200커버드콜액티브,5,005380,현대차,29,1.67,OK
0210E0,PLUS 200커버드콜액티브,6,105560,KB금융,64,1.55,OK
0210E0,PLUS 200커버드콜액티브,7,055550,신한지주,86,1.21,OK
0210E0,PLUS 200커버드콜액티브,8,000270,기아,51,0.95,OK
0210E0,PLUS 200커버드콜액티브,9,028260,삼성물산,20,0.94,OK
0210E0,PLUS 200커버드콜액티브,10,086790,하나금융지주,52,0.90,OK
453650,KODEX 미국S&P500금융,,,,,,EMPTY_NO_TABLE
447430,ACE 주주환원가치주액티브,1,192080,더블유게임즈,"1,182",9.15,OK
447430,ACE 주주환원가치주액티브,2,009970,영원무역홀딩스,357,8.74,OK
447430,ACE 주주환원가치주액티브,3,035890,서희건설,"34,420",8.68,OK
447430,ACE 주주환원가치주액티브,4,018670,SK가스,243,6.76,OK
447430,ACE 주주환원가치주액티브,5,044450,KSS해운,"5,221",6.34,OK
447430,ACE 주주환원가치주액티브,6,192400,쿠쿠홀딩스,"1,863",6.03,OK
447430,ACE 주주환원가치주액티브,7,004490,세방전지,758,5.18,OK
447430,ACE 주주환원가치주액티브,8,306200,세아제강,283,4.34,OK
447430,ACE 주주환원가치주액티브,9,003030,세아제강지주,323,4.24,OK
447430,ACE 주주환원가치주액티브,10,034310,NICE,"2,817",4.18,OK
0193L0,PLUS 삼성전자선물단일종목인버스2X,,,,,,EMPTY_NO_TABLE
253250,KIWOOM 200선물레버리지,1,069660,KIWOOM 200,"2,494",19.76,OK
473590,ACE 미국주식베스트셀러,,,,,,EMPTY_NO_TABLE
475070,KoAct 글로벌친환경전력인프라액티브,1,322000,HD현대에너지솔루션,256,-,OK
475070,KoAct 글로벌친환경전력인프라액티브,2,112610,씨에스윈드,642,-,OK
475070,KoAct 글로벌친환경전력인프라액티브,3,010060,OCI홀딩스,122,-,OK
475070,KoAct 글로벌친환경전력인프라액티브,4,298040,효성중공업,9,-,OK
475070,KoAct 글로벌친환경전력인프라액티브,5,126340,비나텍,257,-,OK
475070,KoAct 글로벌친환경전력인프라액티브,6,010120,LS ELECTRIC,93,-,OK
475070,KoAct 글로벌친환경전력인프라액티브,7,062040,산일전기,96,-,OK
475070,KoAct 글로벌친환경전력인프라액티브,8,178320,서진시스템,392,-,OK
475070,KoAct 글로벌친환경전력인프라액티브,9,009830,한화솔루션,376,-,OK
475070,KoAct 글로벌친환경전력인프라액티브,10,171090,선익시스템,171,-,OK
475270,ACE 5월만기자동연장회사채AA-이상액티브,,,,,,EMPTY_NO_TABLE
452250,ACE 미국30년국채선물레버리지(합성 H),,,,,,EMPTY_NO_TABLE
440650,ACE 미국달러단기채권액티브,,,,,,EMPTY_NO_TABLE
401170,RISE 메타버스,1,259960,크래프톤,114,11.89,OK
401170,RISE 메타버스,2,036570,NC,107,11.28,OK
401170,RISE 메타버스,3,352820,하이브,120,11.20,OK
401170,RISE 메타버스,4,035720,카카오,690,10.51,OK
401170,RISE 메타버스,5,035420,NAVER,115,9.48,OK
401170,RISE 메타버스,6,034220,LG디스플레이,"2,005",9.10,OK
401170,RISE 메타버스,7,009150,삼성전기,14,7.91,OK
401170,RISE 메타버스,8,011070,LG이노텍,23,6.66,OK
401170,RISE 메타버스,9,035900,JYP Ent.,197,4.29,OK
401170,RISE 메타버스,10,263750,펄어비스,269,4.14,OK
407830,에셋플러스 글로벌플랫폼액티브,1,005930,삼성전자,175,-,OK
375770,KODEX 탄소효율그린뉴딜,1,005930,삼성전자,"2,629",27.27,OK
375770,KODEX 탄소효율그린뉴딜,2,000660,SK하이닉스,287,21.58,OK
375770,KODEX 탄소효율그린뉴딜,3,402340,SK스퀘어,72,3.41,OK
375770,KODEX 탄소효율그린뉴딜,4,105560,KB금융,232,1.76,OK
375770,KODEX 탄소효율그린뉴딜,5,005380,현대차,97,1.76,OK
375770,KODEX 탄소효율그린뉴딜,6,055550,신한지주,363,1.61,OK
375770,KODEX 탄소효율그린뉴딜,7,034020,두산에너빌리티,490,1.46,OK
375770,KODEX 탄소효율그린뉴딜,8,086790,하나금융지주,232,1.25,OK
375770,KODEX 탄소효율그린뉴딜,9,012450,한화에어로스페이스,31,1.18,OK
375770,KODEX 탄소효율그린뉴딜,10,000270,기아,201,1.18,OK
238720,ACE 일본Nikkei225(H),,,,,,EMPTY_NO_TABLE
456680,TIGER 차이나전기차레버리지(합성),,,,,,EMPTY_NO_TABLE
196030,ACE 일본TOPIX레버리지(H),,,,,,EMPTY_NO_TABLE
449690,TIGER 한중반도체(합성),,,,,,EMPTY_NO_TABLE
429760,PLUS 미국S&P500,,,,,,EMPTY_NO_TABLE
464470,PLUS 미국채30년액티브,,,,,,EMPTY_NO_TABLE
0007G0,PLUS 글로벌원자력밸류체인,,,,,,EMPTY_NO_TABLE
442090,에셋플러스 코리아대장장이액티브,1,000660,SK하이닉스,236,14.88,OK
442090,에셋플러스 코리아대장장이액티브,2,018670,SK가스,835,6.26,OK
442090,에셋플러스 코리아대장장이액티브,3,009150,삼성전기,123,5.42,OK
442090,에셋플러스 코리아대장장이액티브,4,036930,주성엔지니어링,709,4.42,OK
442090,에셋플러스 코리아대장장이액티브,5,005380,현대차,288,4.37,OK
442090,에셋플러스 코리아대장장이액티브,6,019210,와이지-원,"5,958",4.34,OK
442090,에셋플러스 코리아대장장이액티브,7,006400,삼성SDI,283,4.25,OK
442090,에셋플러스 코리아대장장이액티브,8,102710,이엔에프테크놀로지,"2,985",4.14,OK
442090,에셋플러스 코리아대장장이액티브,9,004430,송원산업,"9,924",4.11,OK
442090,에셋플러스 코리아대장장이액티브,10,010950,S-Oil,833,3.97,OK
418670,TIGER 글로벌AI사이버보안,1,053800,안랩,77,-,OK
305050,ACE 코스피,1,005930,삼성전자,"3,818",27.51,OK
305050,ACE 코스피,2,000660,SK하이닉스,466,24.34,OK
305050,ACE 코스피,3,402340,SK스퀘어,86,2.83,OK
305050,ACE 코스피,4,009150,삼성전기,49,1.79,OK
305050,ACE 코스피,5,005380,현대차,134,1.68,OK
305050,ACE 코스피,6,373220,LG에너지솔루션,153,1.42,OK
305050,ACE 코스피,7,105560,KB금융,232,1.22,OK
305050,ACE 코스피,8,032830,삼성생명,131,1.21,OK
305050,ACE 코스피,9,207940,삼성바이오로직스,30,1.19,OK
305050,ACE 코스피,10,028260,삼성물산,106,1.08,OK
491830,TIGER 미국AI반도체팹리스,,,,,,EMPTY_NO_TABLE
0191M0,마이티 5월만기자동연장특수채(AAA)액티브,,,,,,EMPTY_NO_TABLE
465660,TIGER 일본반도체FACTSET,,,,,,EMPTY_NO_TABLE
472840,IBK 200,1,005930,삼성전자,"3,454",32.55,OK
472840,IBK 200,2,000660,SK하이닉스,410,28.01,OK
472840,IBK 200,3,402340,SK스퀘어,68,2.92,OK
472840,IBK 200,4,009150,삼성전기,41,1.96,OK
472840,IBK 200,5,005380,현대차,101,1.66,OK
472840,IBK 200,6,105560,KB금융,225,1.55,OK
472840,IBK 200,7,055550,신한지주,305,1.23,OK
472840,IBK 200,8,028260,삼성물산,72,0.96,OK
472840,IBK 200,9,000270,기아,181,0.96,OK
472840,IBK 200,10,086790,하나금융지주,185,0.91,OK
437070,KODEX 아시아달러채권ESG플러스액티브,,,,,,EMPTY_NO_TABLE
448570,FOCUS AI코리아액티브,1,005930,삼성전자,"1,051",17.59,OK
448570,FOCUS AI코리아액티브,2,000660,SK하이닉스,101,12.26,OK
448570,FOCUS AI코리아액티브,3,105560,KB금융,557,6.82,OK
448570,FOCUS AI코리아액티브,4,086790,하나금융지주,758,6.61,OK
448570,FOCUS AI코리아액티브,5,316140,우리금융지주,"2,932",6.02,OK
448570,FOCUS AI코리아액티브,6,068270,셀트리온,501,5.77,OK
448570,FOCUS AI코리아액티브,7,207940,삼성바이오로직스,62,5.71,OK
448570,FOCUS AI코리아액티브,8,047810,한국항공우주,587,5.54,OK
448570,FOCUS AI코리아액티브,9,012330,현대모비스,171,5.48,OK
448570,FOCUS AI코리아액티브,10,064350,현대로템,490,5.48,OK
183700,RISE 200채권혼합50,1,005930,삼성전자,"2,466",-,OK
183700,RISE 200채권혼합50,2,148020,RISE 200,"5,178",-,OK
183700,RISE 200채권혼합50,3,000660,SK하이닉스,284,-,OK
183700,RISE 200채권혼합50,4,114100,RISE 국고채3년,"1,638",-,OK
183700,RISE 200채권혼합50,5,402340,SK스퀘어,49,-,OK
183700,RISE 200채권혼합50,6,009150,삼성전기,30,-,OK
183700,RISE 200채권혼합50,7,005380,현대차,72,-,OK
183700,RISE 200채권혼합50,8,105560,KB금융,161,-,OK
183700,RISE 200채권혼합50,9,055550,신한지주,218,-,OK
183700,RISE 200채권혼합50,10,000270,기아,129,-,OK
322410,HANARO K고배당,1,086790,하나금융지주,940,11.05,OK
322410,HANARO K고배당,2,316140,우리금융지주,"3,733",10.32,OK
322410,HANARO K고배당,3,030200,KT,"2,193",10.25,OK
322410,HANARO K고배당,4,024110,기업은행,"5,424",10.17,OK
322410,HANARO K고배당,5,000270,기아,725,9.22,OK
322410,HANARO K고배당,6,017800,현대엘리베이터,"1,329",8.09,OK
322410,HANARO K고배당,7,003550,LG,869,7.65,OK
322410,HANARO K고배당,8,029780,삼성카드,"1,268",5.37,OK
322410,HANARO K고배당,9,175330,JB금융지주,"1,699",4.22,OK
322410,HANARO K고배당,10,035250,강원랜드,"2,582",3.36,OK
0189B0,TIGER 은액티브,,,,,,EMPTY_NO_TABLE
465350,RISE 2차전지TOP10인버스(합성),,,,,,EMPTY_NO_TABLE
400970,TIGER Fn메타버스,1,259960,크래프톤,194,11.68,OK
400970,TIGER Fn메타버스,2,352820,하이브,207,11.16,OK
400970,TIGER Fn메타버스,3,036570,NC,174,10.59,OK
400970,TIGER Fn메타버스,4,035420,NAVER,202,9.61,OK
400970,TIGER Fn메타버스,5,034220,LG디스플레이,"3,520",9.23,OK
400970,TIGER Fn메타버스,6,011070,LG이노텍,42,7.02,OK
400970,TIGER Fn메타버스,7,035900,JYP Ent.,518,6.51,OK
400970,TIGER Fn메타버스,8,263750,펄어비스,714,6.34,OK
400970,TIGER Fn메타버스,9,251270,넷마블,539,5.20,OK
400970,TIGER Fn메타버스,10,462870,시프트업,558,4.82,OK
316670,KIWOOM 코스닥150,1,196170,알테오젠,34,7.84,OK
316670,KIWOOM 코스닥150,2,086520,에코프로,81,4.93,OK
316670,KIWOOM 코스닥150,3,247540,에코프로비엠,45,3.93,OK
316670,KIWOOM 코스닥150,4,036930,주성엔지니어링,26,3.46,OK
316670,KIWOOM 코스닥150,5,240810,원익IPS,27,2.46,OK
316670,KIWOOM 코스닥150,6,058470,리노공업,41,2.16,OK
316670,KIWOOM 코스닥150,7,319660,피에스케이,16,2.15,OK
316670,KIWOOM 코스닥150,8,277810,레인보우로보틱스,7,2.12,OK
316670,KIWOOM 코스닥150,9,298380,에이비엘바이오,34,1.96,OK
316670,KIWOOM 코스닥150,10,039030,이오테크닉스,7,1.83,OK
352540,KODEX 일본부동산리츠(H),,,,,,EMPTY_NO_TABLE
139280,TIGER 경기방어,1,068270,셀트리온,230,16.75,OK
139280,TIGER 경기방어,2,033780,KT&G,138,10.00,OK
139280,TIGER 경기방어,3,207940,삼성바이오로직스,16,9.32,OK
139280,TIGER 경기방어,4,017670,SK텔레콤,229,8.16,OK
139280,TIGER 경기방어,5,030200,KT,339,7.43,OK
139280,TIGER 경기방어,6,015760,한국전력,487,6.94,OK
139280,TIGER 경기방어,7,278470,에이피알,38,6.01,OK
139280,TIGER 경기방어,8,003230,삼양식품,6,2.77,OK
139280,TIGER 경기방어,9,000100,유한양행,92,2.61,OK
139280,TIGER 경기방어,10,032640,LG유플러스,420,2.54,OK
498860,RISE 코리아금융고배당,1,105560,KB금융,628,12.94,OK
498860,RISE 코리아금융고배당,2,024110,기업은행,"4,672",10.93,OK
498860,RISE 코리아금융고배당,3,005830,DB손해보험,594,10.45,OK
498860,RISE 코리아금융고배당,4,005940,NH투자증권,"3,000",10.34,OK
498860,RISE 코리아금융고배당,5,071050,한국금융지주,378,9.91,OK
498860,RISE 코리아금융고배당,6,016360,삼성증권,793,9.54,OK
498860,RISE 코리아금융고배당,7,001720,신영증권,541,9.07,OK
498860,RISE 코리아금융고배당,8,039490,키움증권,247,8.84,OK
498860,RISE 코리아금융고배당,9,030610,교보증권,"7,260",7.71,OK
498860,RISE 코리아금융고배당,10,032830,삼성생명,79,2.85,OK
261120,TIGER 미국달러선물인버스2X,1,230480,KIWOOM 미국달러선물인버스2X,"5,176",4.50,OK
261120,TIGER 미국달러선물인버스2X,2,139660,KIWOOM 미국달러선물인버스,"1,176",2.01,OK
139320,TIGER 금은선물(H),,,,,,EMPTY_NO_TABLE
494340,ACE 글로벌AI맞춤형반도체,,,,,,EMPTY_NO_TABLE
415340,KODEX 차이나과창판STAR50(합성),,,,,,EMPTY_NO_TABLE
459560,KODEX 테슬라밸류체인FactSet,1,373220,LG에너지솔루션,69,-,OK
459560,KODEX 테슬라밸류체인FactSet,2,051910,LG화학,67,-,OK
147970,TIGER 모멘텀,1,009150,삼성전기,64,5.07,OK
147970,TIGER 모멘텀,2,402340,SK스퀘어,62,4.43,OK
147970,TIGER 모멘텀,3,004170,신세계,113,4.11,OK
147970,TIGER 모멘텀,4,000660,SK하이닉스,36,4.08,OK
147970,TIGER 모멘텀,5,353200,대덕전자,512,3.58,OK
147970,TIGER 모멘텀,6,105560,KB금융,311,3.56,OK
147970,TIGER 모멘텀,7,010060,OCI홀딩스,266,3.34,OK
147970,TIGER 모멘텀,8,005930,삼성전자,213,3.33,OK
147970,TIGER 모멘텀,9,028260,삼성물산,150,3.33,OK
147970,TIGER 모멘텀,10,010120,LS ELECTRIC,293,3.32,OK
415920,PLUS 글로벌희토류&전략자원생산기업,,,,,,EMPTY_NO_TABLE
0154F0,WON 초대형IB&금융지주,1,105560,KB금융,409,11.71,OK
0154F0,WON 초대형IB&금융지주,2,086790,하나금융지주,540,11.01,OK
0154F0,WON 초대형IB&금융지주,3,055550,신한지주,640,10.69,OK
0154F0,WON 초대형IB&금융지주,4,138040,메리츠금융지주,585,10.53,OK
0154F0,WON 초대형IB&금융지주,5,138930,BNK금융지주,"3,692",10.31,OK
0154F0,WON 초대형IB&금융지주,6,316140,우리금융지주,"2,059",9.88,OK
0154F0,WON 초대형IB&금융지주,7,071050,한국금융지주,270,9.84,OK
0154F0,WON 초대형IB&금융지주,8,005940,NH투자증권,"1,990",9.53,OK
0154F0,WON 초대형IB&금융지주,9,039490,키움증권,181,9.01,OK
0154F0,WON 초대형IB&금융지주,10,006800,미래에셋증권,"1,215",7.48,OK
476690,TIGER 글로벌비만치료제TOP2Plus,,,,,,EMPTY_NO_TABLE
0141T0,SOL 중기종합채권(AA-이상)액티브,,,,,,EMPTY_NO_TABLE
104530,KIWOOM 코리아고배당,1,381970,케이카,"10,388",9.18,OK
104530,KIWOOM 코리아고배당,2,017800,현대엘리베이터,"1,143",8.97,OK
104530,KIWOOM 코리아고배당,3,002960,한국쉘석유,115,6.55,OK
104530,KIWOOM 코리아고배당,4,030000,제일기획,"2,818",6.04,OK
104530,KIWOOM 코리아고배당,5,215200,메가스터디교육,"1,348",6.04,OK
104530,KIWOOM 코리아고배당,6,300720,한일시멘트,"3,427",5.60,OK
104530,KIWOOM 코리아고배당,7,031210,서울보증보험,"1,134",5.47,OK
104530,KIWOOM 코리아고배당,8,029780,삼성카드,988,5.39,OK
104530,KIWOOM 코리아고배당,9,005830,DB손해보험,292,5.31,OK
104530,KIWOOM 코리아고배당,10,214320,이노션,"2,345",4.93,OK
195930,TIGER 유로스탁스50(합성 H),,,,,,EMPTY_NO_TABLE
474800,KIWOOM 미국원유에너지기업,,,,,,EMPTY_NO_TABLE
174360,RISE 중국본토대형주CSI100,,,,,,EMPTY_NO_TABLE
292770,KODEX 국채선물3년인버스,,,,,,EMPTY_NO_TABLE
252710,TIGER 200선물인버스2X,1,123310,TIGER 인버스,"2,611",35.62,OK
138910,KODEX 구리선물(H),,,,,,EMPTY_NO_TABLE
352560,KODEX 미국부동산리츠(H),,,,,,EMPTY_NO_TABLE
0100K0,KODEX 방산TOP10레버리지,1,047810,한국항공우주,"1,509",27.98,OK
0100K0,KODEX 방산TOP10레버리지,2,0080G0,KODEX 방산TOP10,"20,311",27.45,OK
0100K0,KODEX 방산TOP10레버리지,3,012450,한화에어로스페이스,206,24.91,OK
0100K0,KODEX 방산TOP10레버리지,4,064350,현대로템,"1,109",24.36,OK
0100K0,KODEX 방산TOP10레버리지,5,079550,LIG디펜스앤에어로스페이스,254,23.79,OK
0100K0,KODEX 방산TOP10레버리지,6,272210,한화시스템,"1,219",10.47,OK
0100K0,KODEX 방산TOP10레버리지,7,103140,풍산,316,2.56,OK
0100K0,KODEX 방산TOP10레버리지,8,189300,인텔리안테크,185,1.59,OK
0100K0,KODEX 방산TOP10레버리지,9,214430,아이쓰리시스템,179,1.38,OK
0100K0,KODEX 방산TOP10레버리지,10,484870,엠앤씨솔루션,342,1.13,OK
276970,KODEX 미국S&P500배당귀족커버드콜(합성 H),,,,,,EMPTY_NO_TABLE
292560,TIGER 일본엔선물,,,,,,EMPTY_NO_TABLE
153270,KIWOOM 코스피100,1,000660,SK하이닉스,282,30.96,OK
153270,KIWOOM 코스피100,2,005930,삼성전자,"1,993",30.19,OK
153270,KIWOOM 코스피100,3,402340,SK스퀘어,47,3.25,OK
153270,KIWOOM 코스피100,4,009150,삼성전기,28,2.15,OK
153270,KIWOOM 코스피100,5,005380,현대차,70,1.85,OK
153270,KIWOOM 코스피100,6,105560,KB금융,155,1.72,OK
153270,KIWOOM 코스피100,7,055550,신한지주,210,1.36,OK
153270,KIWOOM 코스피100,8,000270,기아,125,1.07,OK
153270,KIWOOM 코스피100,9,028260,삼성물산,49,1.05,OK
153270,KIWOOM 코스피100,10,086790,하나금융지주,127,1.00,OK
464920,PLUS 일본반도체소부장,,,,,,EMPTY_NO_TABLE
468630,KODEX iShares미국투자등급회사채액티브,,,,,,EMPTY_NO_TABLE
450190,KODEX 한중반도체(합성),,,,,,EMPTY_NO_TABLE
0112X0,마이티 200TR,1,005930,삼성전자,"2,618",32.71,OK
0112X0,마이티 200TR,2,000660,SK하이닉스,311,28.17,OK
0112X0,마이티 200TR,3,402340,SK스퀘어,52,2.96,OK
0112X0,마이티 200TR,4,009150,삼성전기,31,1.96,OK
0112X0,마이티 200TR,5,005380,현대차,77,1.68,OK
0112X0,마이티 200TR,6,105560,KB금융,171,1.56,OK
0112X0,마이티 200TR,7,055550,신한지주,231,1.23,OK
0112X0,마이티 200TR,8,000270,기아,137,0.97,OK
0112X0,마이티 200TR,9,028260,삼성물산,54,0.96,OK
0112X0,마이티 200TR,10,086790,하나금융지주,140,0.91,OK
099140,KODEX 차이나H,,,,,,EMPTY_NO_TABLE
365000,TIGER 인터넷TOP10,1,035720,카카오,"1,493",29.32,OK
365000,TIGER 인터넷TOP10,2,035420,NAVER,262,27.83,OK
365000,TIGER 인터넷TOP10,3,178320,서진시스템,788,17.48,OK
365000,TIGER 인터넷TOP10,4,189300,인텔리안테크,140,5.25,OK
365000,TIGER 인터넷TOP10,5,032500,케이엠더블유,514,4.56,OK
365000,TIGER 인터넷TOP10,6,067160,SOOP,136,3.69,OK
365000,TIGER 인터넷TOP10,7,042000,카페24,329,3.09,OK
365000,TIGER 인터넷TOP10,8,486990,노타,287,2.85,OK
365000,TIGER 인터넷TOP10,9,053800,안랩,90,2.76,OK
365000,TIGER 인터넷TOP10,10,376300,디어유,210,2.62,OK
491090,KODEX 미국테크TOP3플러스,,,,,,EMPTY_NO_TABLE
0085N0,ACE 미국10년국채액티브(H),,,,,,EMPTY_NO_TABLE
275280,KODEX 모멘텀주,1,005930,삼성전자,"3,847",23.01,OK
275280,KODEX 모멘텀주,2,000660,SK하이닉스,510,22.12,OK
275280,KODEX 모멘텀주,3,402340,SK스퀘어,337,9.20,OK
275280,KODEX 모멘텀주,4,009150,삼성전기,187,5.67,OK
275280,KODEX 모멘텀주,5,005380,현대차,271,2.83,OK
275280,KODEX 모멘텀주,6,005935,삼성전자우,575,2.39,OK
275280,KODEX 모멘텀주,7,034020,두산에너빌리티,"1,028",1.77,OK
275280,KODEX 모멘텀주,8,105560,KB금융,383,1.68,OK
275280,KODEX 모멘텀주,9,055550,신한지주,564,1.44,OK
275280,KODEX 모멘텀주,10,006400,삼성SDI,121,1.25,OK
0164G0,RISE 차이나AI반도체TOP4Plus,,,,,,EMPTY_NO_TABLE
276650,RISE 글로벌테크놀로지(합성 H),,,,,,EMPTY_NO_TABLE
241390,RISE V&S셀렉트밸류채권혼합,1,114100,RISE 국고채3년,"5,318",-,OK
241390,RISE V&S셀렉트밸류채권혼합,2,005930,삼성전자,"1,588",-,OK
241390,RISE V&S셀렉트밸류채권혼합,3,234310,RISE V&S셀렉트밸류,"5,477",-,OK
241390,RISE V&S셀렉트밸류채권혼합,4,138040,메리츠금융지주,797,-,OK
241390,RISE V&S셀렉트밸류채권혼합,5,055550,신한지주,420,-,OK
241390,RISE V&S셀렉트밸류채권혼합,6,012330,현대모비스,91,-,OK
241390,RISE V&S셀렉트밸류채권혼합,7,003550,LG,384,-,OK
241390,RISE V&S셀렉트밸류채권혼합,8,006400,삼성SDI,85,-,OK
241390,RISE V&S셀렉트밸류채권혼합,9,005387,현대차2우B,136,-,OK
241390,RISE V&S셀렉트밸류채권혼합,10,005490,POSCO홀딩스,81,-,OK
0166N0,PLUS 코스닥150액티브,1,393890,더블유씨피,"3,229",6.81,OK
0166N0,PLUS 코스닥150액티브,2,178320,서진시스템,634,6.14,OK
0166N0,PLUS 코스닥150액티브,3,458870,씨어스,697,5.67,OK
0166N0,PLUS 코스닥150액티브,4,089970,브이엠,150,3.57,OK
0166N0,PLUS 코스닥150액티브,5,095610,테스,76,3.50,OK
0166N0,PLUS 코스닥150액티브,6,031980,피에스케이홀딩스,100,3.46,OK
0166N0,PLUS 코스닥150액티브,7,319660,피에스케이,67,3.05,OK
0166N0,PLUS 코스닥150액티브,8,240810,원익IPS,97,2.99,OK
0166N0,PLUS 코스닥150액티브,9,183300,코미코,152,2.99,OK
0166N0,PLUS 코스닥150액티브,10,064760,티씨케이,47,2.66,OK
322400,HANARO e커머스,1,035720,카카오,"2,958",20.09,OK
322400,HANARO e커머스,2,035420,NAVER,486,17.85,OK
322400,HANARO e커머스,3,069960,현대백화점,369,11.38,OK
322400,HANARO e커머스,4,139480,이마트,588,9.46,OK
322400,HANARO e커머스,5,377300,카카오페이,"1,097",8.52,OK
322400,HANARO e커머스,6,257720,실리콘투,"1,083",8.12,OK
322400,HANARO e커머스,7,030000,제일기획,"2,039",7.47,OK
322400,HANARO e커머스,8,000120,CJ대한통운,322,4.63,OK
322400,HANARO e커머스,9,067160,SOOP,242,2.27,OK
322400,HANARO e커머스,10,093320,케이아이엔엑스,88,2.21,OK
426150,WON 대한민국국고채액티브,,,,,,EMPTY_NO_TABLE
0204S0,TIGER 코스닥액티브,1,170920,엘티씨,94,6.76,OK
0204S0,TIGER 코스닥액티브,2,131290,티에스이,17,5.85,OK
0204S0,TIGER 코스닥액티브,3,031980,피에스케이홀딩스,28,5.39,OK
0204S0,TIGER 코스닥액티브,4,095610,테스,20,5.12,OK
0204S0,TIGER 코스닥액티브,5,089970,브이엠,36,4.77,OK
0204S0,TIGER 코스닥액티브,6,252990,샘씨엔에스,277,4.73,OK
0204S0,TIGER 코스닥액티브,7,222800,심텍,28,4.16,OK
0204S0,TIGER 코스닥액티브,8,033160,엠케이전자,178,4.13,OK
0204S0,TIGER 코스닥액티브,9,080220,제주반도체,33,3.51,OK
0204S0,TIGER 코스닥액티브,10,064290,인텍플러스,57,3.40,OK
139270,TIGER 200 금융,1,105560,KB금융,372,19.75,OK
139270,TIGER 200 금융,2,055550,신한지주,503,15.58,OK
139270,TIGER 200 금융,3,086790,하나금융지주,304,11.50,OK
139270,TIGER 200 금융,4,032830,삼성생명,104,9.67,OK
139270,TIGER 200 금융,5,316140,우리금융지주,823,7.32,OK
139270,TIGER 200 금융,6,000810,삼성화재,36,6.56,OK
139270,TIGER 200 금융,7,006800,미래에셋증권,331,3.78,OK
139270,TIGER 200 금융,8,071050,한국금융지주,50,3.38,OK
139270,TIGER 200 금융,9,138040,메리츠금융지주,91,3.04,OK
139270,TIGER 200 금융,10,323410,카카오뱅크,418,2.78,OK
0083S0,1Q 미국메디컬AI,,,,,,EMPTY_NO_TABLE
446690,KODEX 아시아AI반도체exChina액티브,1,000660,SK하이닉스,157,-,OK
446690,KODEX 아시아AI반도체exChina액티브,2,005930,삼성전자,"1,013",-,OK
446690,KODEX 아시아AI반도체exChina액티브,3,095610,테스,"1,158",-,OK
446690,KODEX 아시아AI반도체exChina액티브,4,009150,삼성전기,113,-,OK
446690,KODEX 아시아AI반도체exChina액티브,5,319660,피에스케이,499,-,OK
446690,KODEX 아시아AI반도체exChina액티브,6,420770,기가비스,566,-,OK
446690,KODEX 아시아AI반도체exChina액티브,7,089970,브이엠,885,-,OK
446690,KODEX 아시아AI반도체exChina액티브,8,000150,두산,41,-,OK
446690,KODEX 아시아AI반도체exChina액티브,9,036930,주성엔지니어링,232,-,OK
446690,KODEX 아시아AI반도체exChina액티브,10,011070,LG이노텍,64,-,OK
105780,RISE 5대그룹주,1,402340,SK스퀘어,320,11.04,OK
105780,RISE 5대그룹주,2,000660,SK하이닉스,187,10.25,OK
105780,RISE 5대그룹주,3,005930,삼성전자,"1,313",9.93,OK
105780,RISE 5대그룹주,4,009150,삼성전기,218,8.35,OK
105780,RISE 5대그룹주,5,005380,현대차,614,8.10,OK
105780,RISE 5대그룹주,6,000270,기아,"1,118",4.77,OK
105780,RISE 5대그룹주,7,028260,삼성물산,442,4.74,OK
105780,RISE 5대그룹주,8,012330,현대모비스,272,3.94,OK
105780,RISE 5대그룹주,9,032830,삼성생명,388,3.76,OK
105780,RISE 5대그룹주,10,006400,삼성SDI,272,3.56,OK
122260,KIWOOM 통안채1년,,,,,,EMPTY_NO_TABLE
449780,KIWOOM 미국S&P500(H),,,,,,EMPTY_NO_TABLE
494410,PLUS 미국S&P500성장주,,,,,,EMPTY_NO_TABLE
459750,RISE 글로벌주식분산액티브,1,379780,RISE 미국S&P500,"9,771",-,OK
395290,HANARO Fn K-POP&미디어,1,352820,하이브,338,26.33,OK
395290,HANARO Fn K-POP&미디어,2,035900,JYP Ent.,"1,283",23.30,OK
395290,HANARO Fn K-POP&미디어,3,041510,에스엠,623,17.07,OK
395290,HANARO Fn K-POP&미디어,4,122870,와이지엔터테인먼트,649,9.91,OK
395290,HANARO Fn K-POP&미디어,5,035760,CJ ENM,535,6.19,OK
395290,HANARO Fn K-POP&미디어,6,253450,스튜디오드래곤,634,4.85,OK
395290,HANARO Fn K-POP&미디어,7,419530,SAMG엔터,353,3.57,OK
395290,HANARO Fn K-POP&미디어,8,037270,YG PLUS,"1,970",2.41,OK
395290,HANARO Fn K-POP&미디어,9,034120,SBS,522,2.31,OK
395290,HANARO Fn K-POP&미디어,10,473980,노머스,353,1.42,OK
256440,ACE MSCI인도네시아(합성),,,,,,EMPTY_NO_TABLE
0023B0,PLUS 미국양자컴퓨팅TOP10,,,,,,EMPTY_NO_TABLE
385520,KODEX 자율주행액티브,1,161390,한국타이어앤테크놀로지,685,5.99,OK
385520,KODEX 자율주행액티브,2,009150,삼성전기,33,5.34,OK
385520,KODEX 자율주행액티브,3,012330,현대모비스,83,5.08,OK
385520,KODEX 자율주행액티브,4,204320,HL만도,825,4.93,OK
385520,KODEX 자율주행액티브,5,095610,테스,207,4.84,OK
385520,KODEX 자율주행액티브,6,005380,현대차,86,4.79,OK
385520,KODEX 자율주행액티브,7,000660,SK하이닉스,20,4.63,OK
385520,KODEX 자율주행액티브,8,006400,삼성SDI,73,4.03,OK
385520,KODEX 자율주행액티브,9,307950,현대오토에버,70,3.85,OK
385520,KODEX 자율주행액티브,10,373220,LG에너지솔루션,92,3.79,OK
271060,KODEX 3대농산물선물(H),1,138920,KODEX 콩선물(H),975,-,OK
476070,KODEX 글로벌비만치료제TOP2 Plus,,,,,,EMPTY_NO_TABLE
0013R0,RISE 테슬라미국채타겟커버드콜혼합(합성),,,,,,EMPTY_NO_TABLE
0089B0,PLUS 미국나스닥100미국채혼합50,,,,,,EMPTY_NO_TABLE
192720,파워 고배당저변동성,1,005830,DB손해보험,368,3.37,OK
192720,파워 고배당저변동성,2,081660,미스토홀딩스,"1,208",3.14,OK
192720,파워 고배당저변동성,3,029780,삼성카드,"1,125",3.10,OK
192720,파워 고배당저변동성,4,024110,기업은행,"2,532",3.08,OK
192720,파워 고배당저변동성,5,175330,JB금융지주,"1,849",2.98,OK
192720,파워 고배당저변동성,6,030000,제일기획,"2,747",2.97,OK
192720,파워 고배당저변동성,7,035250,강원랜드,"3,400",2.87,OK
192720,파워 고배당저변동성,8,138930,BNK금융지주,"2,681",2.80,OK
192720,파워 고배당저변동성,9,032640,LG유플러스,"3,321",2.78,OK
192720,파워 고배당저변동성,10,316140,우리금융지주,"1,540",2.77,OK
261140,TIGER 우선주,1,005935,삼성전자우,681,25.23,OK
261140,TIGER 우선주,2,005387,현대차2우B,407,17.05,OK
261140,TIGER 우선주,3,00680K,미래에셋증권2우B,"3,225",8.41,OK
261140,TIGER 우선주,4,009155,삼성전기우,71,6.99,OK
261140,TIGER 우선주,5,066575,LG전자우,423,5.91,OK
261140,TIGER 우선주,6,000815,삼성화재우,67,5.55,OK
261140,TIGER 우선주,7,051915,LG화학우,189,4.88,OK
261140,TIGER 우선주,8,071055,한국금융지주우,138,4.52,OK
261140,TIGER 우선주,9,000155,두산우,45,4.00,OK
261140,TIGER 우선주,10,00088K,한화3우B,396,2.74,OK
0138T0,RISE 미국S&P500데일리고정커버드콜,,,,,,EMPTY_NO_TABLE
245350,TIGER 유로스탁스배당30,,,,,,EMPTY_NO_TABLE
387270,TIGER 글로벌이노베이션액티브,1,442580,PLUS 글로벌HBM반도체,224,-,OK
387270,TIGER 글로벌이노베이션액티브,2,005930,삼성전자,68,-,OK
387270,TIGER 글로벌이노베이션액티브,3,000660,SK하이닉스,9,-,OK
387270,TIGER 글로벌이노베이션액티브,4,471760,TIGER AI반도체핵심공정,920,-,OK
387270,TIGER 글로벌이노베이션액티브,5,139260,TIGER 200 IT,88,-,OK
387270,TIGER 글로벌이노베이션액티브,6,0117V0,TIGER 코리아AI전력기기TOP3플러스,594,-,OK
450910,SOL 코스닥150,1,196170,알테오젠,66,7.75,OK
450910,SOL 코스닥150,2,086520,에코프로,159,4.93,OK
450910,SOL 코스닥150,3,247540,에코프로비엠,88,3.91,OK
450910,SOL 코스닥150,4,036930,주성엔지니어링,51,3.45,OK
450910,SOL 코스닥150,5,240810,원익IPS,54,2.50,OK
450910,SOL 코스닥150,6,319660,피에스케이,32,2.19,OK
450910,SOL 코스닥150,7,058470,리노공업,81,2.17,OK
450910,SOL 코스닥150,8,277810,레인보우로보틱스,13,2.00,OK
450910,SOL 코스닥150,9,298380,에이비엘바이오,67,1.97,OK
450910,SOL 코스닥150,10,039030,이오테크닉스,14,1.87,OK
469050,RISE 미국반도체NYSE(H),,,,,,EMPTY_NO_TABLE
496770,PLUS 글로벌방산,,,,,,EMPTY_NO_TABLE
248270,TIGER S&P글로벌헬스케어(합성),,,,,,EMPTY_NO_TABLE
0107F0,KIWOOM 미국고배당&AI테크,,,,,,EMPTY_NO_TABLE
156080,KODEX MSCI Korea,1,005930,삼성전자,"6,767",33.39,OK
156080,KODEX MSCI Korea,2,000660,SK하이닉스,799,28.58,OK
156080,KODEX MSCI Korea,3,005935,삼성전자우,"1,161",3.98,OK
156080,KODEX MSCI Korea,4,402340,SK스퀘어,134,3.02,OK
156080,KODEX MSCI Korea,5,009150,삼성전기,81,2.02,OK
156080,KODEX MSCI Korea,6,105560,KB금융,512,1.85,OK
156080,KODEX MSCI Korea,7,005380,현대차,193,1.66,OK
156080,KODEX MSCI Korea,8,055550,신한지주,601,1.27,OK
156080,KODEX MSCI Korea,9,086790,하나금융지주,393,1.01,OK
156080,KODEX MSCI Korea,10,000270,기아,339,0.94,OK
395170,KODEX Top10동일가중,1,402340,SK스퀘어,154,11.23,OK
395170,KODEX Top10동일가중,2,032830,삼성생명,519,10.63,OK
395170,KODEX Top10동일가중,3,028260,삼성물산,462,10.48,OK
395170,KODEX Top10동일가중,4,000660,SK하이닉스,90,10.43,OK
395170,KODEX Top10동일가중,5,373220,LG에너지솔루션,493,10.17,OK
395170,KODEX Top10동일가중,6,005930,삼성전자,634,10.13,OK
395170,KODEX Top10동일가중,7,012330,현대모비스,329,10.07,OK
395170,KODEX Top10동일가중,8,329180,HD현대중공업,293,8.97,OK
395170,KODEX Top10동일가중,9,005380,현대차,318,8.87,OK
395170,KODEX Top10동일가중,10,009150,삼성전기,105,8.50,OK
380340,ACE 코리아AI테크핵심산업,1,035420,NAVER,"3,120",22.16,OK
380340,ACE 코리아AI테크핵심산업,2,009150,삼성전기,387,18.85,OK
380340,ACE 코리아AI테크핵심산업,3,011070,LG이노텍,550,13.73,OK
380340,ACE 코리아AI테크핵심산업,4,018260,삼성에스디에스,"1,430",10.28,OK
380340,ACE 코리아AI테크핵심산업,5,000660,SK하이닉스,115,8.02,OK
380340,ACE 코리아AI테크핵심산업,6,005930,삼성전자,805,7.74,OK
380340,ACE 코리아AI테크핵심산업,7,353200,대덕전자,"1,167",5.02,OK
380340,ACE 코리아AI테크핵심산업,8,064400,LG씨엔에스,"1,716",4.42,OK
380340,ACE 코리아AI테크핵심산업,9,307950,현대오토에버,229,3.79,OK
380340,ACE 코리아AI테크핵심산업,10,010170,대한광통신,"4,970",2.05,OK
275290,KODEX 가치주,1,000660,SK하이닉스,409,22.00,OK
275290,KODEX 가치주,2,005930,삼성전자,"2,621",19.45,OK
275290,KODEX 가치주,3,402340,SK스퀘어,360,12.18,OK
275290,KODEX 가치주,4,000270,기아,"1,042",4.36,OK
275290,KODEX 가치주,5,138930,BNK금융지주,"6,645",3.52,OK
275290,KODEX 가치주,6,005935,삼성전자우,645,3.33,OK
275290,KODEX 가치주,7,034730,SK,134,2.28,OK
275290,KODEX 가치주,8,139130,iM금융지주,"4,031",2.14,OK
275290,KODEX 가치주,9,011200,HMM,"3,017",1.72,OK
275290,KODEX 가치주,10,001450,현대해상,"1,462",1.64,OK
459790,KIWOOM 미국성장기업30액티브,,,,,,EMPTY_NO_TABLE
0186S0,1Q 코스닥150채권혼합50액티브,1,479080,1Q 머니마켓액티브,526,-,OK
0186S0,1Q 코스닥150채권혼합50액티브,2,196170,알테오젠,51,-,OK
0186S0,1Q 코스닥150채권혼합50액티브,3,086520,에코프로,123,-,OK
0186S0,1Q 코스닥150채권혼합50액티브,4,247540,에코프로비엠,67,-,OK
0186S0,1Q 코스닥150채권혼합50액티브,5,036930,주성엔지니어링,39,-,OK
0186S0,1Q 코스닥150채권혼합50액티브,6,240810,원익IPS,41,-,OK
0186S0,1Q 코스닥150채권혼합50액티브,7,319660,피에스케이,25,-,OK
0186S0,1Q 코스닥150채권혼합50액티브,8,058470,리노공업,62,-,OK
0186S0,1Q 코스닥150채권혼합50액티브,9,277810,레인보우로보틱스,10,-,OK
0186S0,1Q 코스닥150채권혼합50액티브,10,298380,에이비엘바이오,52,-,OK
266360,KODEX K콘텐츠,1,035420,NAVER,"1,204",22.76,OK
266360,KODEX K콘텐츠,2,035720,카카오,"4,580",16.00,OK
266360,KODEX K콘텐츠,3,259960,크래프톤,659,15.77,OK
266360,KODEX K콘텐츠,4,352820,하이브,585,12.53,OK
266360,KODEX K콘텐츠,5,036570,NC,399,9.65,OK
266360,KODEX K콘텐츠,6,035900,JYP Ent.,624,3.12,OK
266360,KODEX K콘텐츠,7,263750,펄어비스,868,3.06,OK
266360,KODEX K콘텐츠,8,030000,제일기획,"1,616",3.05,OK
266360,KODEX K콘텐츠,9,251270,넷마블,710,2.72,OK
266360,KODEX K콘텐츠,10,041510,에스엠,316,2.38,OK
475380,RISE 글로벌리얼티인컴,1,088980,맥쿼리인프라,"8,945",-,OK
0155M0,ACE 미국SMR원자력TOP10,,,,,,EMPTY_NO_TABLE
0137W0,KIWOOM 미국S&P500&GOLD,,,,,,EMPTY_NO_TABLE
469790,KIWOOM 코리아테크TOP10,1,005930,삼성전자,"4,495",27.09,OK
469790,KIWOOM 코리아테크TOP10,2,000660,SK하이닉스,611,26.70,OK
469790,KIWOOM 코리아테크TOP10,3,009150,삼성전기,402,12.27,OK
469790,KIWOOM 코리아테크TOP10,4,259960,크래프톤,"1,107",6.24,OK
469790,KIWOOM 코리아테크TOP10,5,035720,카카오,"6,793",5.59,OK
469790,KIWOOM 코리아테크TOP10,6,035420,NAVER,"1,218",5.42,OK
469790,KIWOOM 코리아테크TOP10,7,042700,한미반도체,"1,011",4.92,OK
469790,KIWOOM 코리아테크TOP10,8,018260,삼성에스디에스,953,4.29,OK
469790,KIWOOM 코리아테크TOP10,9,066570,LG전자,973,4.28,OK
469790,KIWOOM 코리아테크TOP10,10,011070,LG이노텍,195,3.05,OK
0067V0,TIGER 차이나글로벌리더스TOP3+,,,,,,EMPTY_NO_TABLE
269420,KODEX S&P글로벌인프라(합성),,,,,,EMPTY_NO_TABLE
489290,WON 미국빌리어네어,,,,,,EMPTY_NO_TABLE
0203S0,WON 삼성전자현대차채권혼합50,1,005380,현대차,246,-,OK
0203S0,WON 삼성전자현대차채권혼합50,2,005930,삼성전자,394,-,OK
145850,TREX 펀더멘탈 200,1,005930,삼성전자,"4,522",19.71,OK
145850,TREX 펀더멘탈 200,2,000660,SK하이닉스,149,4.71,OK
145850,TREX 펀더멘탈 200,3,105560,KB금융,"1,277",4.07,OK
145850,TREX 펀더멘탈 200,4,086790,하나금융지주,"1,571",3.57,OK
145850,TREX 펀더멘탈 200,5,055550,신한지주,"1,856",3.45,OK
145850,TREX 펀더멘탈 200,6,005380,현대차,445,3.38,OK
145850,TREX 펀더멘탈 200,7,000270,기아,"1,306",3.21,OK
145850,TREX 펀더멘탈 200,8,316140,우리금융지주,"4,783",2.56,OK
145850,TREX 펀더멘탈 200,9,005490,POSCO홀딩스,454,2.39,OK
145850,TREX 펀더멘탈 200,10,034730,SK,164,1.64,OK
0198D0,1Q SK하이닉스선물단일종목레버리지,1,000660,SK하이닉스,15,28.61,OK
437350,RISE 미국단기투자등급회사채액티브,,,,,,EMPTY_NO_TABLE
261060,TIGER 코스닥150IT,1,036930,주성엔지니어링,217,8.33,OK
261060,TIGER 코스닥150IT,2,240810,원익IPS,229,6.01,OK
261060,TIGER 코스닥150IT,3,319660,피에스케이,137,5.32,OK
261060,TIGER 코스닥150IT,4,058470,리노공업,345,5.25,OK
261060,TIGER 코스닥150IT,5,039030,이오테크닉스,58,4.39,OK
261060,TIGER 코스닥150IT,6,403870,HPSP,452,3.99,OK
261060,TIGER 코스닥150IT,7,222800,심텍,172,3.91,OK
261060,TIGER 코스닥150IT,8,080220,제주반도체,211,3.43,OK
261060,TIGER 코스닥150IT,9,108490,로보티즈,79,3.43,OK
261060,TIGER 코스닥150IT,10,095610,테스,81,3.18,OK
227540,TIGER 200 헬스케어,1,207940,삼성바이오로직스,56,22.04,OK
227540,TIGER 200 헬스케어,2,068270,셀트리온,415,20.42,OK
227540,TIGER 200 헬스케어,3,000100,유한양행,683,13.07,OK
227540,TIGER 200 헬스케어,4,326030,SK바이오팜,447,9.96,OK
227540,TIGER 200 헬스케어,5,128940,한미약품,72,7.72,OK
227540,TIGER 200 헬스케어,6,0126Z0,삼성에피스홀딩스,63,6.69,OK
227540,TIGER 200 헬스케어,7,009420,한올바이오파마,406,6.30,OK
227540,TIGER 200 헬스케어,8,302440,SK바이오사이언스,296,3.02,OK
227540,TIGER 200 헬스케어,9,008930,한미사이언스,320,2.98,OK
227540,TIGER 200 헬스케어,10,006280,녹십자,61,2.07,OK
0065G0,KODEX 차이나테크TOP10,,,,,,EMPTY_NO_TABLE
0152E0,SOL 배당성향탑픽액티브,1,000810,삼성화재,100,11.31,OK
0152E0,SOL 배당성향탑픽액티브,2,316140,우리금융지주,"1,597",8.82,OK
0152E0,SOL 배당성향탑픽액티브,3,005830,DB손해보험,309,8.70,OK
0152E0,SOL 배당성향탑픽액티브,4,138930,BNK금융지주,"2,383",7.66,OK
0152E0,SOL 배당성향탑픽액티브,5,005940,NH투자증권,"1,359",7.49,OK
0152E0,SOL 배당성향탑픽액티브,6,016360,삼성증권,389,7.49,OK
0152E0,SOL 배당성향탑픽액티브,7,381970,케이카,"4,732",6.48,OK
0152E0,SOL 배당성향탑픽액티브,8,030000,제일기획,"1,629",5.41,OK
0152E0,SOL 배당성향탑픽액티브,9,003690,코리안리,"2,099",5.17,OK
0152E0,SOL 배당성향탑픽액티브,10,001800,오리온홀딩스,894,4.24,OK
414270,ACE 글로벌자율주행액티브,,,,,,EMPTY_NO_TABLE
477730,KODEX 인도타타그룹,,,,,,EMPTY_NO_TABLE
245360,TIGER 차이나HSCEI,,,,,,EMPTY_NO_TABLE
419430,KODEX 차이나2차전지MSCI(합성),,,,,,EMPTY_NO_TABLE
469160,ACE 일본반도체,,,,,,EMPTY_NO_TABLE
440340,TIGER 글로벌멀티에셋TIF액티브,,,,,,EMPTY_NO_TABLE
289480,TIGER 200커버드콜,1,005930,삼성전자,"1,043",23.31,OK
289480,TIGER 200커버드콜,2,000660,SK하이닉스,124,20.09,OK
289480,TIGER 200커버드콜,3,102110,TIGER 200,"2,093",19.99,OK
289480,TIGER 200커버드콜,4,402340,SK스퀘어,21,2.14,OK
289480,TIGER 200커버드콜,5,009150,삼성전기,13,1.47,OK
289480,TIGER 200커버드콜,6,005380,현대차,31,1.21,OK
289480,TIGER 200커버드콜,7,105560,KB금융,69,1.13,OK
289480,TIGER 200커버드콜,8,055550,신한지주,93,0.89,OK
289480,TIGER 200커버드콜,9,028260,삼성물산,22,0.70,OK
289480,TIGER 200커버드콜,10,000270,기아,55,0.69,OK
493420,SOL 미국배당다우존스2호,,,,,,EMPTY_NO_TABLE
0093D0,KoAct 팔란티어밸류체인액티브,1,005930,삼성전자,147,-,OK
0093D0,KoAct 팔란티어밸류체인액티브,2,000660,SK하이닉스,11,-,OK
0093D0,KoAct 팔란티어밸류체인액티브,3,079550,LIG디펜스앤에어로스페이스,15,-,OK
261250,KODEX 미국달러선물레버리지,1,261240,KODEX 미국달러선물,"2,439",20.08,OK
261250,KODEX 미국달러선물레버리지,2,455030,KODEX 미국달러SOFR금리액티브(합성),"2,449",16.83,OK
261250,KODEX 미국달러선물레버리지,3,760018,키움 미국달러선물 ETN B,"1,360",7.94,OK
261250,KODEX 미국달러선물레버리지,4,138230,KIWOOM 미국달러선물,68,0.64,OK
496120,ACE 코리아밸류업,1,000660,SK하이닉스,188,20.38,OK
496120,ACE 코리아밸류업,2,005930,삼성전자,"1,067",15.95,OK
496120,ACE 코리아밸류업,3,402340,SK스퀘어,128,8.73,OK
496120,ACE 코리아밸류업,4,005380,현대차,190,4.96,OK
496120,ACE 코리아밸류업,5,105560,KB금융,424,4.64,OK
496120,ACE 코리아밸류업,6,055550,신한지주,575,3.67,OK
496120,ACE 코리아밸류업,7,000270,기아,341,2.87,OK
496120,ACE 코리아밸류업,8,086790,하나금융지주,348,2.71,OK
496120,ACE 코리아밸류업,9,012450,한화에어로스페이스,46,2.53,OK
496120,ACE 코리아밸류업,10,012330,현대모비스,87,2.49,OK
223190,KODEX 200가치저변동,1,005930,삼성전자,"2,515",23.23,OK
223190,KODEX 200가치저변동,2,105560,KB금융,795,5.37,OK
223190,KODEX 200가치저변동,3,005380,현대차,261,4.21,OK
223190,KODEX 200가치저변동,4,055550,신한지주,970,3.82,OK
223190,KODEX 200가치저변동,5,000270,기아,600,3.12,OK
223190,KODEX 200가치저변동,6,086790,하나금융지주,639,3.08,OK
223190,KODEX 200가치저변동,7,005490,POSCO홀딩스,209,2.34,OK
223190,KODEX 200가치저변동,8,012330,현대모비스,128,2.26,OK
223190,KODEX 200가치저변동,9,028260,삼성물산,163,2.14,OK
223190,KODEX 200가치저변동,10,316140,우리금융지주,"1,710",1.94,OK
0198B0,1Q 삼성전자선물단일종목레버리지,1,005930,삼성전자,102,31.93,OK
0198A0,KIWOOM 코스닥150커버드콜액티브,1,316670,KIWOOM 코스닥150,"11,091",16.71,OK
0198A0,KIWOOM 코스닥150커버드콜액티브,2,196170,알테오젠,68,4.71,OK
0198A0,KIWOOM 코스닥150커버드콜액티브,3,086520,에코프로,162,2.97,OK
0198A0,KIWOOM 코스닥150커버드콜액티브,4,247540,에코프로비엠,90,2.36,OK
0198A0,KIWOOM 코스닥150커버드콜액티브,5,036930,주성엔지니어링,52,2.08,OK
0198A0,KIWOOM 코스닥150커버드콜액티브,6,240810,원익IPS,54,1.48,OK
0198A0,KIWOOM 코스닥150커버드콜액티브,7,058470,리노공업,82,1.30,OK
0198A0,KIWOOM 코스닥150커버드콜액티브,8,319660,피에스케이,32,1.29,OK
0198A0,KIWOOM 코스닥150커버드콜액티브,9,277810,레인보우로보틱스,14,1.27,OK
0198A0,KIWOOM 코스닥150커버드콜액티브,10,298380,에이비엘바이오,68,1.18,OK
461600,SOL 미국30년국채액티브(H),,,,,,EMPTY_NO_TABLE
388280,RISE K엔터&여행레저,1,003490,대한항공,696,11.21,OK
388280,RISE K엔터&여행레저,2,352820,하이브,79,10.48,OK
388280,RISE K엔터&여행레저,3,004170,신세계,24,8.84,OK
388280,RISE K엔터&여행레저,4,069960,현대백화점,67,6.59,OK
388280,RISE K엔터&여행레저,5,035250,강원랜드,674,6.16,OK
388280,RISE K엔터&여행레저,6,111770,영원무역,116,6.11,OK
388280,RISE K엔터&여행레저,7,023530,롯데쇼핑,58,5.57,OK
388280,RISE K엔터&여행레저,8,139480,이마트,106,5.43,OK
388280,RISE K엔터&여행레저,9,008770,호텔신라,164,5.08,OK
388280,RISE K엔터&여행레저,10,035900,JYP Ent.,149,4.61,OK
167860,KIWOOM 국고채10년레버리지,,,,,,EMPTY_NO_TABLE
0155N0,HANARO K휴머노이드테마TOP10,1,005380,현대차,122,15.20,OK
0155N0,HANARO K휴머노이드테마TOP10,2,277810,레인보우로보틱스,120,13.98,OK
0155N0,HANARO K휴머노이드테마TOP10,3,204320,HL만도,957,12.78,OK
0155N0,HANARO K휴머노이드테마TOP10,4,108490,로보티즈,169,9.77,OK
0155N0,HANARO K휴머노이드테마TOP10,5,058610,에스피지,492,9.51,OK
0155N0,HANARO K휴머노이드테마TOP10,6,454910,두산로보틱스,444,8.73,OK
0155N0,HANARO K휴머노이드테마TOP10,7,307950,현대오토에버,68,8.36,OK
0155N0,HANARO K휴머노이드테마TOP10,8,012330,현대모비스,55,7.52,OK
0155N0,HANARO K휴머노이드테마TOP10,9,066570,LG전자,140,7.29,OK
0155N0,HANARO K휴머노이드테마TOP10,10,437730,삼현,730,6.41,OK
0097L0,KIWOOM 한국고배당&미국AI테크,1,017800,현대엘리베이터,747,-,OK
0097L0,KIWOOM 한국고배당&미국AI테크,2,000810,삼성화재,56,-,OK
0097L0,KIWOOM 한국고배당&미국AI테크,3,030000,제일기획,"1,851",-,OK
0097L0,KIWOOM 한국고배당&미국AI테크,4,081660,미스토홀딩스,763,-,OK
0097L0,KIWOOM 한국고배당&미국AI테크,5,003690,코리안리,"2,331",-,OK
0097L0,KIWOOM 한국고배당&미국AI테크,6,016360,삼성증권,296,-,OK
0097L0,KIWOOM 한국고배당&미국AI테크,7,001720,신영증권,199,-,OK
0097L0,KIWOOM 한국고배당&미국AI테크,8,161390,한국타이어앤테크놀로지,424,-,OK
0097L0,KIWOOM 한국고배당&미국AI테크,9,024110,기업은행,"1,338",-,OK
0097L0,KIWOOM 한국고배당&미국AI테크,10,029780,삼성카드,585,-,OK
185680,KODEX 미국S&P바이오(합성),,,,,,EMPTY_NO_TABLE
0192T0,SOL 코스닥TOP10,1,196170,알테오젠,262,24.59,OK
0192T0,SOL 코스닥TOP10,2,086520,에코프로,677,16.78,OK
0192T0,SOL 코스닥TOP10,3,247540,에코프로비엠,372,13.21,OK
0192T0,SOL 코스닥TOP10,4,240810,원익IPS,228,8.44,OK
0192T0,SOL 코스닥TOP10,5,058470,리노공업,343,7.35,OK
0192T0,SOL 코스닥TOP10,6,298380,에이비엘바이오,287,6.73,OK
0192T0,SOL 코스닥TOP10,7,277810,레인보우로보틱스,54,6.65,OK
0192T0,SOL 코스닥TOP10,8,039030,이오테크닉스,58,6.18,OK
0192T0,SOL 코스닥TOP10,9,028300,HLB,811,6.17,OK
0192T0,SOL 코스닥TOP10,10,032820,우리기술,"1,093",3.46,OK
0184E0,1Q 200채권혼합50액티브,1,005930,삼성전자,336,-,OK
0184E0,1Q 200채권혼합50액티브,2,000660,SK하이닉스,40,-,OK
0184E0,1Q 200채권혼합50액티브,3,479080,1Q 머니마켓액티브,"1,042",-,OK
0184E0,1Q 200채권혼합50액티브,4,402340,SK스퀘어,7,-,OK
0184E0,1Q 200채권혼합50액티브,5,009150,삼성전기,4,-,OK
0184E0,1Q 200채권혼합50액티브,6,005380,현대차,10,-,OK
0184E0,1Q 200채권혼합50액티브,7,105560,KB금융,22,-,OK
0184E0,1Q 200채권혼합50액티브,8,055550,신한지주,30,-,OK
0184E0,1Q 200채권혼합50액티브,9,000270,기아,18,-,OK
0184E0,1Q 200채권혼합50액티브,10,028260,삼성물산,7,-,OK
483570,KCGI 미국S&P500 TOP10,,,,,,EMPTY_NO_TABLE
0047R0,RISE 팔란티어고정테크100,,,,,,EMPTY_NO_TABLE
0206G0,1Q 현대차기아채권혼합50,1,000270,기아,775,-,OK
0206G0,1Q 현대차기아채권혼합50,2,005380,현대차,211,-,OK
0115C0,RISE 미국고배당다우존스TOP10,,,,,,EMPTY_NO_TABLE
0049K0,ACE 미국배당퀄리티채권혼합50,,,,,,EMPTY_NO_TABLE
138230,KIWOOM 미국달러선물,,,,,,EMPTY_NO_TABLE
277540,ACE 아시아TOP50,1,005930,삼성전자,886,-,OK
277540,ACE 아시아TOP50,2,000660,SK하이닉스,96,-,OK
277540,ACE 아시아TOP50,3,005935,삼성전자우,145,-,OK
277540,ACE 아시아TOP50,4,402340,SK스퀘어,16,-,OK
277540,ACE 아시아TOP50,5,105560,KB금융,63,-,OK
277540,ACE 아시아TOP50,6,005380,현대차,24,-,OK
277540,ACE 아시아TOP50,7,055550,신한지주,81,-,OK
277540,ACE 아시아TOP50,8,000270,기아,44,-,OK
277540,ACE 아시아TOP50,9,034020,두산에너빌리티,81,-,OK
277540,ACE 아시아TOP50,10,012450,한화에어로스페이스,6,-,OK
280930,KODEX 미국러셀2000(H),,,,,,EMPTY_NO_TABLE
411540,SOL 200 Top10,1,207940,삼성바이오로직스,150,12.35,OK
411540,SOL 200 Top10,2,402340,SK스퀘어,158,10.79,OK
411540,SOL 200 Top10,3,012450,한화에어로스페이스,191,10.51,OK
411540,SOL 200 Top10,4,000270,기아,"1,240",10.46,OK
411540,SOL 200 Top10,5,000660,SK하이닉스,92,9.98,OK
411540,SOL 200 Top10,6,373220,LG에너지솔루션,503,9.71,OK
411540,SOL 200 Top10,7,005930,삼성전자,647,9.68,OK
411540,SOL 200 Top10,8,034020,두산에너빌리티,"2,184",9.40,OK
411540,SOL 200 Top10,9,329180,HD현대중공업,300,8.60,OK
411540,SOL 200 Top10,10,005380,현대차,324,8.46,OK
300950,KODEX 게임산업,1,259960,크래프톤,643,26.62,OK
300950,KODEX 게임산업,2,036570,NC,461,19.28,OK
300950,KODEX 게임산업,3,263750,펄어비스,"1,923",11.74,OK
300950,KODEX 게임산업,4,251270,넷마블,"1,564",10.38,OK
300950,KODEX 게임산업,5,462870,시프트업,"1,725",10.25,OK
300950,KODEX 게임산업,6,192080,더블유게임즈,535,5.69,OK
300950,KODEX 게임산업,7,112040,위메이드,"1,034",3.18,OK
300950,KODEX 게임산업,8,293490,카카오게임즈,"1,992",2.74,OK
300950,KODEX 게임산업,9,069080,웹젠,927,1.89,OK
300950,KODEX 게임산업,10,095660,네오위즈,581,1.82,OK
0186L0,KoAct 미국로봇피지컬AI액티브,,,,,,EMPTY_NO_TABLE
292500,SOL KRX300,1,005930,삼성전자,"5,942",30.88,OK
292500,SOL KRX300,2,000660,SK하이닉스,706,26.60,OK
292500,SOL KRX300,3,402340,SK스퀘어,117,2.77,OK
292500,SOL KRX300,4,009150,삼성전기,71,1.87,OK
292500,SOL KRX300,5,005380,현대차,174,1.58,OK
292500,SOL KRX300,6,105560,KB금융,388,1.48,OK
292500,SOL KRX300,7,055550,신한지주,525,1.16,OK
292500,SOL KRX300,8,000270,기아,311,0.91,OK
292500,SOL KRX300,9,028260,삼성물산,123,0.91,OK
292500,SOL KRX300,10,086790,하나금융지주,318,0.86,OK
416090,ACE 중국과창판STAR50,,,,,,EMPTY_NO_TABLE
438320,TIGER 차이나항셍테크레버리지(합성 H),,,,,,EMPTY_NO_TABLE
0150K0,KoAct 수소전력ESS인프라액티브,1,119850,지엔씨에너지,"1,347",7.92,OK
0150K0,KoAct 수소전력ESS인프라액티브,2,475150,SK이터닉스,711,7.51,OK
0150K0,KoAct 수소전력ESS인프라액티브,3,006400,삼성SDI,63,6.10,OK
0150K0,KoAct 수소전력ESS인프라액티브,4,091580,상신이디피,"1,787",6.06,OK
0150K0,KoAct 수소전력ESS인프라액티브,5,373220,LG에너지솔루션,77,5.56,OK
0150K0,KoAct 수소전력ESS인프라액티브,6,010120,LS ELECTRIC,128,5.19,OK
0150K0,KoAct 수소전력ESS인프라액티브,7,416180,신성에스티,"1,171",4.83,OK
0150K0,KoAct 수소전력ESS인프라액티브,8,126340,비나텍,303,4.59,OK
0150K0,KoAct 수소전력ESS인프라액티브,9,107640,한중엔시에스,680,4.58,OK
0150K0,KoAct 수소전력ESS인프라액티브,10,417200,LS머트리얼즈,"1,712",4.52,OK
159800,마이티 코스피100,1,000660,SK하이닉스,580,30.99,OK
159800,마이티 코스피100,2,005930,삼성전자,"4,092",30.16,OK
159800,마이티 코스피100,3,402340,SK스퀘어,96,3.23,OK
159800,마이티 코스피100,4,009150,삼성전기,58,2.16,OK
159800,마이티 코스피100,5,005380,현대차,143,1.84,OK
159800,마이티 코스피100,6,105560,KB금융,318,1.71,OK
159800,마이티 코스피100,7,055550,신한지주,431,1.36,OK
159800,마이티 코스피100,8,000270,기아,256,1.06,OK
159800,마이티 코스피100,9,028260,삼성물산,101,1.06,OK
159800,마이티 코스피100,10,086790,하나금융지주,261,1.00,OK
117460,KODEX 에너지화학,1,051910,LG화학,586,16.64,OK
117460,KODEX 에너지화학,2,267250,HD현대,649,14.01,OK
117460,KODEX 에너지화학,3,096770,SK이노베이션,"1,072",12.88,OK
117460,KODEX 에너지화학,4,010950,S-Oil,601,9.14,OK
117460,KODEX 에너지화학,5,009830,한화솔루션,"1,945",6.79,OK
117460,KODEX 에너지화학,6,010060,OCI홀딩스,191,4.26,OK
117460,KODEX 에너지화학,7,014680,한솔케미칼,143,4.05,OK
117460,KODEX 에너지화학,8,011790,SKC,372,3.57,OK
117460,KODEX 에너지화학,9,002380,KCC,58,2.74,OK
117460,KODEX 에너지화학,10,011780,금호석유화학,210,2.69,OK
0193G0,KoAct 코스피액티브,1,005930,삼성전자,505,30.28,OK
0193G0,KoAct 코스피액티브,2,000660,SK하이닉스,55,23.91,OK
0193G0,KoAct 코스피액티브,3,402340,SK스퀘어,17,4.65,OK
0193G0,KoAct 코스피액티브,4,105560,KB금융,96,4.21,OK
0193G0,KoAct 코스피액티브,5,373220,LG에너지솔루션,33,2.55,OK
0193G0,KoAct 코스피액티브,6,009150,삼성전기,8,2.43,OK
0193G0,KoAct 코스피액티브,7,329180,HD현대중공업,18,2.07,OK
0193G0,KoAct 코스피액티브,8,005380,현대차,17,1.78,OK
0193G0,KoAct 코스피액티브,9,032830,삼성생명,23,1.77,OK
0193G0,KoAct 코스피액티브,10,028260,삼성물산,19,1.62,OK
292160,TIGER KRX300,1,005930,삼성전자,"5,873",31.13,OK
292160,TIGER KRX300,2,000660,SK하이닉스,698,26.82,OK
292160,TIGER KRX300,3,402340,SK스퀘어,116,2.80,OK
292160,TIGER KRX300,4,009150,삼성전기,70,1.88,OK
292160,TIGER KRX300,5,005380,현대차,172,1.59,OK
292160,TIGER KRX300,6,105560,KB금융,383,1.49,OK
292160,TIGER KRX300,7,055550,신한지주,519,1.17,OK
292160,TIGER KRX300,8,000270,기아,308,0.92,OK
292160,TIGER KRX300,9,028260,삼성물산,122,0.92,OK
292160,TIGER KRX300,10,086790,하나금융지주,314,0.87,OK
289250,TIGER MSCI KOREA ESG유니버설,1,000660,SK하이닉스,152,26.97,OK
289250,TIGER MSCI KOREA ESG유니버설,2,005930,삼성전자,863,21.12,OK
289250,TIGER MSCI KOREA ESG유니버설,3,009150,삼성전기,40,4.96,OK
289250,TIGER MSCI KOREA ESG유니버설,4,105560,KB금융,250,4.48,OK
289250,TIGER MSCI KOREA ESG유니버설,5,055550,신한지주,293,3.06,OK
289250,TIGER MSCI KOREA ESG유니버설,6,402340,SK스퀘어,24,2.68,OK
289250,TIGER MSCI KOREA ESG유니버설,7,005935,삼성전자우,148,2.52,OK
289250,TIGER MSCI KOREA ESG유니버설,8,086790,하나금융지주,191,2.44,OK
289250,TIGER MSCI KOREA ESG유니버설,9,006400,삼성SDI,43,1.82,OK
289250,TIGER MSCI KOREA ESG유니버설,10,035420,NAVER,100,1.81,OK
433220,에셋플러스 글로벌대장장이액티브,1,000660,SK하이닉스,8,-,OK
433220,에셋플러스 글로벌대장장이액티브,2,005930,삼성전자,43,-,OK
479850,HANARO K-뷰티,1,278470,에이피알,377,17.52,OK
479850,HANARO K-뷰티,2,090430,아모레퍼시픽,"1,046",15.55,OK
479850,HANARO K-뷰티,3,051900,LG생활건강,328,9.97,OK
479850,HANARO K-뷰티,4,214450,파마리서치,234,9.46,OK
479850,HANARO K-뷰티,5,161890,한국콜마,591,8.37,OK
479850,HANARO K-뷰티,6,483650,달바글로벌,312,7.61,OK
479850,HANARO K-뷰티,7,192820,코스맥스,292,6.58,OK
479850,HANARO K-뷰티,8,257720,실리콘투,"1,290",6.05,OK
479850,HANARO K-뷰티,9,145020,휴젤,185,5.54,OK
479850,HANARO K-뷰티,10,069620,대웅제약,158,2.56,OK
204450,KODEX 차이나H레버리지(H),,,,,,EMPTY_NO_TABLE
0047P0,RISE 테슬라고정테크100,,,,,,EMPTY_NO_TABLE
381560,HANARO Fn전기&수소차,1,000270,기아,691,11.50,OK
381560,HANARO Fn전기&수소차,2,012330,현대모비스,181,10.23,OK
381560,HANARO Fn전기&수소차,3,005380,현대차,179,9.21,OK
381560,HANARO Fn전기&수소차,4,373220,LG에너지솔루션,220,8.38,OK
381560,HANARO Fn전기&수소차,5,005490,POSCO홀딩스,234,8.36,OK
381560,HANARO Fn전기&수소차,6,066570,LG전자,380,8.18,OK
381560,HANARO Fn전기&수소차,7,006400,삼성SDI,126,6.43,OK
381560,HANARO Fn전기&수소차,8,010120,LS ELECTRIC,270,5.78,OK
381560,HANARO Fn전기&수소차,9,009150,삼성전기,35,5.23,OK
381560,HANARO Fn전기&수소차,10,096770,SK이노베이션,371,4.74,OK
195970,PLUS 선진국MSCI(합성 H),,,,,,EMPTY_NO_TABLE
364690,KODEX 혁신기술테마액티브,1,005930,삼성전자,"3,709",24.28,OK
364690,KODEX 혁신기술테마액티브,2,000660,SK하이닉스,431,20.45,OK
364690,KODEX 혁신기술테마액티브,3,009150,삼성전기,201,6.66,OK
364690,KODEX 혁신기술테마액티브,4,402340,SK스퀘어,178,5.32,OK
364690,KODEX 혁신기술테마액티브,5,011070,LG이노텍,228,3.88,OK
364690,KODEX 혁신기술테마액티브,6,012450,한화에어로스페이스,156,3.76,OK
364690,KODEX 혁신기술테마액티브,7,267260,HD현대일렉트릭,101,2.05,OK
364690,KODEX 혁신기술테마액티브,8,207940,삼성바이오로직스,53,1.91,OK
364690,KODEX 혁신기술테마액티브,9,005380,현대차,152,1.74,OK
364690,KODEX 혁신기술테마액티브,10,047810,한국항공우주,462,1.71,OK
463300,RISE 중국본토CSI300,,,,,,EMPTY_NO_TABLE
471460,KIWOOM 국고채30년액티브,1,167860,KIWOOM 국고채10년레버리지,"1,200",-,OK
091220,TIGER 은행,1,055550,신한지주,724,22.81,OK
091220,TIGER 은행,2,105560,KB금융,406,21.94,OK
091220,TIGER 은행,3,086790,하나금융지주,556,21.39,OK
091220,TIGER 은행,4,316140,우리금융지주,"1,638",14.83,OK
091220,TIGER 은행,5,323410,카카오뱅크,831,5.62,OK
091220,TIGER 은행,6,024110,기업은행,665,4.08,OK
091220,TIGER 은행,7,138930,BNK금융지주,662,3.49,OK
091220,TIGER 은행,8,175330,JB금융지주,383,3.11,OK
091220,TIGER 은행,9,139130,iM금융지주,339,1.79,OK
091220,TIGER 은행,10,006220,제주은행,33,0.09,OK
0190M0,KIWOOM 미국AI테크하이베타,,,,,,EMPTY_NO_TABLE
497780,KoAct 미국천연가스인프라액티브,,,,,,EMPTY_NO_TABLE
0026E0,KODEX 미국S&P500버퍼3월액티브,,,,,,EMPTY_NO_TABLE
228820,TIGER KTOP30,1,005930,삼성전자,"1,279",35.85,OK
228820,TIGER KTOP30,2,000660,SK하이닉스,53,10.77,OK
228820,TIGER KTOP30,3,009150,삼성전기,53,7.52,OK
228820,TIGER KTOP30,4,012450,한화에어로스페이스,53,5.46,OK
228820,TIGER KTOP30,5,000810,삼성화재,53,3.73,OK
228820,TIGER KTOP30,6,012330,현대모비스,53,2.85,OK
228820,TIGER KTOP30,7,035420,NAVER,132,2.73,OK
228820,TIGER KTOP30,8,005380,현대차,53,2.59,OK
228820,TIGER KTOP30,9,006400,삼성SDI,53,2.57,OK
228820,TIGER KTOP30,10,017670,SK텔레콤,264,2.49,OK
368190,HANARO Fn K-뉴딜디지털플러스,1,068270,셀트리온,242,11.61,OK
368190,HANARO Fn K-뉴딜디지털플러스,2,207940,삼성바이오로직스,26,9.97,OK
368190,HANARO Fn K-뉴딜디지털플러스,3,006400,삼성SDI,81,9.76,OK
368190,HANARO Fn K-뉴딜디지털플러스,4,005490,POSCO홀딩스,112,9.45,OK
368190,HANARO Fn K-뉴딜디지털플러스,5,373220,LG에너지솔루션,104,9.36,OK
368190,HANARO Fn K-뉴딜디지털플러스,6,035420,NAVER,179,9.22,OK
368190,HANARO Fn K-뉴딜디지털플러스,7,196170,알테오젠,97,8.41,OK
368190,HANARO Fn K-뉴딜디지털플러스,8,051910,LG화학,106,7.56,OK
368190,HANARO Fn K-뉴딜디지털플러스,9,035720,카카오,731,6.96,OK
368190,HANARO Fn K-뉴딜디지털플러스,10,259960,크래프톤,62,4.04,OK
457690,KODEX 33-06 국고채액티브,,,,,,EMPTY_NO_TABLE
217770,TIGER 원유선물인버스(H),,,,,,EMPTY_NO_TABLE
139250,TIGER 200 에너지화학,1,034730,SK,143,24.69,OK
139250,TIGER 200 에너지화학,2,051910,LG화학,184,14.19,OK
139250,TIGER 200 에너지화학,3,267250,HD현대,181,10.61,OK
139250,TIGER 200 에너지화학,4,096770,SK이노베이션,299,9.76,OK
139250,TIGER 200 에너지화학,5,010950,S-Oil,167,6.90,OK
139250,TIGER 200 에너지화학,6,009830,한화솔루션,569,5.39,OK
139250,TIGER 200 에너지화학,7,078930,GS,179,4.21,OK
139250,TIGER 200 에너지화학,8,010060,OCI홀딩스,53,3.21,OK
139250,TIGER 200 에너지화학,9,014680,한솔케미칼,40,3.08,OK
139250,TIGER 200 에너지화학,10,000880,한화,105,2.87,OK
367740,HANARO Fn5G산업,1,030200,KT,"3,639",9.39,OK
367740,HANARO Fn5G산업,2,017670,SK텔레콤,"2,061",8.65,OK
367740,HANARO Fn5G산업,3,006400,삼성SDI,393,8.47,OK
367740,HANARO Fn5G산업,4,005930,삼성전자,645,8.04,OK
367740,HANARO Fn5G산업,5,042700,한미반도체,783,7.88,OK
367740,HANARO Fn5G산업,6,009150,삼성전기,109,6.88,OK
367740,HANARO Fn5G산업,7,007660,이수페타시스,"1,401",6.83,OK
367740,HANARO Fn5G산업,8,000660,SK하이닉스,71,6.42,OK
367740,HANARO Fn5G산업,9,018260,삼성에스디에스,680,6.33,OK
367740,HANARO Fn5G산업,10,240810,원익IPS,823,5.03,OK
169950,KODEX 차이나A50,,,,,,EMPTY_NO_TABLE
0103T0,1Q K소버린AI,1,035420,NAVER,586,28.65,OK
0103T0,1Q K소버린AI,2,035720,카카오,"2,640",23.86,OK
0103T0,1Q K소버린AI,3,018260,삼성에스디에스,310,15.33,OK
0103T0,1Q K소버린AI,4,064400,LG씨엔에스,381,6.76,OK
0103T0,1Q K소버린AI,5,307950,현대오토에버,54,6.15,OK
0103T0,1Q K소버린AI,6,181710,NHN,238,2.37,OK
0103T0,1Q K소버린AI,7,300080,플리토,"1,265",2.24,OK
0103T0,1Q K소버린AI,8,041190,우리기술투자,"1,821",2.13,OK
0103T0,1Q K소버린AI,9,030520,한글과컴퓨터,480,2.07,OK
0103T0,1Q K소버린AI,10,022100,포스코DX,418,2.04,OK
461450,KODEX 코스닥글로벌,1,196170,알테오젠,772,15.97,OK
461450,KODEX 코스닥글로벌,2,086520,에코프로,"1,852",10.12,OK
461450,KODEX 코스닥글로벌,3,247540,에코프로비엠,"1,019",7.98,OK
461450,KODEX 코스닥글로벌,4,036930,주성엔지니어링,590,7.04,OK
461450,KODEX 코스닥글로벌,5,240810,원익IPS,623,5.08,OK
461450,KODEX 코스닥글로벌,6,058470,리노공업,938,4.43,OK
461450,KODEX 코스닥글로벌,7,298380,에이비엘바이오,785,4.06,OK
461450,KODEX 코스닥글로벌,8,141080,리가켐바이오,491,3.64,OK
461450,KODEX 코스닥글로벌,9,403870,HPSP,"1,232",3.37,OK
461450,KODEX 코스닥글로벌,10,222800,심텍,468,3.31,OK
364990,TIGER 게임TOP10,1,036570,NC,314,30.72,OK
364990,TIGER 게임TOP10,2,259960,크래프톤,307,29.72,OK
364990,TIGER 게임TOP10,3,251270,넷마블,"1,218",18.90,OK
364990,TIGER 게임TOP10,4,263750,펄어비스,469,6.70,OK
364990,TIGER 게임TOP10,5,192080,더블유게임즈,147,3.65,OK
364990,TIGER 게임TOP10,6,181710,NHN,170,2.64,OK
364990,TIGER 게임TOP10,7,462870,시프트업,185,2.57,OK
364990,TIGER 게임TOP10,8,112040,위메이드,270,1.94,OK
364990,TIGER 게임TOP10,9,293490,카카오게임즈,546,1.76,OK
364990,TIGER 게임TOP10,10,225570,넥슨게임즈,322,1.13,OK
300640,RISE 게임테마,1,462870,시프트업,"1,186",12.32,OK
300640,RISE 게임테마,2,036570,NC,157,11.49,OK
300640,RISE 게임테마,3,192080,더블유게임즈,595,11.06,OK
300640,RISE 게임테마,4,259960,크래프톤,152,11.00,OK
300640,RISE 게임테마,5,251270,넷마블,669,7.76,OK
300640,RISE 게임테마,6,112040,위메이드,"1,121",6.03,OK
300640,RISE 게임테마,7,263750,펄어비스,519,5.54,OK
300640,RISE 게임테마,8,293490,카카오게임즈,"2,231",5.37,OK
300640,RISE 게임테마,9,069080,웹젠,"1,105",3.95,OK
300640,RISE 게임테마,10,095660,네오위즈,657,3.59,OK
442550,RISE TDF2030액티브 적격,1,385550,RISE 단기채권알파액티브,"1,074",-,OK
442550,RISE TDF2030액티브 적격,2,379780,RISE 미국S&P500,"4,592",-,OK
442550,RISE TDF2030액티브 적격,3,385540,RISE 종합채권(A-이상)액티브,"1,087",-,OK
442550,RISE TDF2030액티브 적격,4,368590,RISE 미국나스닥100,"2,765",-,OK
442550,RISE TDF2030액티브 적격,5,273130,KODEX 종합채권(AA-이상)액티브,451,-,OK
442550,RISE TDF2030액티브 적격,6,481430,RISE 국고채10년액티브,372,-,OK
442550,RISE TDF2030액티브 적격,7,148020,RISE 200,330,-,OK
442550,RISE TDF2030액티브 적격,8,385560,RISE KIS국고채30년Enhanced,626,-,OK
442550,RISE TDF2030액티브 적격,9,295000,RISE 국채선물10년,596,-,OK
442550,RISE TDF2030액티브 적격,10,469060,RISE 미국반도체NYSE,676,-,OK
375760,HANARO 탄소효율그린뉴딜,1,005930,삼성전자,"2,640",27.76,OK
375760,HANARO 탄소효율그린뉴딜,2,000660,SK하이닉스,288,21.96,OK
375760,HANARO 탄소효율그린뉴딜,3,402340,SK스퀘어,72,3.45,OK
375760,HANARO 탄소효율그린뉴딜,4,105560,KB금융,233,1.79,OK
375760,HANARO 탄소효율그린뉴딜,5,005380,현대차,97,1.78,OK
375760,HANARO 탄소효율그린뉴딜,6,055550,신한지주,365,1.64,OK
375760,HANARO 탄소효율그린뉴딜,7,034020,두산에너빌리티,492,1.49,OK
375760,HANARO 탄소효율그린뉴딜,8,086790,하나금융지주,227,1.24,OK
375760,HANARO 탄소효율그린뉴딜,9,012450,한화에어로스페이스,31,1.20,OK
375760,HANARO 탄소효율그린뉴딜,10,000270,기아,202,1.20,OK
464600,SOL 자동차소부장Fn,1,012330,현대모비스,257,11.05,OK
464600,SOL 자동차소부장Fn,2,066570,LG전자,654,10.70,OK
464600,SOL 자동차소부장Fn,3,009150,삼성전기,81,9.20,OK
464600,SOL 자동차소부장Fn,4,307950,현대오토에버,215,8.30,OK
464600,SOL 자동차소부장Fn,5,011070,LG이노텍,134,7.81,OK
464600,SOL 자동차소부장Fn,6,018880,한온시스템,"23,245",7.05,OK
464600,SOL 자동차소부장Fn,7,204320,HL만도,"1,507",6.32,OK
464600,SOL 자동차소부장Fn,8,098460,고영,"2,527",5.76,OK
464600,SOL 자동차소부장Fn,9,005930,삼성전자,242,5.43,OK
464600,SOL 자동차소부장Fn,10,011210,현대위아,731,3.86,OK
376410,TIGER 탄소효율그린뉴딜,1,005930,삼성전자,"2,575",27.00,OK
376410,TIGER 탄소효율그린뉴딜,2,000660,SK하이닉스,281,21.36,OK
376410,TIGER 탄소효율그린뉴딜,3,402340,SK스퀘어,70,3.35,OK
376410,TIGER 탄소효율그린뉴딜,4,105560,KB금융,228,1.75,OK
376410,TIGER 탄소효율그린뉴딜,5,005380,현대차,95,1.74,OK
376410,TIGER 탄소효율그린뉴딜,6,055550,신한지주,356,1.59,OK
376410,TIGER 탄소효율그린뉴딜,7,034020,두산에너빌리티,480,1.45,OK
376410,TIGER 탄소효율그린뉴딜,8,086790,하나금융지주,228,1.25,OK
376410,TIGER 탄소효율그린뉴딜,9,000270,기아,197,1.16,OK
376410,TIGER 탄소효율그린뉴딜,10,012450,한화에어로스페이스,30,1.16,OK
108590,TREX 200,1,005930,삼성전자,"6,950",32.70,OK
108590,TREX 200,2,000660,SK하이닉스,827,28.21,OK
108590,TREX 200,3,402340,SK스퀘어,137,2.94,OK
108590,TREX 200,4,009150,삼성전기,82,1.95,OK
108590,TREX 200,5,005380,현대차,202,1.66,OK
108590,TREX 200,6,105560,KB금융,459,1.58,OK
108590,TREX 200,7,055550,신한지주,622,1.25,OK
108590,TREX 200,8,028260,삼성물산,145,0.97,OK
108590,TREX 200,9,000270,기아,364,0.97,OK
108590,TREX 200,10,086790,하나금융지주,379,0.93,OK
239660,PLUS 우량회사채50,1,298340,PLUS 국채선물3년,"1,111",-,OK
229720,KODEX KTOP30,1,005930,삼성전자,"5,271",37.23,OK
229720,KODEX KTOP30,2,000660,SK하이닉스,211,10.80,OK
229720,KODEX KTOP30,3,009150,삼성전기,211,7.55,OK
229720,KODEX KTOP30,4,012450,한화에어로스페이스,211,5.48,OK
229720,KODEX KTOP30,5,000810,삼성화재,211,3.74,OK
229720,KODEX KTOP30,6,012330,현대모비스,211,2.85,OK
229720,KODEX KTOP30,7,035420,NAVER,527,2.75,OK
229720,KODEX KTOP30,8,005380,현대차,211,2.60,OK
229720,KODEX KTOP30,9,006400,삼성SDI,211,2.58,OK
229720,KODEX KTOP30,10,017670,SK텔레콤,"1,054",2.51,OK
0153X0,PLUS 미국고배당주액티브,,,,,,EMPTY_NO_TABLE
0144M0,KODEX 미국드론UAM TOP10,,,,,,EMPTY_NO_TABLE
489000,PLUS 일본엔화초단기국채(합성),,,,,,EMPTY_NO_TABLE
481340,RISE 미국30년국채액티브,1,610078,메리츠 3X 레버리지 미국채30년 ETN,338,-,OK
0051A0,KoAct 브로드컴밸류체인액티브,,,,,,EMPTY_NO_TABLE
0127R0,RISE 미국AI클라우드인프라,,,,,,EMPTY_NO_TABLE
225130,ACE 골드선물 레버리지(합성 H),,,,,,EMPTY_NO_TABLE
415760,SOL 차이나육성산업액티브(합성),,,,,,EMPTY_NO_TABLE
117680,KODEX 철강,1,005490,POSCO홀딩스,570,23.32,OK
117680,KODEX 철강,2,004020,현대제철,"5,642",20.08,OK
117680,KODEX 철강,3,010130,고려아연,137,18.65,OK
117680,KODEX 철강,4,103140,풍산,"1,128",9.41,OK
117680,KODEX 철강,5,001430,세아베스틸지주,818,3.29,OK
117680,KODEX 철강,6,295310,에이치브이엠,525,3.14,OK
117680,KODEX 철강,7,006110,삼아알미늄,568,2.93,OK
117680,KODEX 철강,8,460860,동국제강,"2,364",2.62,OK
117680,KODEX 철강,9,005810,풍산홀딩스,474,2.10,OK
117680,KODEX 철강,10,009520,포스코엠텍,"1,397",2.04,OK
284980,RISE 200금융,1,105560,KB금융,496,19.78,OK
284980,RISE 200금융,2,055550,신한지주,672,15.63,OK
284980,RISE 200금융,3,086790,하나금융지주,406,11.53,OK
284980,RISE 200금융,4,032830,삼성생명,138,9.63,OK
284980,RISE 200금융,5,316140,우리금융지주,"1,100",7.35,OK
284980,RISE 200금융,6,000810,삼성화재,49,6.71,OK
284980,RISE 200금융,7,006800,미래에셋증권,442,3.79,OK
284980,RISE 200금융,8,071050,한국금융지주,67,3.40,OK
284980,RISE 200금융,9,138040,메리츠금융지주,121,3.03,OK
284980,RISE 200금융,10,323410,카카오뱅크,558,2.78,OK
152380,KODEX 국채선물10년,,,,,,EMPTY_NO_TABLE
0177A0,WON 두산그룹포커스,1,034020,두산에너빌리티,"1,593",27.62,OK
0177A0,WON 두산그룹포커스,2,000150,두산,87,25.51,OK
0177A0,WON 두산그룹포커스,3,454910,두산로보틱스,"1,291",21.44,OK
0177A0,WON 두산그룹포커스,4,241560,두산밥캣,438,6.39,OK
0177A0,WON 두산그룹포커스,5,336260,두산퓨얼셀,400,4.25,OK
0177A0,WON 두산그룹포커스,6,131970,두산테스나,185,4.05,OK
0177A0,WON 두산그룹포커스,7,267270,HD건설기계,65,1.96,OK
0177A0,WON 두산그룹포커스,8,005930,삼성전자,31,1.87,OK
0177A0,WON 두산그룹포커스,9,052690,한전기술,80,1.85,OK
0177A0,WON 두산그룹포커스,10,005690,파미셀,681,1.84,OK
253290,RISE 헬스케어채권혼합,1,114100,RISE 국고채3년,"4,422",-,OK
253290,RISE 헬스케어채권혼합,2,253280,RISE 헬스케어,"19,141",-,OK
253290,RISE 헬스케어채권혼합,3,207940,삼성바이오로직스,34,-,OK
253290,RISE 헬스케어채권혼합,4,068270,셀트리온,261,-,OK
253290,RISE 헬스케어채권혼합,5,196170,알테오젠,125,-,OK
253290,RISE 헬스케어채권혼합,6,000100,유한양행,310,-,OK
253290,RISE 헬스케어채권혼합,7,298380,에이비엘바이오,237,-,OK
253290,RISE 헬스케어채권혼합,8,326030,SK바이오팜,224,-,OK
253290,RISE 헬스케어채권혼합,9,028300,HLB,663,-,OK
253290,RISE 헬스케어채권혼합,10,141080,리가켐바이오,148,-,OK
371450,TIGER 글로벌클라우드컴퓨팅INDXX,,,,,,EMPTY_NO_TABLE
404260,KODEX 기후변화솔루션,1,112610,씨에스윈드,"5,102",9.17,OK
404260,KODEX 기후변화솔루션,2,009830,한화솔루션,"5,902",8.20,OK
404260,KODEX 기후변화솔루션,3,006400,삼성SDI,415,7.93,OK
404260,KODEX 기후변화솔루션,4,000660,SK하이닉스,98,7.85,OK
404260,KODEX 기후변화솔루션,5,005930,삼성전자,692,7.64,OK
404260,KODEX 기후변화솔루션,6,000880,한화,"1,759",7.05,OK
404260,KODEX 기후변화솔루션,7,005380,현대차,347,6.69,OK
404260,KODEX 기후변화솔루션,8,022100,포스코DX,"7,634",6.21,OK
404260,KODEX 기후변화솔루션,9,336260,두산퓨얼셀,"2,935",5.71,OK
404260,KODEX 기후변화솔루션,10,100090,SK오션플랜트,"9,062",5.27,OK
483330,ACE 마이크로소프트밸류체인액티브,,,,,,EMPTY_NO_TABLE
0207Z0,KIWOOM 미국우주데이터센터인프라,,,,,,EMPTY_NO_TABLE
461910,PLUS 미국테크TOP10레버리지(합성),,,,,,EMPTY_NO_TABLE
236350,TIGER 인도니프티50레버리지(합성),1,453870,TIGER 인도니프티50,"3,000",-,OK
468370,KODEX iShares미국인플레이션국채액티브,,,,,,EMPTY_NO_TABLE
337120,KODEX 멀티팩터,1,005930,삼성전자,"3,916",28.75,OK
337120,KODEX 멀티팩터,2,000660,SK하이닉스,477,25.39,OK
337120,KODEX 멀티팩터,3,402340,SK스퀘어,88,2.95,OK
337120,KODEX 멀티팩터,4,009150,삼성전기,45,1.67,OK
337120,KODEX 멀티팩터,5,005380,현대차,110,1.41,OK
337120,KODEX 멀티팩터,6,105560,KB금융,238,1.28,OK
337120,KODEX 멀티팩터,7,032830,삼성생명,134,1.26,OK
337120,KODEX 멀티팩터,8,000270,기아,261,1.08,OK
337120,KODEX 멀티팩터,9,055550,신한지주,318,1.00,OK
337120,KODEX 멀티팩터,10,023530,롯데쇼핑,204,0.91,OK
0104P0,TIGER 코리아배당다우존스위클리커버드콜,1,175330,JB금융지주,"1,885",4.70,OK
0104P0,TIGER 코리아배당다우존스위클리커버드콜,2,081660,미스토홀딩스,"1,134",4.56,OK
0104P0,TIGER 코리아배당다우존스위클리커버드콜,3,086790,하나금융지주,384,4.53,OK
0104P0,TIGER 코리아배당다우존스위클리커버드콜,4,005830,DB손해보험,309,4.37,OK
0104P0,TIGER 코리아배당다우존스위클리커버드콜,5,111770,영원무역,573,4.31,OK
0104P0,TIGER 코리아배당다우존스위클리커버드콜,6,138930,BNK금융지주,"2,618",4.23,OK
0104P0,TIGER 코리아배당다우존스위클리커버드콜,7,316140,우리금융지주,"1,504",4.17,OK
0104P0,TIGER 코리아배당다우존스위클리커버드콜,8,024110,기업은행,"2,209",4.16,OK
0104P0,TIGER 코리아배당다우존스위클리커버드콜,9,161390,한국타이어앤테크놀로지,644,3.99,OK
0104P0,TIGER 코리아배당다우존스위클리커버드콜,10,000810,삼성화재,70,3.98,OK
289040,KODEX MSCI KOREA ESG유니버설,1,000660,SK하이닉스,434,24.14,OK
289040,KODEX MSCI KOREA ESG유니버설,2,005930,삼성전자,"2,865",21.98,OK
289040,KODEX MSCI KOREA ESG유니버설,3,009150,삼성전기,131,5.09,OK
289040,KODEX MSCI KOREA ESG유니버설,4,105560,KB금융,827,4.64,OK
289040,KODEX MSCI KOREA ESG유니버설,5,055550,신한지주,970,3.18,OK
289040,KODEX MSCI KOREA ESG유니버설,6,402340,SK스퀘어,81,2.83,OK
289040,KODEX MSCI KOREA ESG유니버설,7,005935,삼성전자우,492,2.62,OK
289040,KODEX MSCI KOREA ESG유니버설,8,086790,하나금융지주,634,2.53,OK
289040,KODEX MSCI KOREA ESG유니버설,9,035420,NAVER,330,1.87,OK
289040,KODEX MSCI KOREA ESG유니버설,10,006400,삼성SDI,141,1.87,OK
445910,TIGER MKF배당귀족,1,078930,GS,500,3.96,OK
445910,TIGER MKF배당귀족,2,175330,JB금융지주,"1,378",3.85,OK
445910,TIGER MKF배당귀족,3,067160,SOOP,787,3.76,OK
445910,TIGER MKF배당귀족,4,029780,삼성카드,760,3.62,OK
445910,TIGER MKF배당귀족,5,005300,롯데칠성,353,3.58,OK
445910,TIGER MKF배당귀족,6,097950,CJ제일제당,184,3.52,OK
445910,TIGER MKF배당귀족,7,161390,한국타이어앤테크놀로지,504,3.50,OK
445910,TIGER MKF배당귀족,8,018670,SK가스,160,3.50,OK
445910,TIGER MKF배당귀족,9,271560,오리온,259,3.45,OK
445910,TIGER MKF배당귀족,10,086280,현대글로비스,183,3.43,OK
407310,HANARO 200 TOP10,1,207940,삼성바이오로직스,73,12.28,OK
407310,HANARO 200 TOP10,2,402340,SK스퀘어,77,10.74,OK
407310,HANARO 200 TOP10,3,012450,한화에어로스페이스,93,10.46,OK
407310,HANARO 200 TOP10,4,000270,기아,605,10.43,OK
407310,HANARO 200 TOP10,5,000660,SK하이닉스,45,9.98,OK
407310,HANARO 200 TOP10,6,373220,LG에너지솔루션,245,9.67,OK
407310,HANARO 200 TOP10,7,005930,삼성전자,316,9.66,OK
407310,HANARO 200 TOP10,8,034020,두산에너빌리티,"1,065",9.37,OK
407310,HANARO 200 TOP10,9,329180,HD현대중공업,146,8.55,OK
407310,HANARO 200 TOP10,10,005380,현대차,158,8.43,OK
226980,KODEX 200 중소형,1,007660,이수페타시스,912,4.06,OK
226980,KODEX 200 중소형,2,006260,LS,278,3.77,OK
226980,KODEX 200 중소형,3,138930,BNK금융지주,"4,534",3.68,OK
226980,KODEX 200 중소형,4,175330,JB금융지주,"2,624",3.29,OK
226980,KODEX 200 중소형,5,004170,신세계,105,2.78,OK
226980,KODEX 200 중소형,6,267270,HD건설기계,475,2.70,OK
226980,KODEX 200 중소형,7,000990,DB하이텍,511,2.53,OK
226980,KODEX 200 중소형,8,001440,대한전선,"1,975",2.50,OK
226980,KODEX 200 중소형,9,064400,LG씨엔에스,797,2.43,OK
226980,KODEX 200 중소형,10,047040,대우건설,"3,312",2.37,OK
304770,HANARO 코스닥150,1,196170,알테오젠,68,7.81,OK
304770,HANARO 코스닥150,2,086520,에코프로,162,4.91,OK
304770,HANARO 코스닥150,3,247540,에코프로비엠,89,3.87,OK
304770,HANARO 코스닥150,4,036930,주성엔지니어링,52,3.44,OK
304770,HANARO 코스닥150,5,240810,원익IPS,55,2.49,OK
304770,HANARO 코스닥150,6,319660,피에스케이,33,2.21,OK
304770,HANARO 코스닥150,7,058470,리노공업,82,2.15,OK
304770,HANARO 코스닥150,8,298380,에이비엘바이오,69,1.98,OK
304770,HANARO 코스닥150,9,277810,레인보우로보틱스,13,1.96,OK
304770,HANARO 코스닥150,10,039030,이오테크닉스,14,1.83,OK
0018Z0,RISE 미국양자컴퓨팅,,,,,,EMPTY_NO_TABLE
487950,KODEX 대만테크고배당다우존스,,,,,,EMPTY_NO_TABLE
0194R0,KIWOOM SK하이닉스선물단일종목레버리지,1,000660,SK하이닉스,35,14.45,OK
213630,PLUS 미국다우존스고배당주(합성 H),,,,,,EMPTY_NO_TABLE
0203R0,WON 중단기종합채권(A-이상)액티브,,,,,,EMPTY_NO_TABLE
304760,HANARO KRX300,1,005930,삼성전자,"2,879",31.12,OK
304760,HANARO KRX300,2,000660,SK하이닉스,342,26.80,OK
304760,HANARO KRX300,3,402340,SK스퀘어,57,2.81,OK
304760,HANARO KRX300,4,009150,삼성전기,35,1.92,OK
304760,HANARO KRX300,5,005380,현대차,84,1.58,OK
304760,HANARO KRX300,6,105560,KB금융,188,1.49,OK
304760,HANARO KRX300,7,055550,신한지주,254,1.17,OK
304760,HANARO KRX300,8,000270,기아,151,0.92,OK
304760,HANARO KRX300,9,028260,삼성물산,60,0.92,OK
304760,HANARO KRX300,10,086790,하나금융지주,154,0.87,OK
419650,PLUS 글로벌수소&차세대연료전지,1,336260,두산퓨얼셀,231,-,OK
419650,PLUS 글로벌수소&차세대연료전지,2,382900,범한퓨얼셀,573,-,OK
419650,PLUS 글로벌수소&차세대연료전지,3,271940,일진하이솔루스,806,-,OK
419650,PLUS 글로벌수소&차세대연료전지,4,0001A0,덕양에너젠,198,-,OK
474920,에셋플러스 차이나일등기업포커스10액티브,,,,,,EMPTY_NO_TABLE
0192S0,SOL 코스피200채권혼합50,1,005930,삼성전자,485,-,OK
0192S0,SOL 코스피200채권혼합50,2,000660,SK하이닉스,58,-,OK
0192S0,SOL 코스피200채권혼합50,3,295040,SOL 200TR,"1,750",-,OK
0192S0,SOL 코스피200채권혼합50,4,402340,SK스퀘어,9,-,OK
0192S0,SOL 코스피200채권혼합50,5,009150,삼성전기,6,-,OK
0192S0,SOL 코스피200채권혼합50,6,005380,현대차,14,-,OK
0192S0,SOL 코스피200채권혼합50,7,105560,KB금융,31,-,OK
0192S0,SOL 코스피200채권혼합50,8,055550,신한지주,43,-,OK
0192S0,SOL 코스피200채권혼합50,9,000270,기아,26,-,OK
0192S0,SOL 코스피200채권혼합50,10,028260,삼성물산,10,-,OK
460660,RISE 미국S&P배당킹,,,,,,EMPTY_NO_TABLE
0209Z0,ACE 코리아AI전력TOP10,1,267260,HD현대일렉트릭,88,20.26,OK
0209Z0,ACE 코리아AI전력TOP10,2,010120,LS ELECTRIC,359,19.35,OK
0209Z0,ACE 코리아AI전력TOP10,3,298040,효성중공업,23,17.91,OK
0209Z0,ACE 코리아AI전력TOP10,4,034020,두산에너빌리티,653,13.96,OK
0209Z0,ACE 코리아AI전력TOP10,5,336260,두산퓨얼셀,751,9.83,OK
0209Z0,ACE 코리아AI전력TOP10,6,001440,대한전선,613,5.07,OK
0209Z0,ACE 코리아AI전력TOP10,7,126340,비나텍,243,4.89,OK
0209Z0,ACE 코리아AI전력TOP10,8,373220,LG에너지솔루션,40,3.84,OK
0209Z0,ACE 코리아AI전력TOP10,9,178320,서진시스템,270,3.10,OK
0209Z0,ACE 코리아AI전력TOP10,10,006260,LS,19,1.68,OK
417630,TIGER KEDI혁신기업ESG30,1,009150,삼성전기,74,10.40,OK
417630,TIGER KEDI혁신기업ESG30,2,000660,SK하이닉스,32,6.44,OK
417630,TIGER KEDI혁신기업ESG30,3,161890,한국콜마,412,5.20,OK
417630,TIGER KEDI혁신기업ESG30,4,005930,삼성전자,157,4.36,OK
417630,TIGER KEDI혁신기업ESG30,5,010120,LS ELECTRIC,200,4.02,OK
417630,TIGER KEDI혁신기업ESG30,6,036570,NC,139,3.64,OK
417630,TIGER KEDI혁신기업ESG30,7,006400,삼성SDI,74,3.55,OK
417630,TIGER KEDI혁신기업ESG30,8,307950,현대오토에버,73,3.49,OK
417630,TIGER KEDI혁신기업ESG30,9,192820,코스맥스,170,3.42,OK
417630,TIGER KEDI혁신기업ESG30,10,138040,메리츠금융지주,262,3.34,OK
183710,RISE 주식혼합,1,005930,삼성전자,"3,617",-,OK
183710,RISE 주식혼합,2,000660,SK하이닉스,392,-,OK
183710,RISE 주식혼합,3,148020,RISE 200,"4,574",-,OK
183710,RISE 주식혼합,4,114100,RISE 국고채3년,"1,445",-,OK
183710,RISE 주식혼합,5,402340,SK스퀘어,71,-,OK
183710,RISE 주식혼합,6,009150,삼성전기,43,-,OK
183710,RISE 주식혼합,7,005380,현대차,106,-,OK
183710,RISE 주식혼합,8,105560,KB금융,236,-,OK
183710,RISE 주식혼합,9,055550,신한지주,320,-,OK
183710,RISE 주식혼합,10,000270,기아,190,-,OK
453630,KODEX 미국S&P500필수소비재,,,,,,EMPTY_NO_TABLE
461900,PLUS 미국테크TOP10,,,,,,EMPTY_NO_TABLE
449580,RISE 테슬라애플아마존채권혼합,,,,,,EMPTY_NO_TABLE
477490,에셋플러스 글로벌일등기업포커스10액티브,1,000660,SK하이닉스,8,-,OK
445690,BNK 주주가치액티브,1,000660,SK하이닉스,169,20.68,OK
445690,BNK 주주가치액티브,2,005930,삼성전자,"1,020",17.21,OK
445690,BNK 주주가치액티브,3,005380,현대차,166,4.89,OK
445690,BNK 주주가치액티브,4,000270,기아,351,3.34,OK
445690,BNK 주주가치액티브,5,105560,KB금융,269,3.32,OK
445690,BNK 주주가치액티브,6,055550,신한지주,429,3.09,OK
445690,BNK 주주가치액티브,7,259960,크래프톤,179,2.83,OK
445690,BNK 주주가치액티브,8,021240,코웨이,417,2.54,OK
445690,BNK 주주가치액티브,9,042660,한화오션,343,1.79,OK
445690,BNK 주주가치액티브,10,138040,메리츠금융지주,190,1.47,OK
391670,HK 베스트일레븐액티브,1,005930,삼성전자,"1,444",25.92,OK
391670,HK 베스트일레븐액티브,2,000660,SK하이닉스,166,21.60,OK
391670,HK 베스트일레븐액티브,3,028260,삼성물산,352,8.96,OK
391670,HK 베스트일레븐액티브,4,402340,SK스퀘어,104,8.52,OK
391670,HK 베스트일레븐액티브,5,307950,현대오토에버,268,8.28,OK
391670,HK 베스트일레븐액티브,6,009150,삼성전기,88,8.00,OK
391670,HK 베스트일레븐액티브,7,009830,한화솔루션,"1,842",4.16,OK
391670,HK 베스트일레븐액티브,8,034730,SK,94,3.87,OK
391670,HK 베스트일레븐액티브,9,015760,한국전력,"1,487",3.59,OK
391670,HK 베스트일레븐액티브,10,012330,현대모비스,103,3.54,OK
332620,PLUS 미국장기우량회사채,,,,,,EMPTY_NO_TABLE
219390,RISE 미국S&P원유생산기업(합성 H),,,,,,EMPTY_NO_TABLE
227830,PLUS 코스피,1,005930,삼성전자,"3,811",27.54,OK
227830,PLUS 코스피,2,000660,SK하이닉스,465,24.36,OK
227830,PLUS 코스피,3,402340,SK스퀘어,86,2.83,OK
227830,PLUS 코스피,4,009150,삼성전기,49,1.79,OK
227830,PLUS 코스피,5,005380,현대차,133,1.68,OK
227830,PLUS 코스피,6,373220,LG에너지솔루션,153,1.43,OK
227830,PLUS 코스피,7,105560,KB금융,243,1.28,OK
227830,PLUS 코스피,8,032830,삼성생명,130,1.20,OK
227830,PLUS 코스피,9,207940,삼성바이오로직스,30,1.19,OK
227830,PLUS 코스피,10,028260,삼성물산,106,1.09,OK
0193K0,PLUS 삼성전자단일종목레버리지,1,005930,삼성전자,"1,255",85.65,OK
0193K0,PLUS 삼성전자단일종목레버리지,2,0192M0,RISE 삼성전자단일종목레버리지,"2,539",8.33,OK
0193K0,PLUS 삼성전자단일종목레버리지,3,0195R0,TIGER 삼성전자단일종목레버리지,"1,393",4.55,OK
488290,MIDAS 일본테크액티브,,,,,,EMPTY_NO_TABLE
195920,TIGER 일본TOPIX(합성 H),,,,,,EMPTY_NO_TABLE
292050,RISE KRX300,1,005930,삼성전자,"3,021",31.29,OK
292050,RISE KRX300,2,000660,SK하이닉스,359,26.96,OK
292050,RISE KRX300,3,402340,SK스퀘어,60,2.84,OK
292050,RISE KRX300,4,009150,삼성전기,36,1.89,OK
292050,RISE KRX300,5,005380,현대차,88,1.59,OK
292050,RISE KRX300,6,105560,KB금융,197,1.49,OK
292050,RISE KRX300,7,055550,신한지주,267,1.18,OK
292050,RISE KRX300,8,028260,삼성물산,63,0.93,OK
292050,RISE KRX300,9,000270,기아,158,0.92,OK
292050,RISE KRX300,10,086790,하나금융지주,162,0.87,OK
453820,KODEX 인도Nifty50레버리지(합성),,,,,,EMPTY_NO_TABLE
337150,KODEX 200exTOP,1,402340,SK스퀘어,162,7.51,OK
337150,KODEX 200exTOP,2,009150,삼성전기,98,5.04,OK
337150,KODEX 200exTOP,3,005380,현대차,240,4.26,OK
337150,KODEX 200exTOP,4,105560,KB금융,536,3.99,OK
337150,KODEX 200exTOP,5,055550,신한지주,726,3.15,OK
337150,KODEX 200exTOP,6,000270,기아,431,2.47,OK
337150,KODEX 200exTOP,7,028260,삼성물산,170,2.45,OK
337150,KODEX 200exTOP,8,086790,하나금융지주,439,2.32,OK
337150,KODEX 200exTOP,9,034020,두산에너빌리티,763,2.23,OK
337150,KODEX 200exTOP,10,012450,한화에어로스페이스,58,2.17,OK
289260,TIGER MSCI KOREA ESG리더스,1,000660,SK하이닉스,121,26.08,OK
289260,TIGER MSCI KOREA ESG리더스,2,402340,SK스퀘어,89,12.07,OK
289260,TIGER MSCI KOREA ESG리더스,3,009150,삼성전기,54,8.13,OK
289260,TIGER MSCI KOREA ESG리더스,4,105560,KB금융,342,7.44,OK
289260,TIGER MSCI KOREA ESG리더스,5,055550,신한지주,401,5.09,OK
289260,TIGER MSCI KOREA ESG리더스,6,086790,하나금융지주,262,4.06,OK
289260,TIGER MSCI KOREA ESG리더스,7,034020,두산에너빌리티,432,3.69,OK
289260,TIGER MSCI KOREA ESG리더스,8,028260,삼성물산,78,3.29,OK
289260,TIGER MSCI KOREA ESG리더스,9,035420,NAVER,136,2.99,OK
289260,TIGER MSCI KOREA ESG리더스,10,068270,셀트리온,146,2.99,OK
0086C0,TIGER 리츠부동산인프라10채권혼합액티브,1,157450,TIGER 단기통안채,"2,269",52.00,OK
0086C0,TIGER 리츠부동산인프라10채권혼합액티브,2,088980,맥쿼리인프라,"6,692",13.77,OK
0086C0,TIGER 리츠부동산인프라10채권혼합액티브,3,395400,SK리츠,"7,669",8.90,OK
0086C0,TIGER 리츠부동산인프라10채권혼합액티브,4,293940,신한알파리츠,"4,770",5.09,OK
0086C0,TIGER 리츠부동산인프라10채권혼합액티브,5,330590,롯데리츠,"6,812",4.85,OK
0086C0,TIGER 리츠부동산인프라10채권혼합액티브,6,451800,한화리츠,"4,396",4.20,OK
0086C0,TIGER 리츠부동산인프라10채권혼합액티브,7,365550,ESR켄달스퀘어리츠,"6,247",4.12,OK
0086C0,TIGER 리츠부동산인프라10채권혼합액티브,8,357120,코람코라이프인프라리츠,"3,442",2.81,OK
0086C0,TIGER 리츠부동산인프라10채권혼합액티브,9,448730,삼성FN리츠,"1,445",1.60,OK
0086C0,TIGER 리츠부동산인프라10채권혼합액티브,10,334890,이지스밸류플러스리츠,"2,015",1.39,OK
291130,ACE MSCI멕시코(합성),,,,,,EMPTY_NO_TABLE
453010,PLUS KOFR금리,,,,,,EMPTY_NO_TABLE
385600,ACE 2차전지&친환경차액티브,1,000270,기아,711,8.84,OK
385600,ACE 2차전지&친환경차액티브,2,006400,삼성SDI,223,8.50,OK
385600,ACE 2차전지&친환경차액티브,3,005490,POSCO홀딩스,310,8.27,OK
385600,ACE 2차전지&친환경차액티브,4,373220,LG에너지솔루션,289,8.23,OK
385600,ACE 2차전지&친환경차액티브,5,012330,현대모비스,193,8.15,OK
385600,ACE 2차전지&친환경차액티브,6,051910,LG화학,351,7.92,OK
385600,ACE 2차전지&친환경차액티브,7,066570,LG전자,491,7.90,OK
385600,ACE 2차전지&친환경차액티브,8,005380,현대차,186,7.16,OK
385600,ACE 2차전지&친환경차액티브,9,009150,삼성전기,61,6.81,OK
385600,ACE 2차전지&친환경차액티브,10,247540,에코프로비엠,425,4.41,OK
0028X0,KODEX 미국금융테크액티브,,,,,,EMPTY_NO_TABLE
447660,PLUS 애플채권혼합,1,298340,PLUS 국채선물3년,"2,292",-,OK
447660,PLUS 애플채권혼합,2,114820,TIGER 국채3년,520,-,OK
447660,PLUS 애플채권혼합,3,114100,RISE 국고채3년,374,-,OK
447660,PLUS 애플채권혼합,4,114460,ACE 국고채3년,66,-,OK
447660,PLUS 애플채권혼합,5,114260,KODEX 국고채3년,41,-,OK
432840,HANARO 미국S&P500,,,,,,EMPTY_NO_TABLE
494420,PLUS 미국배당증가성장주데일리커버드콜,,,,,,EMPTY_NO_TABLE
0216Z0,ACE K방산TOP5+,1,012450,한화에어로스페이스,90,19.14,OK
0216Z0,ACE K방산TOP5+,2,079550,LIG디펜스앤에어로스페이스,113,18.61,OK
0216Z0,ACE K방산TOP5+,3,272210,한화시스템,959,14.49,OK
0216Z0,ACE K방산TOP5+,4,064350,현대로템,362,13.98,OK
0216Z0,ACE K방산TOP5+,5,047810,한국항공우주,423,13.79,OK
0216Z0,ACE K방산TOP5+,6,099320,쎄트렉아이,370,6.56,OK
0216Z0,ACE K방산TOP5+,7,218410,RFHIC,405,4.34,OK
0216Z0,ACE K방산TOP5+,8,214430,아이쓰리시스템,316,4.27,OK
0216Z0,ACE K방산TOP5+,9,189300,인텔리안테크,170,2.56,OK
0216Z0,ACE K방산TOP5+,10,347700,스피어,381,1.72,OK
404120,TIME K신재생에너지액티브,1,005930,삼성전자,919,9.65,OK
404120,TIME K신재생에너지액티브,2,009830,한화솔루션,"7,154",9.45,OK
404120,TIME K신재생에너지액티브,3,000660,SK하이닉스,110,8.38,OK
404120,TIME K신재생에너지액티브,4,006400,삼성SDI,459,8.34,OK
404120,TIME K신재생에너지액티브,5,336260,두산퓨얼셀,"4,006",7.41,OK
404120,TIME K신재생에너지액티브,6,112610,씨에스윈드,"4,183",7.15,OK
404120,TIME K신재생에너지액티브,7,000880,한화,"1,199",4.57,OK
404120,TIME K신재생에너지액티브,8,009150,삼성전기,75,3.99,OK
404120,TIME K신재생에너지액티브,9,005380,현대차,200,3.67,OK
404120,TIME K신재생에너지액티브,10,000270,기아,600,3.55,OK
280320,ACE 미국IT인터넷(합성 H),,,,,,EMPTY_NO_TABLE
276000,TIGER 글로벌자원생산기업(합성 H),,,,,,EMPTY_NO_TABLE
225060,TIGER 이머징마켓MSCI레버리지(합성 H),,,,,,EMPTY_NO_TABLE
0000H0,KODEX 인도Nifty미드캡100,,,,,,EMPTY_NO_TABLE
250730,RISE 차이나HSCEI(H),,,,,,EMPTY_NO_TABLE
491510,파워 K-주주가치액티브,1,000270,기아,222,3.58,OK
491510,파워 K-주주가치액티브,2,000810,삼성화재,43,3.08,OK
491510,파워 K-주주가치액티브,3,175330,JB금융지주,948,2.98,OK
491510,파워 K-주주가치액티브,4,086790,하나금융지주,199,2.96,OK
491510,파워 K-주주가치액티브,5,003690,코리안리,"1,801",2.82,OK
491510,파워 K-주주가치액티브,6,081660,미스토홀딩스,543,2.75,OK
491510,파워 K-주주가치액티브,7,316140,우리금융지주,757,2.65,OK
491510,파워 K-주주가치액티브,8,011200,HMM,"1,189",2.61,OK
491510,파워 K-주주가치액티브,9,005830,DB손해보험,144,2.57,OK
491510,파워 K-주주가치액티브,10,383220,F&F,281,2.52,OK
265690,ACE 러시아MSCI(합성),,,,,,EMPTY_NO_TABLE
396510,TIGER 차이나클린에너지SOLACTIVE,,,,,,EMPTY_NO_TABLE
464610,SOL 의료기기소부장Fn,1,214450,파마리서치,144,11.96,OK
464610,SOL 의료기기소부장Fn,2,214150,클래시스,936,11.16,OK
464610,SOL 의료기기소부장Fn,3,069620,대웅제약,335,11.16,OK
464610,SOL 의료기기소부장Fn,4,145020,휴젤,169,10.41,OK
464610,SOL 의료기기소부장Fn,5,290650,엘앤씨바이오,543,9.48,OK
464610,SOL 의료기기소부장Fn,6,086900,메디톡스,493,8.86,OK
464610,SOL 의료기기소부장Fn,7,042520,한스바이오메드,964,6.21,OK
464610,SOL 의료기기소부장Fn,8,145720,덴티움,591,6.08,OK
464610,SOL 의료기기소부장Fn,9,060280,큐렉소,"2,636",5.53,OK
464610,SOL 의료기기소부장Fn,10,336570,원텍,"3,899",5.33,OK
131890,ACE 삼성그룹동일가중,1,029780,삼성카드,"5,819",7.07,OK
131890,ACE 삼성그룹동일가중,2,000810,삼성화재,435,7.07,OK
131890,ACE 삼성그룹동일가중,3,008770,호텔신라,"5,546",7.01,OK
131890,ACE 삼성그룹동일가중,4,030000,제일기획,"14,648",6.99,OK
131890,ACE 삼성그룹동일가중,5,012750,에스원,"3,783",6.90,OK
131890,ACE 삼성그룹동일가중,6,016360,삼성증권,"2,480",6.86,OK
131890,ACE 삼성그룹동일가중,7,207940,삼성바이오로직스,188,6.69,OK
131890,ACE 삼성그룹동일가중,8,018260,삼성에스디에스,"1,369",6.62,OK
131890,ACE 삼성그룹동일가중,9,010140,삼성중공업,"11,125",6.24,OK
131890,ACE 삼성그룹동일가중,10,028050,삼성E&A,"5,709",5.96,OK
379790,RISE 유로스탁스50(H),,,,,,EMPTY_NO_TABLE
0105D0,SOL 한국AI소프트웨어,1,035420,NAVER,585,25.04,OK
0105D0,SOL 한국AI소프트웨어,2,035720,카카오,"2,370",18.75,OK
0105D0,SOL 한국AI소프트웨어,3,018260,삼성에스디에스,414,17.93,OK
0105D0,SOL 한국AI소프트웨어,4,307950,현대오토에버,147,14.66,OK
0105D0,SOL 한국AI소프트웨어,5,064400,LG씨엔에스,529,8.21,OK
0105D0,SOL 한국AI소프트웨어,6,377300,카카오페이,724,6.55,OK
0105D0,SOL 한국AI소프트웨어,7,466100,클로봇,404,2.25,OK
0105D0,SOL 한국AI소프트웨어,8,023590,다우기술,232,1.88,OK
0105D0,SOL 한국AI소프트웨어,9,181710,NHN,175,1.52,OK
0105D0,SOL 한국AI소프트웨어,10,060250,NHN KCP,215,0.62,OK
413930,WON AI ESG액티브,1,005930,삼성전자,"1,395",26.65,OK
413930,WON AI ESG액티브,2,000660,SK하이닉스,161,22.30,OK
413930,WON AI ESG액티브,3,402340,SK스퀘어,74,6.45,OK
413930,WON AI ESG액티브,4,009150,삼성전기,45,4.35,OK
413930,WON AI ESG액티브,5,105560,KB금융,192,2.68,OK
413930,WON AI ESG액티브,6,034730,SK,50,2.19,OK
413930,WON AI ESG액티브,7,005380,현대차,51,1.70,OK
413930,WON AI ESG액티브,8,034020,두산에너빌리티,289,1.59,OK
413930,WON AI ESG액티브,9,055550,신한지주,193,1.57,OK
413930,WON AI ESG액티브,10,028260,삼성물산,48,1.30,OK
244620,KODEX 모멘텀Plus,1,095610,테스,479,4.15,OK
244620,KODEX 모멘텀Plus,2,004170,신세계,148,4.07,OK
244620,KODEX 모멘텀Plus,3,319660,피에스케이,458,3.93,OK
244620,KODEX 모멘텀Plus,4,278470,에이피알,209,3.69,OK
244620,KODEX 모멘텀Plus,5,131290,티에스이,288,3.35,OK
244620,KODEX 모멘텀Plus,6,005930,삼성전자,248,2.93,OK
244620,KODEX 모멘텀Plus,7,000500,가온전선,242,2.78,OK
244620,KODEX 모멘텀Plus,8,031980,피에스케이홀딩스,409,2.66,OK
244620,KODEX 모멘텀Plus,9,000660,SK하이닉스,31,2.66,OK
244620,KODEX 모멘텀Plus,10,084370,유진테크,373,2.65,OK
114460,ACE 국고채3년,,,,,,EMPTY_NO_TABLE
0153P0,ACE 리츠부동산인프라액티브,1,088980,맥쿼리인프라,"11,239",24.14,OK
0153P0,ACE 리츠부동산인프라액티브,2,415640,KB발해인프라,"8,527",19.24,OK
0153P0,ACE 리츠부동산인프라액티브,3,395400,SK리츠,"11,869",14.38,OK
0153P0,ACE 리츠부동산인프라액티브,4,330590,롯데리츠,"16,009",11.90,OK
0153P0,ACE 리츠부동산인프라액티브,5,451800,한화리츠,"8,603",8.57,OK
0153P0,ACE 리츠부동산인프라액티브,6,293940,신한알파리츠,"4,951",5.51,OK
0153P0,ACE 리츠부동산인프라액티브,7,357120,코람코라이프인프라리츠,"4,372",3.72,OK
0153P0,ACE 리츠부동산인프라액티브,8,404990,신한서부티엔디리츠,"4,148",3.20,OK
0153P0,ACE 리츠부동산인프라액티브,9,448730,삼성FN리츠,"1,889",2.18,OK
0153P0,ACE 리츠부동산인프라액티브,10,377190,디앤디플랫폼리츠,"4,534",1.91,OK
453660,KODEX 미국S&P500경기소비재,,,,,,EMPTY_NO_TABLE
419420,KODEX 미국클린에너지나스닥,,,,,,EMPTY_NO_TABLE
417450,RISE 글로벌수소경제,1,336260,두산퓨얼셀,"1,337",-,OK
417450,RISE 글로벌수소경제,2,298040,효성중공업,6,-,OK
417450,RISE 글로벌수소경제,3,036460,한국가스공사,122,-,OK
0127V0,KIWOOM 미국S&P500 TOP10&배당다우비중전환,,,,,,EMPTY_NO_TABLE
0207G0,SOL 우주항공밸류체인,1,189300,인텔리안테크,713,15.15,OK
0207G0,SOL 우주항공밸류체인,2,347700,스피어,"2,374",15.11,OK
0207G0,SOL 우주항공밸류체인,3,099320,쎄트렉아이,552,13.77,OK
0207G0,SOL 우주항공밸류체인,4,272210,한화시스템,591,12.57,OK
0207G0,SOL 우주항공밸류체인,5,078600,대주전자재료,419,10.86,OK
0207G0,SOL 우주항공밸류체인,6,295310,에이치브이엠,748,10.78,OK
0207G0,SOL 우주항공밸류체인,7,218410,RFHIC,554,8.36,OK
0207G0,SOL 우주항공밸류체인,8,354320,알멕,758,6.77,OK
0207G0,SOL 우주항공밸류체인,9,001430,세아베스틸지주,419,4.05,OK
0207G0,SOL 우주항공밸류체인,10,327260,RF머트리얼즈,144,2.28,OK
0088N0,WON K-글로벌수급상위,1,120110,코오롱인더,"1,145",11.54,OK
0088N0,WON K-글로벌수급상위,2,039030,이오테크닉스,135,9.16,OK
0088N0,WON K-글로벌수급상위,3,067310,하나마이크론,"1,066",7.68,OK
0088N0,WON K-글로벌수급상위,4,183300,코미코,411,6.17,OK
0088N0,WON K-글로벌수급상위,5,008770,호텔신라,637,5.98,OK
0088N0,WON K-글로벌수급상위,6,249420,일동제약,"1,979",5.42,OK
0088N0,WON K-글로벌수급상위,7,218410,RFHIC,560,4.98,OK
0088N0,WON K-글로벌수급상위,8,011790,SKC,290,4.82,OK
0088N0,WON K-글로벌수급상위,9,161890,한국콜마,196,4.28,OK
0088N0,WON K-글로벌수급상위,10,383220,F&F,248,3.74,OK
102960,KODEX 기계장비,1,034020,두산에너빌리티,498,13.79,OK
102960,KODEX 기계장비,2,267260,HD현대일렉트릭,26,7.75,OK
102960,KODEX 기계장비,3,373220,LG에너지솔루션,57,7.09,OK
102960,KODEX 기계장비,4,329180,HD현대중공업,38,7.01,OK
102960,KODEX 기계장비,5,009540,HD한국조선해양,54,6.98,OK
102960,KODEX 기계장비,6,010140,삼성중공업,766,6.39,OK
102960,KODEX 기계장비,7,010120,LS ELECTRIC,90,6.28,OK
102960,KODEX 기계장비,8,064350,현대로템,85,5.47,OK
102960,KODEX 기계장비,9,298040,효성중공업,5,5.04,OK
102960,KODEX 기계장비,10,042660,한화오션,153,4.56,OK
0104G0,PLUS K방산레버리지,1,012450,한화에어로스페이스,154,39.91,OK
0104G0,PLUS K방산레버리지,2,064350,현대로템,802,37.75,OK
0104G0,PLUS K방산레버리지,3,042660,한화오션,"1,505",32.83,OK
0104G0,PLUS K방산레버리지,4,047810,한국항공우주,781,31.03,OK
0104G0,PLUS K방산레버리지,5,079550,LIG디펜스앤에어로스페이스,149,29.91,OK
0104G0,PLUS K방산레버리지,6,272210,한화시스템,806,14.84,OK
0104G0,PLUS K방산레버리지,7,103140,풍산,195,3.39,OK
0104G0,PLUS K방산레버리지,8,077970,STX엔진,172,1.21,OK
0104G0,PLUS K방산레버리지,9,003570,SNT다이내믹스,108,1.09,OK
0104G0,PLUS K방산레버리지,10,484870,엠앤씨솔루션,77,0.54,OK
484890,SOL 머니마켓액티브,,,,,,EMPTY_NO_TABLE
387280,TIGER 퓨처모빌리티액티브,1,012330,현대모비스,20,8.85,OK
387280,TIGER 퓨처모빌리티액티브,2,006400,삼성SDI,21,8.38,OK
387280,TIGER 퓨처모빌리티액티브,3,373220,LG에너지솔루션,25,7.45,OK
387280,TIGER 퓨처모빌리티액티브,4,009150,삼성전기,6,7.02,OK
387280,TIGER 퓨처모빌리티액티브,5,000660,SK하이닉스,4,6.70,OK
387280,TIGER 퓨처모빌리티액티브,6,005380,현대차,15,6.04,OK
387280,TIGER 퓨처모빌리티액티브,7,307950,현대오토에버,15,5.96,OK
387280,TIGER 퓨처모빌리티액티브,8,108490,로보티즈,31,5.79,OK
387280,TIGER 퓨처모빌리티액티브,9,086280,현대글로비스,33,5.62,OK
387280,TIGER 퓨처모빌리티액티브,10,066970,엘앤에프,35,3.22,OK
435040,ACE 글로벌브랜드TOP10,,,,,,EMPTY_NO_TABLE
130680,TIGER 원유선물Enhanced(H),,,,,,EMPTY_NO_TABLE
104520,KIWOOM 블루칩,1,105560,KB금융,245,3.16,OK
104520,KIWOOM 블루칩,2,090430,아모레퍼시픽,370,3.12,OK
104520,KIWOOM 블루칩,3,138040,메리츠금융지주,374,3.03,OK
104520,KIWOOM 블루칩,4,207940,삼성바이오로직스,31,3.01,OK
104520,KIWOOM 블루칩,5,055550,신한지주,394,2.97,OK
104520,KIWOOM 블루칩,6,021240,코웨이,456,2.90,OK
104520,KIWOOM 블루칩,7,068270,셀트리온,238,2.89,OK
104520,KIWOOM 블루칩,8,003230,삼양식품,37,2.85,OK
104520,KIWOOM 블루칩,9,096770,SK이노베이션,369,2.82,OK
104520,KIWOOM 블루칩,10,352820,하이브,190,2.81,OK
360150,KODEX 코스닥150롱코스피200숏선물,1,229200,KODEX 코스닥150,"3,722",17.18,OK
360150,KODEX 코스닥150롱코스피200숏선물,2,114800,KODEX 인버스,"23,404",8.75,OK
496130,TRUSTON 코리아밸류업액티브,1,005930,삼성전자,463,22.68,OK
496130,TRUSTON 코리아밸류업액티브,2,000660,SK하이닉스,53,18.82,OK
496130,TRUSTON 코리아밸류업액티브,3,105560,KB금융,103,3.69,OK
496130,TRUSTON 코리아밸류업액티브,4,016360,삼성증권,169,3.54,OK
496130,TRUSTON 코리아밸류업액티브,5,028260,삼성물산,48,3.33,OK
496130,TRUSTON 코리아밸류업액티브,6,006260,LS,56,3.27,OK
496130,TRUSTON 코리아밸류업액티브,7,402340,SK스퀘어,14,3.13,OK
496130,TRUSTON 코리아밸류업액티브,8,001040,CJ,110,3.02,OK
496130,TRUSTON 코리아밸류업액티브,9,007070,GS리테일,582,2.98,OK
496130,TRUSTON 코리아밸류업액티브,10,032830,삼성생명,47,2.95,OK
0127T0,KIWOOM 미국S&P500&배당다우존스비중전환,,,,,,EMPTY_NO_TABLE
234310,RISE V&S셀렉트밸류,1,005930,삼성전자,"3,153",28.45,OK
234310,RISE V&S셀렉트밸류,2,138040,메리츠금융지주,"2,851",11.82,OK
234310,RISE V&S셀렉트밸류,3,012330,현대모비스,251,4.34,OK
234310,RISE V&S셀렉트밸류,4,055550,신한지주,976,3.76,OK
234310,RISE V&S셀렉트밸류,5,003550,LG,892,3.14,OK
234310,RISE V&S셀렉트밸류,6,006400,삼성SDI,196,3.06,OK
234310,RISE V&S셀렉트밸류,7,005387,현대차2우B,317,2.25,OK
234310,RISE V&S셀렉트밸류,8,005490,POSCO홀딩스,187,2.04,OK
234310,RISE V&S셀렉트밸류,9,138930,BNK금융지주,"2,990",1.92,OK
234310,RISE V&S셀렉트밸류,10,340570,티앤엘,"1,016",1.90,OK
489860,KIWOOM 글로벌전력GRID인프라,1,267260,HD현대일렉트릭,14,-,OK
489860,KIWOOM 글로벌전력GRID인프라,2,010120,LS ELECTRIC,44,-,OK
489860,KIWOOM 글로벌전력GRID인프라,3,001440,대한전선,73,-,OK
489860,KIWOOM 글로벌전력GRID인프라,4,062040,산일전기,10,-,OK
489860,KIWOOM 글로벌전력GRID인프라,5,103590,일진전기,16,-,OK
489860,KIWOOM 글로벌전력GRID인프라,6,006400,삼성SDI,2,-,OK
489860,KIWOOM 글로벌전력GRID인프라,7,298040,효성중공업,0,-,OK
489860,KIWOOM 글로벌전력GRID인프라,8,229640,LS에코에너지,7,-,OK
0013P0,RISE 미국은행TOP10,,,,,,EMPTY_NO_TABLE
266390,KODEX 경기소비재,1,066570,LG전자,"1,530",17.87,OK
266390,KODEX 경기소비재,2,180640,한진칼,"1,769",14.65,OK
266390,KODEX 경기소비재,3,021240,코웨이,"2,036",11.75,OK
266390,KODEX 경기소비재,4,004170,신세계,236,8.78,OK
266390,KODEX 경기소비재,5,069960,현대백화점,441,4.38,OK
266390,KODEX 경기소비재,6,111770,영원무역,822,4.38,OK
266390,KODEX 경기소비재,7,035250,강원랜드,"4,293",3.97,OK
266390,KODEX 경기소비재,8,023530,롯데쇼핑,386,3.75,OK
266390,KODEX 경기소비재,9,008770,호텔신라,"1,159",3.63,OK
266390,KODEX 경기소비재,10,081660,미스토홀딩스,"1,146",3.26,OK
438900,HANARO Fn K-푸드,1,271560,오리온,620,15.52,OK
438900,HANARO Fn K-푸드,2,003230,삼양식품,73,15.17,OK
438900,HANARO Fn K-푸드,3,097950,CJ제일제당,411,14.76,OK
438900,HANARO Fn K-푸드,4,004370,농심,220,14.66,OK
438900,HANARO Fn K-푸드,5,007310,오뚜기,114,6.67,OK
438900,HANARO Fn K-푸드,6,005300,롯데칠성,293,5.57,OK
438900,HANARO Fn K-푸드,7,001680,대상,"1,532",5.02,OK
438900,HANARO Fn K-푸드,8,006040,동원산업,732,4.73,OK
438900,HANARO Fn K-푸드,9,005180,빙그레,359,4.43,OK
438900,HANARO Fn K-푸드,10,280360,롯데웰푸드,167,3.37,OK
404650,SOL KRX기후변화솔루션,1,112610,씨에스윈드,"5,109",9.18,OK
404650,SOL KRX기후변화솔루션,2,009830,한화솔루션,"5,948",8.26,OK
404650,SOL KRX기후변화솔루션,3,006400,삼성SDI,416,7.95,OK
404650,SOL KRX기후변화솔루션,4,000660,SK하이닉스,99,7.93,OK
404650,SOL KRX기후변화솔루션,5,005930,삼성전자,693,7.66,OK
404650,SOL KRX기후변화솔루션,6,000880,한화,"1,762",7.06,OK
404650,SOL KRX기후변화솔루션,7,005380,현대차,347,6.69,OK
404650,SOL KRX기후변화솔루션,8,022100,포스코DX,"7,645",6.22,OK
404650,SOL KRX기후변화솔루션,9,336260,두산퓨얼셀,"2,939",5.72,OK
404650,SOL KRX기후변화솔루션,10,100090,SK오션플랜트,"9,075",5.28,OK
269370,TIGER S&P글로벌인프라(합성),,,,,,EMPTY_NO_TABLE
463640,KODEX 미국S&P500유틸리티,,,,,,EMPTY_NO_TABLE
0004G0,1Q 미국배당TOP30,,,,,,EMPTY_NO_TABLE
269530,PLUS S&P글로벌인프라,,,,,,EMPTY_NO_TABLE
472720,TRUSTON 주주가치액티브,1,000660,SK하이닉스,48,17.08,OK
472720,TRUSTON 주주가치액티브,2,005930,삼성전자,130,6.38,OK
472720,TRUSTON 주주가치액티브,3,105560,KB금융,140,5.03,OK
472720,TRUSTON 주주가치액티브,4,005940,NH투자증권,800,4.80,OK
472720,TRUSTON 주주가치액티브,5,000150,두산,20,4.77,OK
472720,TRUSTON 주주가치액티브,6,006260,LS,76,4.45,OK
472720,TRUSTON 주주가치액티브,7,039490,키움증권,55,3.43,OK
472720,TRUSTON 주주가치액티브,8,055550,신한지주,150,3.14,OK
472720,TRUSTON 주주가치액티브,9,034730,SK,25,2.81,OK
472720,TRUSTON 주주가치액티브,10,082920,비츠로셀,494,2.76,OK
428560,KODEX 미국ETF산업Top10 Indxx,,,,,,EMPTY_NO_TABLE
137610,TIGER 농산물선물Enhanced(H),1,138920,KODEX 콩선물(H),"1,380",-,OK
0008E0,ACE 미국중심중소형제조업,,,,,,EMPTY_NO_TABLE
465670,TIGER 미국캐시카우100,,,,,,EMPTY_NO_TABLE
332610,PLUS 미국단기회사채(AAA~A),,,,,,EMPTY_NO_TABLE
0015F0,KIWOOM 팔란티어미국30년국채혼합액티브(H),1,610037,메리츠 미국채30년 ETN(H),"12,000",-,OK
0015F0,KIWOOM 팔란티어미국30년국채혼합액티브(H),2,580061,KB 미국채 30년 ETN,"8,000",-,OK
395760,PLUS ESG성장주액티브,1,005930,삼성전자,"1,091",26.33,OK
395760,PLUS ESG성장주액티브,2,000660,SK하이닉스,90,15.74,OK
395760,PLUS ESG성장주액티브,3,402340,SK스퀘어,47,5.17,OK
395760,PLUS ESG성장주액티브,4,009150,삼성전기,33,4.03,OK
395760,PLUS ESG성장주액티브,5,278470,에이피알,68,2.45,OK
395760,PLUS ESG성장주액티브,6,010140,삼성중공업,"1,149",2.40,OK
395760,PLUS ESG성장주액티브,7,196170,알테오젠,67,2.01,OK
395760,PLUS ESG성장주액티브,8,034020,두산에너빌리티,265,1.84,OK
395760,PLUS ESG성장주액티브,9,052690,한전기술,166,1.54,OK
395760,PLUS ESG성장주액티브,10,005380,현대차,29,1.22,OK
0084E0,KIWOOM 미국대형주500월간목표헤지액티브,,,,,,EMPTY_NO_TABLE
354240,RISE 미국고정배당우선증권,,,,,,EMPTY_NO_TABLE
371870,ACE 차이나항셍테크,,,,,,EMPTY_NO_TABLE
400570,KODEX 유럽탄소배출권선물ICE(H),,,,,,EMPTY_NO_TABLE
300610,TIGER K게임,1,251270,넷마블,729,10.11,OK
300610,TIGER K게임,2,259960,크래프톤,116,10.03,OK
300610,TIGER K게임,3,263750,펄어비스,779,9.94,OK
300610,TIGER K게임,4,462870,시프트업,786,9.75,OK
300610,TIGER K게임,5,192080,더블유게임즈,439,9.75,OK
300610,TIGER K게임,6,036570,NC,109,9.53,OK
300610,TIGER K게임,7,293490,카카오게임즈,"3,105",8.93,OK
300610,TIGER K게임,8,112040,위메이드,"1,348",8.66,OK
300610,TIGER K게임,9,069080,웹젠,"1,209",5.16,OK
300610,TIGER K게임,10,095660,네오위즈,757,4.94,OK
266410,KODEX 필수소비재,1,033780,KT&G,"2,422",22.99,OK
266410,KODEX 필수소비재,2,278470,에이피알,862,17.84,OK
266410,KODEX 필수소비재,3,003230,삼양식품,139,8.40,OK
266410,KODEX 필수소비재,4,090430,아모레퍼시픽,"1,098",7.27,OK
266410,KODEX 필수소비재,5,271560,오리온,770,5.61,OK
266410,KODEX 필수소비재,6,051900,LG생활건강,325,4.40,OK
266410,KODEX 필수소비재,7,161890,한국콜마,602,3.80,OK
266410,KODEX 필수소비재,8,139480,이마트,704,3.16,OK
266410,KODEX 필수소비재,9,192820,코스맥스,289,2.90,OK
266410,KODEX 필수소비재,10,097950,CJ제일제당,277,2.89,OK
280920,PLUS 주도업종,1,005930,삼성전자,905,20.10,OK
280920,PLUS 주도업종,2,009150,삼성전기,90,10.12,OK
280920,PLUS 주도업종,3,005380,현대차,219,8.49,OK
280920,PLUS 주도업종,4,000270,기아,398,4.98,OK
280920,PLUS 주도업종,5,028260,삼성물산,157,4.95,OK
280920,PLUS 주도업종,6,012450,한화에어로스페이스,56,4.57,OK
280920,PLUS 주도업종,7,034020,두산에너빌리티,705,4.50,OK
280920,PLUS 주도업종,8,012330,현대모비스,97,4.13,OK
280920,PLUS 주도업종,9,032830,삼성생명,138,3.93,OK
280920,PLUS 주도업종,10,006400,삼성SDI,97,3.72,OK
363510,SOL KIS단기통안채,,,,,,EMPTY_NO_TABLE
435550,KIWOOM TDF2050액티브 적격,1,454780,KIWOOM 종합채권(AA-이상)액티브,315,-,OK
435550,KIWOOM TDF2050액티브 적격,2,114470,KIWOOM 국고채3년,43,-,OK
0067Y0,TIGER 차이나AI소프트웨어,,,,,,EMPTY_NO_TABLE
487750,BNK 온디바이스AI,1,000660,SK하이닉스,180,21.55,OK
487750,BNK 온디바이스AI,2,005930,삼성전자,"1,275",21.06,OK
487750,BNK 온디바이스AI,3,009150,삼성전기,96,8.03,OK
487750,BNK 온디바이스AI,4,420770,기가비스,577,6.07,OK
487750,BNK 온디바이스AI,5,222800,심텍,500,3.51,OK
487750,BNK 온디바이스AI,6,011070,LG이노텍,74,3.17,OK
487750,BNK 온디바이스AI,7,080220,제주반도체,610,3.06,OK
487750,BNK 온디바이스AI,8,356860,티엘비,623,3.00,OK
487750,BNK 온디바이스AI,9,353200,대덕전자,393,2.90,OK
487750,BNK 온디바이스AI,10,058470,리노공업,592,2.78,OK
448490,HANARO 32-10 국고채액티브,,,,,,EMPTY_NO_TABLE
290080,RISE 200고배당커버드콜ATM,1,005830,DB손해보험,65,3.07,OK
290080,RISE 200고배당커버드콜ATM,2,081660,미스토홀딩스,213,2.86,OK
290080,RISE 200고배당커버드콜ATM,3,029780,삼성카드,198,2.81,OK
290080,RISE 200고배당커버드콜ATM,4,024110,기업은행,446,2.80,OK
290080,RISE 200고배당커버드콜ATM,5,175330,JB금융지주,326,2.71,OK
290080,RISE 200고배당커버드콜ATM,6,030000,제일기획,484,2.70,OK
290080,RISE 200고배당커버드콜ATM,7,035250,강원랜드,599,2.61,OK
290080,RISE 200고배당커버드콜ATM,8,138930,BNK금융지주,472,2.55,OK
290080,RISE 200고배당커버드콜ATM,9,032640,LG유플러스,585,2.53,OK
290080,RISE 200고배당커버드콜ATM,10,316140,우리금융지주,271,2.51,OK
457700,KODEX 53-09 국고채액티브,,,,,,EMPTY_NO_TABLE
453060,HANARO KOFR금리액티브(합성),,,,,,EMPTY_NO_TABLE
409810,KODEX 미국나스닥100선물인버스(H),,,,,,EMPTY_NO_TABLE
373490,KODEX 코리아혁신성장액티브,1,000270,기아,874,10.11,OK
373490,KODEX 코리아혁신성장액티브,2,006400,삼성SDI,272,9.64,OK
373490,KODEX 코리아혁신성장액티브,3,005930,삼성전자,441,9.04,OK
373490,KODEX 코리아혁신성장액티브,4,005380,현대차,248,8.87,OK
373490,KODEX 코리아혁신성장액티브,5,000660,SK하이닉스,57,8.47,OK
373490,KODEX 코리아혁신성장액티브,6,009150,삼성전기,66,6.86,OK
373490,KODEX 코리아혁신성장액티브,7,373220,LG에너지솔루션,185,4.90,OK
373490,KODEX 코리아혁신성장액티브,8,007660,이수페타시스,289,2.32,OK
373490,KODEX 코리아혁신성장액티브,9,178320,서진시스템,727,2.30,OK
373490,KODEX 코리아혁신성장액티브,10,126340,비나텍,384,2.13,OK
140580,RISE 우량업종대표주,1,010950,S-Oil,536,3.06,OK
140580,RISE 우량업종대표주,2,078930,GS,845,2.75,OK
140580,RISE 우량업종대표주,3,096770,SK이노베이션,587,2.65,OK
140580,RISE 우량업종대표주,4,111770,영원무역,750,2.60,OK
140580,RISE 우량업종대표주,5,009970,영원무역홀딩스,327,2.58,OK
140580,RISE 우량업종대표주,6,034730,SK,105,2.50,OK
140580,RISE 우량업종대표주,7,021240,코웨이,659,2.47,OK
140580,RISE 우량업종대표주,8,161390,한국타이어앤테크놀로지,852,2.43,OK
140580,RISE 우량업종대표주,9,383220,F&F,728,2.38,OK
140580,RISE 우량업종대표주,10,015760,한국전력,"1,688",2.36,OK
494180,TIME 글로벌소비트렌드액티브,,,,,,EMPTY_NO_TABLE
0093B0,RISE 엔비디아고정테크100,,,,,,EMPTY_NO_TABLE
279540,KODEX 최소변동성,1,005930,삼성전자,"1,020",12.50,OK
279540,KODEX 최소변동성,2,000660,SK하이닉스,112,9.95,OK
279540,KODEX 최소변동성,3,009150,삼성전기,115,7.14,OK
279540,KODEX 최소변동성,4,006400,삼성SDI,286,6.06,OK
279540,KODEX 최소변동성,5,011070,LG이노텍,120,3.82,OK
279540,KODEX 최소변동성,6,010950,S-Oil,452,3.04,OK
279540,KODEX 최소변동성,7,138930,BNK금융지주,"2,952",2.58,OK
279540,KODEX 최소변동성,8,047810,한국항공우주,367,2.54,OK
279540,KODEX 최소변동성,9,138040,메리츠금융지주,433,2.44,OK
279540,KODEX 최소변동성,10,000100,유한양행,715,2.34,OK
485810,TIME 글로벌바이오액티브,,,,,,EMPTY_NO_TABLE
0208N0,IBK 코스피액티브,1,005930,삼성전자,401,27.01,OK
0208N0,IBK 코스피액티브,2,000660,SK하이닉스,42,20.51,OK
0208N0,IBK 코스피액티브,3,402340,SK스퀘어,28,8.60,OK
0208N0,IBK 코스피액티브,4,009150,삼성전기,22,7.50,OK
0208N0,IBK 코스피액티브,5,028260,삼성물산,51,4.87,OK
0208N0,IBK 코스피액티브,6,105560,KB금융,70,3.45,OK
0208N0,IBK 코스피액티브,7,003230,삼양식품,7,2.06,OK
0208N0,IBK 코스피액티브,8,005380,현대차,14,1.65,OK
0208N0,IBK 코스피액티브,9,032830,삼성생명,15,1.29,OK
0208N0,IBK 코스피액티브,10,086790,하나금융지주,35,1.23,OK
451150,에셋플러스 글로벌영에이지액티브,1,278470,에이피알,61,-,OK
451150,에셋플러스 글로벌영에이지액티브,2,003230,삼양식품,8,-,OK
451150,에셋플러스 글로벌영에이지액티브,3,123330,제닉,232,-,OK
451150,에셋플러스 글로벌영에이지액티브,4,352820,하이브,17,-,OK
451600,PLUS 국고채30년액티브,,,,,,EMPTY_NO_TABLE
0094L0,RISE 차이나테크TOP10위클리타겟커버드콜,,,,,,EMPTY_NO_TABLE
251590,PLUS 고배당저변동50,1,024110,기업은행,"1,150",2.91,OK
251590,PLUS 고배당저변동50,2,123890,한국자산신탁,"10,836",2.91,OK
251590,PLUS 고배당저변동50,3,033780,KT&G,139,2.90,OK
251590,PLUS 고배당저변동50,4,030000,제일기획,"1,276",2.87,OK
251590,PLUS 고배당저변동50,5,002960,한국쉘석유,47,2.81,OK
251590,PLUS 고배당저변동50,6,122900,아이마켓코리아,"3,204",2.80,OK
251590,PLUS 고배당저변동50,7,316140,우리금융지주,736,2.75,OK
251590,PLUS 고배당저변동50,8,035250,강원랜드,"1,519",2.67,OK
251590,PLUS 고배당저변동50,9,214320,이노션,"1,206",2.66,OK
251590,PLUS 고배당저변동50,10,030200,KT,413,2.61,OK
463690,KODEX 미국S&P500커뮤니케이션,,,,,,EMPTY_NO_TABLE
0194N0,KIWOOM 삼성전자선물단일종목레버리지,1,005930,삼성전자,262,17.23,OK
0113G0,KoAct 미국바이오헬스케어액티브,,,,,,EMPTY_NO_TABLE
166400,TIGER 200커버드콜OTM,1,005930,삼성전자,"2,153",25.03,OK
166400,TIGER 200커버드콜OTM,2,000660,SK하이닉스,256,21.58,OK
166400,TIGER 200커버드콜OTM,3,102110,TIGER 200,"1,801",8.95,OK
166400,TIGER 200커버드콜OTM,4,402340,SK스퀘어,43,2.28,OK
166400,TIGER 200커버드콜OTM,5,009150,삼성전기,26,1.53,OK
166400,TIGER 200커버드콜OTM,6,310960,TIGER 200TR,512,1.48,OK
166400,TIGER 200커버드콜OTM,7,005380,현대차,63,1.28,OK
166400,TIGER 200커버드콜OTM,8,105560,KB금융,141,1.20,OK
166400,TIGER 200커버드콜OTM,9,055550,신한지주,190,0.94,OK
166400,TIGER 200커버드콜OTM,10,028260,삼성물산,45,0.74,OK
407820,에셋플러스 코리아플랫폼액티브,1,071050,한국금융지주,223,8.20,OK
407820,에셋플러스 코리아플랫폼액티브,2,035420,NAVER,243,7.09,OK
407820,에셋플러스 코리아플랫폼액티브,3,041830,인바디,856,6.85,OK
407820,에셋플러스 코리아플랫폼액티브,4,034730,SK,70,6.33,OK
407820,에셋플러스 코리아플랫폼액티브,5,402340,SK스퀘어,35,6.30,OK
407820,에셋플러스 코리아플랫폼액티브,6,000990,DB하이텍,273,4.69,OK
407820,에셋플러스 코리아플랫폼액티브,7,069960,현대백화점,190,4.65,OK
407820,에셋플러스 코리아플랫폼액티브,8,161890,한국콜마,255,4.58,OK
407820,에셋플러스 코리아플랫폼액티브,9,006260,LS,88,4.14,OK
407820,에셋플러스 코리아플랫폼액티브,10,111770,영원무역,299,3.92,OK
430500,KIWOOM 물가채KIS,,,,,,EMPTY_NO_TABLE
0068M0,KODEX 미국S&P500버퍼6월액티브,,,,,,EMPTY_NO_TABLE
456250,KODEX 유럽명품TOP10 STOXX,,,,,,EMPTY_NO_TABLE
0133E0,TIGER 차이나증권,,,,,,EMPTY_NO_TABLE
0090B0,PLUS K방산소부장,1,484870,엠앤씨솔루션,"3,271",22.52,OK
0090B0,PLUS K방산소부장,2,003570,SNT다이내믹스,"1,801",17.71,OK
0090B0,PLUS K방산소부장,3,077970,STX엔진,"2,063",14.17,OK
0090B0,PLUS K방산소부장,4,010820,퍼스텍,"7,244",11.16,OK
0090B0,PLUS K방산소부장,5,484590,삼양컴텍,"6,004",9.80,OK
0090B0,PLUS K방산소부장,6,218410,RFHIC,533,6.77,OK
0090B0,PLUS K방산소부장,7,214430,아이쓰리시스템,346,5.55,OK
0090B0,PLUS K방산소부장,8,274090,켄코아에어로스페이스,"1,891",5.16,OK
0090B0,PLUS K방산소부장,9,103140,풍산,224,3.79,OK
0090B0,PLUS K방산소부장,10,289930,웨이비스,"1,461",2.94,OK
252000,TIGER 200동일가중,1,073240,금호타이어,"1,135",0.86,OK
252000,TIGER 200동일가중,2,161890,한국콜마,60,0.74,OK
252000,TIGER 200동일가중,3,105560,KB금융,34,0.67,OK
252000,TIGER 200동일가중,4,010950,S-Oil,45,0.67,OK
252000,TIGER 200동일가중,5,086790,하나금융지주,45,0.63,OK
252000,TIGER 200동일가중,6,005830,DB손해보험,37,0.63,OK
252000,TIGER 200동일가중,7,055550,신한지주,53,0.61,OK
252000,TIGER 200동일가중,8,007070,GS리테일,216,0.61,OK
252000,TIGER 200동일가중,9,078930,GS,72,0.61,OK
252000,TIGER 200동일가중,10,192820,코스맥스,31,0.61,OK
354350,HANARO 글로벌럭셔리S&P(합성),,,,,,EMPTY_NO_TABLE
460270,KIWOOM 미국달러SOFR금리액티브(합성),1,456880,ACE 미국달러SOFR금리(합성),117,-,OK
0002C0,에셋플러스 인도일등기업포커스20액티브,,,,,,EMPTY_NO_TABLE
487910,ACE 인도컨슈머파워액티브,,,,,,EMPTY_NO_TABLE
399580,RISE 글로벌클린에너지,1,336260,두산퓨얼셀,271,-,OK
399580,RISE 글로벌클린에너지,2,112610,씨에스윈드,75,-,OK
410870,TIME K컬처액티브,1,003230,삼양식품,60,6.62,OK
410870,TIME K컬처액티브,2,145020,휴젤,250,6.08,OK
410870,TIME K컬처액티브,3,278470,에이피알,150,5.66,OK
410870,TIME K컬처액티브,4,263750,펄어비스,"1,592",5.55,OK
410870,TIME K컬처액티브,5,036570,NC,230,5.50,OK
410870,TIME K컬처액티브,6,352820,하이브,240,5.08,OK
410870,TIME K컬처액티브,7,214450,파마리서치,150,4.93,OK
410870,TIME K컬처액티브,8,069960,현대백화점,300,4.71,OK
410870,TIME K컬처액티브,9,023530,롯데쇼핑,300,4.60,OK
410870,TIME K컬처액티브,10,041510,에스엠,600,4.46,OK
446700,RISE 배터리 리사이클링,1,096770,SK이노베이션,153,9.05,OK
446700,RISE 배터리 리사이클링,2,373220,LG에너지솔루션,51,9.00,OK
446700,RISE 배터리 리사이클링,3,006400,삼성SDI,36,8.51,OK
446700,RISE 배터리 리사이클링,4,005490,POSCO홀딩스,44,7.28,OK
446700,RISE 배터리 리사이클링,5,010780,아이에스동서,674,7.03,OK
446700,RISE 배터리 리사이클링,6,010130,고려아연,12,6.60,OK
446700,RISE 배터리 리사이클링,7,086280,현대글로비스,59,5.95,OK
446700,RISE 배터리 리사이클링,8,086520,에코프로,126,5.66,OK
446700,RISE 배터리 리사이클링,9,365340,성일하이텍,272,4.82,OK
446700,RISE 배터리 리사이클링,10,005420,코스모화학,903,4.75,OK
498050,HANARO 바이오코리아액티브,1,298380,에이비엘바이오,758,10.72,OK
498050,HANARO 바이오코리아액티브,2,141080,리가켐바이오,394,7.98,OK
498050,HANARO 바이오코리아액티브,3,009420,한올바이오파마,734,7.24,OK
498050,HANARO 바이오코리아액티브,4,237690,에스티팜,251,5.65,OK
498050,HANARO 바이오코리아액티브,5,226950,올릭스,209,4.76,OK
498050,HANARO 바이오코리아액티브,6,128940,한미약품,69,4.70,OK
498050,HANARO 바이오코리아액티브,7,068270,셀트리온,126,3.94,OK
498050,HANARO 바이오코리아액티브,8,196170,알테오젠,69,3.90,OK
498050,HANARO 바이오코리아액티브,9,214450,파마리서치,62,3.66,OK
498050,HANARO 바이오코리아액티브,10,290650,엘앤씨바이오,291,3.61,OK
429010,TIGER 미국나스닥넥스트100,,,,,,EMPTY_NO_TABLE
461580,TIGER 코스닥글로벌,1,196170,알테오젠,392,15.88,OK
461580,TIGER 코스닥글로벌,2,086520,에코프로,940,10.06,OK
461580,TIGER 코스닥글로벌,3,247540,에코프로비엠,518,7.94,OK
461580,TIGER 코스닥글로벌,4,036930,주성엔지니어링,300,7.01,OK
461580,TIGER 코스닥글로벌,5,240810,원익IPS,316,5.05,OK
461580,TIGER 코스닥글로벌,6,058470,리노공업,477,4.41,OK
461580,TIGER 코스닥글로벌,7,298380,에이비엘바이오,399,4.04,OK
461580,TIGER 코스닥글로벌,8,141080,리가켐바이오,249,3.61,OK
461580,TIGER 코스닥글로벌,9,403870,HPSP,625,3.35,OK
461580,TIGER 코스닥글로벌,10,222800,심텍,238,3.29,OK
385710,TIME K이노베이션액티브,1,006400,삼성SDI,270,10.98,OK
385710,TIME K이노베이션액티브,2,196170,알테오젠,350,10.24,OK
385710,TIME K이노베이션액티브,3,373220,LG에너지솔루션,308,9.35,OK
385710,TIME K이노베이션액티브,4,000660,SK하이닉스,45,7.67,OK
385710,TIME K이노베이션액티브,5,005490,POSCO홀딩스,248,7.06,OK
385710,TIME K이노베이션액티브,6,035420,NAVER,380,6.60,OK
385710,TIME K이노베이션액티브,7,207940,삼성바이오로직스,40,5.17,OK
385710,TIME K이노베이션액티브,8,005930,삼성전자,201,4.73,OK
385710,TIME K이노베이션액티브,9,068270,셀트리온,249,4.03,OK
385710,TIME K이노베이션액티브,10,319660,피에스케이,150,2.56,OK
252650,KODEX 200동일가중,1,073240,금호타이어,"2,176",0.86,OK
252650,KODEX 200동일가중,2,161890,한국콜마,114,0.73,OK
252650,KODEX 200동일가중,3,010950,S-Oil,87,0.67,OK
252650,KODEX 200동일가중,4,105560,KB금융,65,0.67,OK
252650,KODEX 200동일가중,5,086790,하나금융지주,86,0.63,OK
252650,KODEX 200동일가중,6,207940,삼성바이오로직스,8,0.62,OK
252650,KODEX 200동일가중,7,005830,DB손해보험,70,0.62,OK
252650,KODEX 200동일가중,8,055550,신한지주,102,0.61,OK
252650,KODEX 200동일가중,9,007070,GS리테일,414,0.61,OK
252650,KODEX 200동일가중,10,008930,한미사이언스,330,0.61,OK
250780,TIGER 코스닥150선물인버스,,,,,,EMPTY_NO_TABLE
310080,RISE 중국MSCI China(H),,,,,,EMPTY_NO_TABLE
181480,ACE 미국부동산리츠(합성 H),,,,,,EMPTY_NO_TABLE
140710,KODEX 운송,1,086280,현대글로비스,835,25.79,OK
140710,KODEX 운송,2,003490,대한항공,"5,105",21.71,OK
140710,KODEX 운송,3,011200,HMM,"4,792",15.41,OK
140710,KODEX 운송,4,028670,팬오션,"12,994",11.20,OK
140710,KODEX 운송,5,000120,CJ대한통운,634,7.67,OK
140710,KODEX 운송,6,020560,아시아나항공,"4,411",5.03,OK
140710,KODEX 운송,7,089860,롯데렌탈,756,4.25,OK
140710,KODEX 운송,8,005880,대한해운,"9,713",3.02,OK
140710,KODEX 운송,9,002320,한진,539,1.38,OK
140710,KODEX 운송,10,004360,세방,553,1.15,OK
105010,TIGER 라틴35,,,,,,EMPTY_NO_TABLE
117690,TIGER 차이나항셍30,,,,,,EMPTY_NO_TABLE
0189Z0,DAISHIN343 금융&지주고배당,1,055550,신한지주,551,11.73,OK
0189Z0,DAISHIN343 금융&지주고배당,2,086790,하나금융지주,418,10.86,OK
0189Z0,DAISHIN343 금융&지주고배당,3,024110,기업은행,"2,371",9.83,OK
0189Z0,DAISHIN343 금융&지주고배당,4,316140,우리금융지주,"1,599",9.78,OK
0189Z0,DAISHIN343 금융&지주고배당,5,138930,BNK금융지주,"1,747",6.22,OK
0189Z0,DAISHIN343 금융&지주고배당,6,029780,삼성카드,615,5.76,OK
0189Z0,DAISHIN343 금융&지주고배당,7,003690,코리안리,"2,001",5.46,OK
0189Z0,DAISHIN343 금융&지주고배당,8,139130,iM금융지주,"1,248",4.46,OK
0189Z0,DAISHIN343 금융&지주고배당,9,031210,서울보증보험,522,4.32,OK
0189Z0,DAISHIN343 금융&지주고배당,10,000240,한국앤컴퍼니,892,4.31,OK
237440,TIGER 경기방어채권혼합,1,068270,셀트리온,229,-,OK
237440,TIGER 경기방어채권혼합,2,033780,KT&G,131,-,OK
237440,TIGER 경기방어채권혼합,3,207940,삼성바이오로직스,15,-,OK
237440,TIGER 경기방어채권혼합,4,017670,SK텔레콤,218,-,OK
237440,TIGER 경기방어채권혼합,5,030200,KT,323,-,OK
237440,TIGER 경기방어채권혼합,6,015760,한국전력,463,-,OK
237440,TIGER 경기방어채권혼합,7,278470,에이피알,36,-,OK
237440,TIGER 경기방어채권혼합,8,003230,삼양식품,6,-,OK
237440,TIGER 경기방어채권혼합,9,000100,유한양행,88,-,OK
237440,TIGER 경기방어채권혼합,10,032640,LG유플러스,400,-,OK
0120J0,BNK 카카오그룹포커스,1,323410,카카오뱅크,"4,234",24.95,OK
0120J0,BNK 카카오그룹포커스,2,035720,카카오,"2,025",17.79,OK
0120J0,BNK 카카오그룹포커스,3,377300,카카오페이,"1,742",17.51,OK
0120J0,BNK 카카오그룹포커스,4,041510,에스엠,758,14.36,OK
0120J0,BNK 카카오그룹포커스,5,105560,KB금융,152,7.16,OK
0120J0,BNK 카카오그룹포커스,6,293490,카카오게임즈,"2,921",5.84,OK
0120J0,BNK 카카오그룹포커스,7,376300,디어유,769,4.29,OK
0120J0,BNK 카카오그룹포커스,8,035420,NAVER,63,2.99,OK
0120J0,BNK 카카오그룹포커스,9,048550,SM C&C,"2,892",1.09,OK
0120J0,BNK 카카오그룹포커스,10,259960,크래프톤,16,0.96,OK
0203D0,PLUS 200위클리커버드콜채권혼합,1,005930,삼성전자,543,-,OK
0203D0,PLUS 200위클리커버드콜채권혼합,2,000660,SK하이닉스,64,-,OK
0203D0,PLUS 200위클리커버드콜채권혼합,3,298340,PLUS 국채선물3년,"2,000",-,OK
0203D0,PLUS 200위클리커버드콜채권혼합,4,114820,TIGER 국채3년,700,-,OK
0203D0,PLUS 200위클리커버드콜채권혼합,5,402340,SK스퀘어,11,-,OK
0203D0,PLUS 200위클리커버드콜채권혼합,6,009150,삼성전기,7,-,OK
0203D0,PLUS 200위클리커버드콜채권혼합,7,005380,현대차,16,-,OK
0203D0,PLUS 200위클리커버드콜채권혼합,8,105560,KB금융,36,-,OK
0203D0,PLUS 200위클리커버드콜채권혼합,9,055550,신한지주,44,-,OK
0203D0,PLUS 200위클리커버드콜채권혼합,10,000270,기아,28,-,OK
0191S0,IBK 코스닥150,1,196170,알테오젠,68,7.75,OK
0191S0,IBK 코스닥150,2,086520,에코프로,164,4.94,OK
0191S0,IBK 코스닥150,3,247540,에코프로비엠,90,3.88,OK
0191S0,IBK 코스닥150,4,036930,주성엔지니어링,52,3.42,OK
0191S0,IBK 코스닥150,5,240810,원익IPS,55,2.47,OK
0191S0,IBK 코스닥150,6,319660,피에스케이,33,2.19,OK
0191S0,IBK 코스닥150,7,058470,리노공업,83,2.16,OK
0191S0,IBK 코스닥150,8,298380,에이비엘바이오,69,1.97,OK
0191S0,IBK 코스닥150,9,277810,레인보우로보틱스,13,1.94,OK
0191S0,IBK 코스닥150,10,039030,이오테크닉스,14,1.81,OK
0084D0,KIWOOM 미국테크100월간목표헤지액티브,,,,,,EMPTY_NO_TABLE
0184N0,PLUS 은채권혼합,1,298340,PLUS 국채선물3년,"1,087",-,OK
0184N0,PLUS 은채권혼합,2,114100,RISE 국고채3년,109,-,OK
0184N0,PLUS 은채권혼합,3,114820,TIGER 국채3년,87,-,OK
0184N0,PLUS 은채권혼합,4,114460,ACE 국고채3년,87,-,OK
0184N0,PLUS 은채권혼합,5,114260,KODEX 국고채3년,98,-,OK
0001P0,마이티 바이오시밀러&CDMO액티브,1,068270,셀트리온,414,19.94,OK
0001P0,마이티 바이오시밀러&CDMO액티브,2,207940,삼성바이오로직스,50,19.26,OK
0001P0,마이티 바이오시밀러&CDMO액티브,3,141080,리가켐바이오,253,7.89,OK
0001P0,마이티 바이오시밀러&CDMO액티브,4,084110,휴온스글로벌,673,4.79,OK
0001P0,마이티 바이오시밀러&CDMO액티브,5,237690,에스티팜,137,4.74,OK
0001P0,마이티 바이오시밀러&CDMO액티브,6,195940,HK이노엔,396,4.26,OK
0001P0,마이티 바이오시밀러&CDMO액티브,7,128940,한미약품,39,4.09,OK
0001P0,마이티 바이오시밀러&CDMO액티브,8,005690,파미셀,"1,235",3.87,OK
0001P0,마이티 바이오시밀러&CDMO액티브,9,196170,알테오젠,44,3.83,OK
0001P0,마이티 바이오시밀러&CDMO액티브,10,0126Z0,삼성에피스홀딩스,36,3.74,OK
371150,RISE 차이나항셍테크,,,,,,EMPTY_NO_TABLE
375270,RISE 글로벌데이터센터리츠(합성),,,,,,EMPTY_NO_TABLE
140570,RISE 수출주,1,010950,S-Oil,504,2.85,OK
140570,RISE 수출주,2,180640,한진칼,482,2.58,OK
140570,RISE 수출주,3,078930,GS,796,2.57,OK
140570,RISE 수출주,4,096770,SK이노베이션,553,2.47,OK
140570,RISE 수출주,5,003490,대한항공,"2,300",2.41,OK
140570,RISE 수출주,6,011200,HMM,"3,026",2.40,OK
140570,RISE 수출주,7,259960,크래프톤,245,2.37,OK
140570,RISE 수출주,8,034730,SK,99,2.34,OK
140570,RISE 수출주,9,161390,한국타이어앤테크놀로지,802,2.27,OK
140570,RISE 수출주,10,086280,현대글로비스,291,2.22,OK
0174R0,KIWOOM 미국성장다우존스,,,,,,EMPTY_NO_TABLE
301400,PLUS 코스닥150,1,196170,알테오젠,172,7.81,OK
301400,PLUS 코스닥150,2,086520,에코프로,412,4.94,OK
301400,PLUS 코스닥150,3,247540,에코프로비엠,227,3.90,OK
301400,PLUS 코스닥150,4,036930,주성엔지니어링,131,3.43,OK
301400,PLUS 코스닥150,5,240810,원익IPS,139,2.49,OK
301400,PLUS 코스닥150,6,319660,피에스케이,83,2.20,OK
301400,PLUS 코스닥150,7,058470,리노공업,209,2.17,OK
301400,PLUS 코스닥150,8,298380,에이비엘바이오,175,1.99,OK
301400,PLUS 코스닥150,9,277810,레인보우로보틱스,33,1.96,OK
301400,PLUS 코스닥150,10,028300,HLB,494,1.82,OK
497510,ACE 글로벌빅파마,,,,,,EMPTY_NO_TABLE
281990,RISE 중소형고배당,1,035250,강원랜드,"3,450",5.83,OK
281990,RISE 중소형고배당,2,081660,미스토홀딩스,802,4.17,OK
281990,RISE 중소형고배당,3,030000,제일기획,"1,898",4.10,OK
281990,RISE 중소형고배당,4,026960,동서,"1,325",3.90,OK
281990,RISE 중소형고배당,5,012750,에스원,430,3.55,OK
281990,RISE 중소형고배당,6,000240,한국앤컴퍼니,"1,223",3.47,OK
281990,RISE 중소형고배당,7,383220,F&F,359,3.30,OK
281990,RISE 중소형고배당,8,005850,에스엘,529,3.30,OK
281990,RISE 중소형고배당,9,002380,KCC,61,3.05,OK
281990,RISE 중소형고배당,10,036460,한국가스공사,794,2.99,OK
429980,SOL 한국형글로벌전기차&2차전지액티브,1,005930,삼성전자,76,-,OK
429980,SOL 한국형글로벌전기차&2차전지액티브,2,012330,현대모비스,28,-,OK
429980,SOL 한국형글로벌전기차&2차전지액티브,3,006400,삼성SDI,29,-,OK
429980,SOL 한국형글로벌전기차&2차전지액티브,4,373220,LG에너지솔루션,23,-,OK
429980,SOL 한국형글로벌전기차&2차전지액티브,5,086520,에코프로,87,-,OK
429980,SOL 한국형글로벌전기차&2차전지액티브,6,066970,엘앤에프,42,-,OK
429980,SOL 한국형글로벌전기차&2차전지액티브,7,006260,LS,10,-,OK
449680,TIGER 한중전기차(합성),,,,,,EMPTY_NO_TABLE
435540,KIWOOM TDF2040액티브 적격,1,454780,KIWOOM 종합채권(AA-이상)액티브,391,-,OK
435540,KIWOOM TDF2040액티브 적격,2,114470,KIWOOM 국고채3년,61,-,OK
174350,TIGER 로우볼,1,030000,제일기획,755,3.46,OK
174350,TIGER 로우볼,2,007310,오뚜기,45,3.43,OK
174350,TIGER 로우볼,3,033780,KT&G,72,3.06,OK
174350,TIGER 로우볼,4,032640,LG유플러스,850,3.01,OK
174350,TIGER 로우볼,5,029780,삼성카드,254,2.96,OK
174350,TIGER 로우볼,6,001800,오리온홀딩스,437,2.86,OK
174350,TIGER 로우볼,7,024110,기업은행,552,2.85,OK
174350,TIGER 로우볼,8,007070,GS리테일,436,2.83,OK
174350,TIGER 로우볼,9,003690,코리안리,796,2.71,OK
174350,TIGER 로우볼,10,000080,하이트진로,739,2.70,OK
261110,TIGER 미국달러선물레버리지,1,456610,TIGER 미국달러SOFR금리액티브(합성),"2,000",6.89,OK
261110,TIGER 미국달러선물레버리지,2,329750,TIGER 미국달러단기채권액티브,"8,000",6.03,OK
0166T0,PLUS 글로벌저작권핵심기업액티브,1,352820,하이브,49,-,OK
404540,TIGER KRX기후변화솔루션,1,112610,씨에스윈드,"2,578",9.19,OK
404540,TIGER KRX기후변화솔루션,2,009830,한화솔루션,"2,922",8.05,OK
404540,TIGER KRX기후변화솔루션,3,006400,삼성SDI,210,7.96,OK
404540,TIGER KRX기후변화솔루션,4,000660,SK하이닉스,50,7.95,OK
404540,TIGER KRX기후변화솔루션,5,005930,삼성전자,350,7.67,OK
404540,TIGER KRX기후변화솔루션,6,000880,한화,889,7.07,OK
404540,TIGER KRX기후변화솔루션,7,005380,현대차,175,6.69,OK
404540,TIGER KRX기후변화솔루션,8,022100,포스코DX,"3,858",6.23,OK
404540,TIGER KRX기후변화솔루션,9,336260,두산퓨얼셀,"1,483",5.72,OK
404540,TIGER KRX기후변화솔루션,10,100090,SK오션플랜트,"4,579",5.28,OK
0216K0,KIWOOM 미국우주테크TOP2채권혼합50,,,,,,EMPTY_NO_TABLE
482030,KoAct 반도체&2차전지핵심소재액티브,1,014680,한솔케미칼,129,7.48,OK
482030,KoAct 반도체&2차전지핵심소재액티브,2,357780,솔브레인,95,6.53,OK
482030,KoAct 반도체&2차전지핵심소재액티브,3,101490,에스앤에스텍,581,6.11,OK
482030,KoAct 반도체&2차전지핵심소재액티브,4,005290,동진쎄미켐,532,5.31,OK
482030,KoAct 반도체&2차전지핵심소재액티브,5,078600,대주전자재료,271,4.89,OK
482030,KoAct 반도체&2차전지핵심소재액티브,6,086520,에코프로,256,4.77,OK
482030,KoAct 반도체&2차전지핵심소재액티브,7,066970,엘앤에프,191,4.31,OK
482030,KoAct 반도체&2차전지핵심소재액티브,8,047050,포스코인터내셔널,373,4.21,OK
482030,KoAct 반도체&2차전지핵심소재액티브,9,093370,후성,"1,405",3.87,OK
482030,KoAct 반도체&2차전지핵심소재액티브,10,003670,포스코퓨처엠,110,3.70,OK
480460,WON 한국부동산TOP3플러스,1,395400,SK리츠,"16,432",20.99,OK
480460,WON 한국부동산TOP3플러스,2,088980,맥쿼리인프라,"9,180",20.79,OK
480460,WON 한국부동산TOP3플러스,3,334890,이지스밸류플러스리츠,"24,474",18.63,OK
480460,WON 한국부동산TOP3플러스,4,415640,KB발해인프라,"2,992",7.12,OK
480460,WON 한국부동산TOP3플러스,5,357120,코람코라이프인프라리츠,"6,425",5.77,OK
480460,WON 한국부동산TOP3플러스,6,451800,한화리츠,"5,433",5.71,OK
480460,WON 한국부동산TOP3플러스,7,330590,롯데리츠,"6,243",4.89,OK
480460,WON 한국부동산TOP3플러스,8,365550,ESR켄달스퀘어리츠,"6,503",4.72,OK
480460,WON 한국부동산TOP3플러스,9,417310,코람코더원리츠,"1,488",3.37,OK
480460,WON 한국부동산TOP3플러스,10,293940,신한알파리츠,"2,518",2.96,OK
341850,TIGER 리츠부동산인프라채권,1,302190,TIGER 중장기국채,"1,112",24.59,OK
341850,TIGER 리츠부동산인프라채권,2,395400,SK리츠,"4,839",12.17,OK
341850,TIGER 리츠부동산인프라채권,3,088980,맥쿼리인프라,"2,418",10.78,OK
341850,TIGER 리츠부동산인프라채권,4,415640,KB발해인프라,"1,863",8.73,OK
341850,TIGER 리츠부동산인프라채권,5,330590,롯데리츠,"4,728",7.30,OK
341850,TIGER 리츠부동산인프라채권,6,451800,한화리츠,"2,730",5.65,OK
341850,TIGER 리츠부동산인프라채권,7,365550,ESR켄달스퀘어리츠,"3,744",5.35,OK
341850,TIGER 리츠부동산인프라채권,8,293940,신한알파리츠,"1,838",4.25,OK
341850,TIGER 리츠부동산인프라채권,9,094800,맵스리얼티,"1,411",3.76,OK
341850,TIGER 리츠부동산인프라채권,10,448730,삼성FN리츠,"1,384",3.32,OK
0094X0,1Q 샤오미밸류체인액티브,,,,,,EMPTY_NO_TABLE
433250,UNICORN R&D 액티브,1,000660,SK하이닉스,143,22.81,OK
433250,UNICORN R&D 액티브,2,005930,삼성전자,753,16.57,OK
433250,UNICORN R&D 액티브,3,012450,한화에어로스페이스,74,5.99,OK
433250,UNICORN R&D 액티브,4,012330,현대모비스,101,4.26,OK
433250,UNICORN R&D 액티브,5,005380,현대차,110,4.22,OK
433250,UNICORN R&D 액티브,6,035420,NAVER,219,3.56,OK
433250,UNICORN R&D 액티브,7,009150,삼성전기,28,3.12,OK
433250,UNICORN R&D 액티브,8,011070,LG이노텍,46,2.63,OK
433250,UNICORN R&D 액티브,9,006400,삼성SDI,59,2.24,OK
433250,UNICORN R&D 액티브,10,035720,카카오,739,2.22,OK
225800,KIWOOM 미국달러선물레버리지,1,138230,KIWOOM 미국달러선물,"2,160",21.39,OK
256450,PLUS 심천차이넥스트(합성),,,,,,EMPTY_NO_TABLE
395150,KODEX 웹툰&드라마,1,035720,카카오,762,14.92,OK
395150,KODEX 웹툰&드라마,2,253450,스튜디오드래곤,"1,207",14.22,OK
395150,KODEX 웹툰&드라마,3,035420,NAVER,134,14.20,OK
395150,KODEX 웹툰&드라마,4,035760,CJ ENM,786,14.02,OK
395150,KODEX 웹툰&드라마,5,419530,SAMG엔터,718,11.19,OK
395150,KODEX 웹툰&드라마,6,473980,노머스,718,4.46,OK
395150,KODEX 웹툰&드라마,7,310200,애니플러스,"2,937",4.30,OK
395150,KODEX 웹툰&드라마,8,403850,더핑크퐁컴퍼니,712,4.05,OK
395150,KODEX 웹툰&드라마,9,020120,키다리스튜디오,"1,839",3.61,OK
395150,KODEX 웹툰&드라마,10,086980,쇼박스,"2,511",3.10,OK
497520,ACE 일라이릴리밸류체인,1,068270,셀트리온,181,-,OK
497520,ACE 일라이릴리밸류체인,2,207940,삼성바이오로직스,19,-,OK
462340,에셋플러스 글로벌다이나믹시니어액티브,1,278470,에이피알,28,-,OK
462340,에셋플러스 글로벌다이나믹시니어액티브,2,041830,인바디,139,-,OK
462340,에셋플러스 글로벌다이나믹시니어액티브,3,483650,달바글로벌,29,-,OK
0138D0,RISE 동학개미,1,298040,효성중공업,24,10.33,OK
0138D0,RISE 동학개미,2,010120,LS ELECTRIC,337,10.04,OK
0138D0,RISE 동학개미,3,006800,미래에셋증권,"1,512",9.77,OK
0138D0,RISE 동학개미,4,039490,키움증권,113,5.90,OK
0138D0,RISE 동학개미,5,402340,SK스퀘어,31,5.81,OK
0138D0,RISE 동학개미,6,000660,SK하이닉스,18,5.36,OK
0138D0,RISE 동학개미,7,005930,삼성전자,129,5.30,OK
0138D0,RISE 동학개미,8,000720,현대건설,315,5.16,OK
0138D0,RISE 동학개미,9,347850,디앤디파마텍,409,5.09,OK
0138D0,RISE 동학개미,10,095340,ISC,203,5.03,OK
487920,ACE 인도시장대표BIG5그룹액티브,,,,,,EMPTY_NO_TABLE
488200,KIWOOM K-2차전지북미공급망,1,006400,삼성SDI,258,19.55,OK
488200,KIWOOM K-2차전지북미공급망,2,034020,두산에너빌리티,"1,441",18.16,OK
488200,KIWOOM K-2차전지북미공급망,3,066570,LG전자,522,16.68,OK
488200,KIWOOM K-2차전지북미공급망,4,267260,HD현대일렉트릭,116,15.74,OK
488200,KIWOOM K-2차전지북미공급망,5,051910,LG화학,226,10.14,OK
488200,KIWOOM K-2차전지북미공급망,6,003670,포스코퓨처엠,285,7.40,OK
488200,KIWOOM K-2차전지북미공급망,7,086520,에코프로,435,6.26,OK
488200,KIWOOM K-2차전지북미공급망,8,066970,엘앤에프,129,2.25,OK
488200,KIWOOM K-2차전지북미공급망,9,005850,에스엘,149,1.39,OK
488200,KIWOOM K-2차전지북미공급망,10,082920,비츠로셀,145,0.72,OK
395280,HANARO Fn K-게임,1,259960,크래프톤,201,26.34,OK
395280,HANARO Fn K-게임,2,036570,NC,181,23.97,OK
395280,HANARO Fn K-게임,3,263750,펄어비스,553,10.69,OK
395280,HANARO Fn K-게임,4,251270,넷마블,450,9.45,OK
395280,HANARO Fn K-게임,5,462870,시프트업,496,9.33,OK
395280,HANARO Fn K-게임,6,192080,더블유게임즈,154,5.18,OK
395280,HANARO Fn K-게임,7,181710,NHN,194,4.09,OK
395280,HANARO Fn K-게임,8,112040,위메이드,297,2.89,OK
395280,HANARO Fn K-게임,9,069080,웹젠,266,1.72,OK
395280,HANARO Fn K-게임,10,095660,네오위즈,167,1.65,OK
215620,HK S&P코리아로우볼,1,293940,신한알파리츠,"2,726",3.06,OK
215620,HK S&P코리아로우볼,2,000080,하이트진로,934,3.01,OK
215620,HK S&P코리아로우볼,3,451800,한화리츠,"2,976",2.99,OK
215620,HK S&P코리아로우볼,4,214320,이노션,738,2.92,OK
215620,HK S&P코리아로우볼,5,020560,아시아나항공,"1,819",2.71,OK
215620,HK S&P코리아로우볼,6,007310,오뚜기,40,2.69,OK
215620,HK S&P코리아로우볼,7,395400,SK리츠,"2,184",2.67,OK
215620,HK S&P코리아로우볼,8,089860,롯데렌탈,358,2.63,OK
215620,HK S&P코리아로우볼,9,030000,제일기획,612,2.47,OK
215620,HK S&P코리아로우볼,10,192080,더블유게임즈,182,2.39,OK
270800,RISE KQ고배당,1,067160,SOOP,956,5.97,OK
270800,RISE KQ고배당,2,215200,메가스터디교육,975,4.98,OK
270800,RISE KQ고배당,3,031980,피에스케이홀딩스,268,4.89,OK
270800,RISE KQ고배당,4,086520,에코프로,419,4.57,OK
270800,RISE KQ고배당,5,095610,테스,178,4.32,OK
270800,RISE KQ고배당,6,069080,웹젠,"2,554",3.91,OK
270800,RISE KQ고배당,7,056190,SFA,"1,297",3.63,OK
270800,RISE KQ고배당,8,031330,에스에이엠티,"2,191",3.00,OK
270800,RISE KQ고배당,9,035600,KG이니시스,"2,131",2.59,OK
270800,RISE KQ고배당,10,078340,컴투스,724,2.45,OK
435530,KIWOOM TDF2030액티브 적격,1,454780,KIWOOM 종합채권(AA-이상)액티브,695,-,OK
435530,KIWOOM TDF2030액티브 적격,2,114470,KIWOOM 국고채3년,68,-,OK
182490,TIGER 단기선진하이일드(합성 H),,,,,,EMPTY_NO_TABLE
494210,SOL 미국500타겟데일리커버드콜액티브,,,,,,EMPTY_NO_TABLE
395750,PLUS ESG가치주액티브,1,005930,삼성전자,"1,008",24.95,OK
395750,PLUS ESG가치주액티브,2,000660,SK하이닉스,112,20.09,OK
395750,PLUS ESG가치주액티브,3,105560,KB금융,160,2.90,OK
395750,PLUS ESG가치주액티브,4,055550,신한지주,258,2.72,OK
395750,PLUS ESG가치주액티브,5,402340,SK스퀘어,23,2.60,OK
395750,PLUS ESG가치주액티브,6,005380,현대차,56,2.42,OK
395750,PLUS ESG가치주액티브,7,034730,SK,39,2.21,OK
395750,PLUS ESG가치주액티브,8,012330,현대모비스,43,2.04,OK
395750,PLUS ESG가치주액티브,9,010950,S-Oil,145,1.97,OK
395750,PLUS ESG가치주액티브,10,009150,삼성전기,14,1.75,OK
230480,KIWOOM 미국달러선물인버스2X,1,139660,KIWOOM 미국달러선물인버스,987,19.27,OK
390400,KODEX 미국스마트모빌리티S&P,,,,,,EMPTY_NO_TABLE
457930,BNK 미래전략기술액티브,1,000660,SK하이닉스,89,12.42,OK
457930,BNK 미래전략기술액티브,2,005930,삼성전자,614,11.82,OK
457930,BNK 미래전략기술액티브,3,005380,현대차,91,3.06,OK
457930,BNK 미래전략기술액티브,4,068270,셀트리온,209,2.77,OK
457930,BNK 미래전략기술액티브,5,000270,기아,247,2.68,OK
457930,BNK 미래전략기술액티브,6,207940,삼성바이오로직스,25,2.65,OK
457930,BNK 미래전략기술액티브,7,028260,삼성물산,94,2.57,OK
457930,BNK 미래전략기술액티브,8,012450,한화에어로스페이스,36,2.55,OK
457930,BNK 미래전략기술액티브,9,034020,두산에너빌리티,445,2.46,OK
457930,BNK 미래전략기술액티브,10,012330,현대모비스,63,2.32,OK
0172Y0,ACE K수출핵심TOP10산업액티브,1,005930,삼성전자,372,20.21,OK
0172Y0,ACE K수출핵심TOP10산업액티브,2,028260,삼성물산,254,19.57,OK
0172Y0,ACE K수출핵심TOP10산업액티브,3,214450,파마리서치,89,6.28,OK
0172Y0,ACE K수출핵심TOP10산업액티브,4,012450,한화에어로스페이스,25,4.99,OK
0172Y0,ACE K수출핵심TOP10산업액티브,5,000270,기아,161,4.93,OK
0172Y0,ACE K수출핵심TOP10산업액티브,6,373220,LG에너지솔루션,64,4.49,OK
0172Y0,ACE K수출핵심TOP10산업액티브,7,207940,삼성바이오로직스,15,4.48,OK
0172Y0,ACE K수출핵심TOP10산업액티브,8,000660,SK하이닉스,11,4.33,OK
0172Y0,ACE K수출핵심TOP10산업액티브,9,034020,두산에너빌리티,269,4.20,OK
0172Y0,ACE K수출핵심TOP10산업액티브,10,000720,현대건설,191,4.14,OK
217780,TIGER 차이나CSI300인버스(합성),,,,,,EMPTY_NO_TABLE
381570,HANARO Fn친환경에너지,1,009830,한화솔루션,"1,629",11.00,OK
381570,HANARO Fn친환경에너지,2,006400,삼성SDI,114,10.59,OK
381570,HANARO Fn친환경에너지,3,005490,POSCO홀딩스,160,10.40,OK
381570,HANARO Fn친환경에너지,4,373220,LG에너지솔루션,150,10.40,OK
381570,HANARO Fn친환경에너지,5,010060,OCI홀딩스,204,8.81,OK
381570,HANARO Fn친환경에너지,6,000880,한화,408,7.95,OK
381570,HANARO Fn친환경에너지,7,047050,포스코인터내셔널,715,7.64,OK
381570,HANARO Fn친환경에너지,8,178320,서진시스템,717,5.94,OK
381570,HANARO Fn친환경에너지,9,336260,두산퓨얼셀,625,5.91,OK
381570,HANARO Fn친환경에너지,10,357780,솔브레인,66,4.30,OK
437370,RISE 글로벌농업경제,,,,,,EMPTY_NO_TABLE
402460,HANARO Fn K-메타버스MZ,1,030200,KT,"1,594",11.56,OK
402460,HANARO Fn K-메타버스MZ,2,259960,크래프톤,307,10.05,OK
402460,HANARO Fn K-메타버스MZ,3,017670,SK텔레콤,848,10.00,OK
402460,HANARO Fn K-메타버스MZ,4,066570,LG전자,367,9.37,OK
402460,HANARO Fn K-메타버스MZ,5,035420,NAVER,360,9.31,OK
402460,HANARO Fn K-메타버스MZ,6,009150,삼성전기,45,7.98,OK
402460,HANARO Fn K-메타버스MZ,7,352820,하이브,268,7.85,OK
402460,HANARO Fn K-메타버스MZ,8,011070,LG이노텍,74,6.73,OK
402460,HANARO Fn K-메타버스MZ,9,032640,LG유플러스,"2,924",5.85,OK
402460,HANARO Fn K-메타버스MZ,10,034220,LG디스플레이,"3,388",4.83,OK
189400,PLUS 글로벌MSCI(합성 H),1,195980,PLUS 신흥국MSCI(합성 H),470,-,OK
189400,PLUS 글로벌MSCI(합성 H),2,195970,PLUS 선진국MSCI(합성 H),400,-,OK
438740,MIDAS 중소형액티브,1,009150,삼성전기,86,4.33,OK
438740,MIDAS 중소형액티브,2,095610,테스,416,3.03,OK
438740,MIDAS 중소형액티브,3,290650,엘앤씨바이오,998,2.71,OK
438740,MIDAS 중소형액티브,4,000150,두산,48,2.32,OK
438740,MIDAS 중소형액티브,5,004170,신세계,100,2.31,OK
438740,MIDAS 중소형액티브,6,298040,효성중공업,21,2.19,OK
438740,MIDAS 중소형액티브,7,347850,디앤디파마텍,640,1.92,OK
438740,MIDAS 중소형액티브,8,034020,두산에너빌리티,620,1.77,OK
438740,MIDAS 중소형액티브,9,007660,이수페타시스,428,1.66,OK
438740,MIDAS 중소형액티브,10,443060,HD현대마린솔루션,210,1.59,OK
0005C0,RISE 미국S&P500엔화노출(합성 H),,,,,,EMPTY_NO_TABLE
0047N0,PLUS 차이나AI테크TOP10,,,,,,EMPTY_NO_TABLE
488480,RISE 일본섹터TOP4Plus,,,,,,EMPTY_NO_TABLE
466810,BNK 2차전지양극재,1,096770,SK이노베이션,260,10.63,OK
466810,BNK 2차전지양극재,2,005070,코스모신소재,616,8.81,OK
466810,BNK 2차전지양극재,3,006400,삼성SDI,53,8.65,OK
466810,BNK 2차전지양극재,4,005490,POSCO홀딩스,75,8.57,OK
466810,BNK 2차전지양극재,5,373220,LG에너지솔루션,69,8.41,OK
466810,BNK 2차전지양극재,6,051910,LG화학,84,8.12,OK
466810,BNK 2차전지양극재,7,003670,포스코퓨처엠,145,8.11,OK
466810,BNK 2차전지양극재,8,066970,엘앤에프,213,8.01,OK
466810,BNK 2차전지양극재,9,005420,코스모화학,"2,189",7.95,OK
466810,BNK 2차전지양극재,10,086520,에코프로,246,7.63,OK
0082F0,HANARO 유럽방산,,,,,,EMPTY_NO_TABLE
0036Z0,RISE 미국천연가스밸류체인,,,,,,EMPTY_NO_TABLE
400590,SOL 글로벌탄소배출권선물ICE(합성),,,,,,EMPTY_NO_TABLE
304670,KODEX 미국30년국채울트라선물인버스(H),,,,,,EMPTY_NO_TABLE
450180,KODEX 한중전기차(합성),,,,,,EMPTY_NO_TABLE
219900,ACE 중국본토CSI300레버리지(합성),1,168580,ACE 중국본토CSI300,393,-,OK
285690,FOCUS ESG리더스,1,009150,삼성전기,38,4.67,OK
285690,FOCUS ESG리더스,2,402340,SK스퀘어,39,4.32,OK
285690,FOCUS ESG리더스,3,000660,SK하이닉스,19,3.34,OK
285690,FOCUS ESG리더스,4,034730,SK,44,2.45,OK
285690,FOCUS ESG리더스,5,005930,삼성전자,87,2.11,OK
285690,FOCUS ESG리더스,6,010120,LS ELECTRIC,120,2.11,OK
285690,FOCUS ESG리더스,7,105560,KB금융,118,2.10,OK
285690,FOCUS ESG리더스,8,032830,삼성생명,65,2.02,OK
285690,FOCUS ESG리더스,9,055550,신한지주,191,1.98,OK
285690,FOCUS ESG리더스,10,028260,삼성물산,55,1.89,OK
227570,TIGER 우량가치,1,007070,GS리테일,539,2.40,OK
227570,TIGER 우량가치,2,078930,GS,179,2.39,OK
227570,TIGER 우량가치,3,006120,SK디스커버리,286,2.32,OK
227570,TIGER 우량가치,4,028670,팬오션,"2,564",2.25,OK
227570,TIGER 우량가치,5,003690,코리안리,949,2.22,OK
227570,TIGER 우량가치,6,081660,미스토홀딩스,292,2.21,OK
227570,TIGER 우량가치,7,029780,삼성카드,272,2.18,OK
227570,TIGER 우량가치,8,012630,HDC,645,2.18,OK
227570,TIGER 우량가치,9,000640,동아쏘시오홀딩스,155,2.15,OK
227570,TIGER 우량가치,10,017940,E1,151,2.15,OK
253280,RISE 헬스케어,1,207940,삼성바이오로직스,52,11.83,OK
253280,RISE 헬스케어,2,068270,셀트리온,406,11.56,OK
253280,RISE 헬스케어,3,196170,알테오젠,194,9.98,OK
253280,RISE 헬스케어,4,000100,유한양행,481,5.33,OK
253280,RISE 헬스케어,5,298380,에이비엘바이오,368,4.73,OK
253280,RISE 헬스케어,6,326030,SK바이오팜,348,4.49,OK
253280,RISE 헬스케어,7,028300,HLB,"1,030",4.29,OK
253280,RISE 헬스케어,8,141080,리가켐바이오,230,4.24,OK
253280,RISE 헬스케어,9,000250,삼천당제약,121,3.64,OK
253280,RISE 헬스케어,10,0126Z0,삼성에피스홀딩스,57,3.50,OK
456200,PLUS 미국달러SOFR금리액티브(합성),1,456610,TIGER 미국달러SOFR금리액티브(합성),32,-,OK
225050,TIGER 유로스탁스레버리지(합성 H),1,195930,TIGER 유로스탁스50(합성 H),"7,934",-,OK
316300,ACE 싱가포르리츠,,,,,,EMPTY_NO_TABLE
326230,RISE 내수주플러스,1,066570,LG전자,106,8.86,OK
326230,RISE 내수주플러스,2,033780,KT&G,108,8.48,OK
326230,RISE 내수주플러스,3,017670,SK텔레콤,187,7.22,OK
326230,RISE 내수주플러스,4,015760,한국전력,415,6.40,OK
326230,RISE 내수주플러스,5,278470,에이피알,34,5.82,OK
326230,RISE 내수주플러스,6,030200,KT,198,4.70,OK
326230,RISE 내수주플러스,7,352820,하이브,33,3.17,OK
326230,RISE 내수주플러스,8,021240,코웨이,73,3.02,OK
326230,RISE 내수주플러스,9,003230,삼양식품,6,3.00,OK
326230,RISE 내수주플러스,10,032640,LG유플러스,364,2.38,OK
0087F0,ACE 차이나AI빅테크TOP2+액티브,,,,,,EMPTY_NO_TABLE
139660,KIWOOM 미국달러선물인버스,,,,,,EMPTY_NO_TABLE
244670,KODEX 밸류Plus,1,000640,동아쏘시오홀딩스,580,4.18,OK
244670,KODEX 밸류Plus,2,001680,대상,"2,747",4.18,OK
244670,KODEX 밸류Plus,3,280360,롯데웰푸드,379,3.55,OK
244670,KODEX 밸류Plus,4,006040,동원산업,"1,116",3.35,OK
244670,KODEX 밸류Plus,5,097950,CJ제일제당,195,3.25,OK
244670,KODEX 밸류Plus,6,001800,오리온홀딩스,"1,303",3.04,OK
244670,KODEX 밸류Plus,7,004490,세방전지,608,2.85,OK
244670,KODEX 밸류Plus,8,002310,아세아제지,"4,058",2.78,OK
244670,KODEX 밸류Plus,9,078930,GS,394,2.72,OK
244670,KODEX 밸류Plus,10,009970,영원무역홀딩스,161,2.70,OK
0176P0,FOCUS AI반도체위클리고정커버드콜,1,005930,삼성전자,592,23.11,OK
0176P0,FOCUS AI반도체위클리고정커버드콜,2,000660,SK하이닉스,76,21.51,OK
0176P0,FOCUS AI반도체위클리고정커버드콜,3,009150,삼성전기,63,12.46,OK
0176P0,FOCUS AI반도체위클리고정커버드콜,4,031980,피에스케이홀딩스,238,5.12,OK
0176P0,FOCUS AI반도체위클리고정커버드콜,5,353200,대덕전자,243,4.24,OK
0176P0,FOCUS AI반도체위클리고정커버드콜,6,281820,케이씨텍,278,3.84,OK
0176P0,FOCUS AI반도체위클리고정커버드콜,7,222800,심텍,230,3.81,OK
0176P0,FOCUS AI반도체위클리고정커버드콜,8,000150,두산,17,3.23,OK
0176P0,FOCUS AI반도체위클리고정커버드콜,9,042700,한미반도체,101,3.18,OK
0176P0,FOCUS AI반도체위클리고정커버드콜,10,064760,티씨케이,78,2.75,OK
429740,PLUS K리츠,1,395400,SK리츠,"7,511",14.27,OK
429740,PLUS K리츠,2,365550,ESR켄달스퀘어리츠,"11,971",12.92,OK
429740,PLUS K리츠,3,330590,롯데리츠,"9,746",11.36,OK
429740,PLUS K리츠,4,293940,신한알파리츠,"6,354",11.10,OK
429740,PLUS K리츠,5,451800,한화리츠,"5,941",9.28,OK
429740,PLUS K리츠,6,357120,코람코라이프인프라리츠,"6,313",8.43,OK
429740,PLUS K리츠,7,417310,코람코더원리츠,"2,096",7.06,OK
429740,PLUS K리츠,8,448730,삼성FN리츠,"3,543",6.41,OK
429740,PLUS K리츠,9,348950,제이알글로벌리츠,"11,682",4.62,OK
429740,PLUS K리츠,10,0030R0,대신밸류리츠,"3,102",4.00,OK
0184V0,UNICORN K바이오액티브,1,226950,올릭스,214,8.82,OK
0184V0,UNICORN K바이오액티브,2,347850,디앤디파마텍,319,7.94,OK
0184V0,UNICORN K바이오액티브,3,298380,에이비엘바이오,306,7.82,OK
0184V0,UNICORN K바이오액티브,4,237690,에스티팜,191,7.77,OK
0184V0,UNICORN K바이오액티브,5,141080,리가켐바이오,210,7.69,OK
0184V0,UNICORN K바이오액티브,6,456160,지투지바이오,643,6.58,OK
0184V0,UNICORN K바이오액티브,7,475830,오름테라퓨틱,443,6.50,OK
0184V0,UNICORN K바이오액티브,8,310210,보로노이,133,6.41,OK
0184V0,UNICORN K바이오액티브,9,196170,알테오젠,61,6.24,OK
0184V0,UNICORN K바이오액티브,10,321550,티움바이오,"4,673",6.07,OK
0191B0,MIDAS 코스닥액티브,1,089970,브이엠,640,7.76,OK
0191B0,MIDAS 코스닥액티브,2,095610,테스,320,7.50,OK
0191B0,MIDAS 코스닥액티브,3,064290,인텍플러스,"1,279",6.97,OK
0191B0,MIDAS 코스닥액티브,4,319660,피에스케이,210,4.87,OK
0191B0,MIDAS 코스닥액티브,5,420770,기가비스,236,4.81,OK
0191B0,MIDAS 코스닥액티브,6,170920,엘티씨,683,4.49,OK
0191B0,MIDAS 코스닥액티브,7,196170,알테오젠,105,4.18,OK
0191B0,MIDAS 코스닥액티브,8,222800,심텍,283,3.85,OK
0191B0,MIDAS 코스닥액티브,9,085910,네오티스,"1,595",3.39,OK
0191B0,MIDAS 코스닥액티브,10,356860,티엘비,289,2.70,OK
139290,TIGER 200 경기소비재,1,012330,현대모비스,240,21.10,OK
139290,TIGER 200 경기소비재,2,000270,기아,699,18.09,OK
139290,TIGER 200 경기소비재,3,005380,현대차,203,16.26,OK
139290,TIGER 200 경기소비재,4,180640,한진칼,284,6.74,OK
139290,TIGER 200 경기소비재,5,161390,한국타이어앤테크놀로지,436,5.48,OK
139290,TIGER 200 경기소비재,6,021240,코웨이,327,5.41,OK
139290,TIGER 200 경기소비재,7,004170,신세계,38,4.05,OK
139290,TIGER 200 경기소비재,8,069960,현대백화점,71,2.02,OK
139290,TIGER 200 경기소비재,9,111770,영원무역,132,2.01,OK
139290,TIGER 200 경기소비재,10,035250,강원랜드,688,1.82,OK
368680,KODEX K-뉴딜디지털플러스,1,068270,셀트리온,490,11.66,OK
368680,KODEX K-뉴딜디지털플러스,2,207940,삼성바이오로직스,53,10.08,OK
368680,KODEX K-뉴딜디지털플러스,3,006400,삼성SDI,163,9.74,OK
368680,KODEX K-뉴딜디지털플러스,4,005490,POSCO홀딩스,228,9.54,OK
368680,KODEX K-뉴딜디지털플러스,5,373220,LG에너지솔루션,212,9.46,OK
368680,KODEX K-뉴딜디지털플러스,6,035420,NAVER,364,9.30,OK
368680,KODEX K-뉴딜디지털플러스,7,196170,알테오젠,197,8.47,OK
368680,KODEX K-뉴딜디지털플러스,8,051910,LG화학,214,7.57,OK
368680,KODEX K-뉴딜디지털플러스,9,035720,카카오,"1,484",7.01,OK
368680,KODEX K-뉴딜디지털플러스,10,259960,크래프톤,125,4.04,OK
451670,RISE 국채30년레버리지(합성),,,,,,EMPTY_NO_TABLE
0102X0,ACE 유럽방산TOP10,,,,,,EMPTY_NO_TABLE
272570,RISE 중장기국공채액티브,,,,,,EMPTY_NO_TABLE
0154H0,KoAct 차이나바이오헬스케어액티브,,,,,,EMPTY_NO_TABLE
401590,HANARO 글로벌탄소배출권선물ICE(합성),,,,,,EMPTY_NO_TABLE
0132D0,KoAct 글로벌K컬처밸류체인액티브,1,214450,파마리서치,133,-,OK
0132D0,KoAct 글로벌K컬처밸류체인액티브,2,278470,에이피알,113,-,OK
0132D0,KoAct 글로벌K컬처밸류체인액티브,3,383220,F&F,528,-,OK
0132D0,KoAct 글로벌K컬처밸류체인액티브,4,003230,삼양식품,36,-,OK
0132D0,KoAct 글로벌K컬처밸류체인액티브,5,352820,하이브,176,-,OK
0132D0,KoAct 글로벌K컬처밸류체인액티브,6,081660,미스토홀딩스,665,-,OK
0132D0,KoAct 글로벌K컬처밸류체인액티브,7,069960,현대백화점,190,-,OK
0132D0,KoAct 글로벌K컬처밸류체인액티브,8,020000,한섬,920,-,OK
0132D0,KoAct 글로벌K컬처밸류체인액티브,9,271560,오리온,153,-,OK
0132D0,KoAct 글로벌K컬처밸류체인액티브,10,090430,아모레퍼시픽,106,-,OK
291890,KODEX MSCI EM선물(H),,,,,,EMPTY_NO_TABLE
407300,HANARO Fn골프테마,1,035720,카카오,"1,655",10.39,OK
407300,HANARO Fn골프테마,2,004170,신세계,96,10.25,OK
407300,HANARO Fn골프테마,3,000880,한화,561,9.35,OK
407300,HANARO Fn골프테마,4,034020,두산에너빌리티,676,8.94,OK
407300,HANARO Fn골프테마,5,028260,삼성물산,136,8.87,OK
407300,HANARO Fn골프테마,6,035250,강원랜드,"3,157",8.37,OK
407300,HANARO Fn골프테마,7,000990,DB하이텍,418,8.36,OK
407300,HANARO Fn골프테마,8,011780,금호석유화학,365,7.74,OK
407300,HANARO Fn골프테마,9,377300,카카오페이,929,6.67,OK
407300,HANARO Fn골프테마,10,081660,미스토홀딩스,770,6.28,OK
413220,SOL 차이나태양광CSI(합성),,,,,,EMPTY_NO_TABLE
0114X0,RISE 글로벌게임테크TOP3Plus,,,,,,EMPTY_NO_TABLE
0053M0,더제이 중소형포커스액티브,1,031980,피에스케이홀딩스,376,7.77,OK
0053M0,더제이 중소형포커스액티브,2,004170,신세계,83,7.23,OK
0053M0,더제이 중소형포커스액티브,3,071050,한국금융지주,193,6.74,OK
0053M0,더제이 중소형포커스액티브,4,278470,에이피알,105,5.88,OK
0053M0,더제이 중소형포커스액티브,5,006260,LS,131,5.86,OK
0053M0,더제이 중소형포커스액티브,6,000150,두산,30,5.48,OK
0053M0,더제이 중소형포커스액티브,7,005850,에스엘,677,5.41,OK
0053M0,더제이 중소형포커스액티브,8,016360,삼성증권,328,5.26,OK
0053M0,더제이 중소형포커스액티브,9,041830,인바디,662,5.04,OK
0053M0,더제이 중소형포커스액티브,10,214450,파마리서치,101,4.92,OK
476310,RISE 글로벌비만산업TOP2+,,,,,,EMPTY_NO_TABLE
138920,KODEX 콩선물(H),,,,,,EMPTY_NO_TABLE
289670,PLUS 국채선물10년,,,,,,EMPTY_NO_TABLE
0078V0,PLUS 미국로보택시,,,,,,EMPTY_NO_TABLE
400580,SOL 유럽탄소배출권선물S&P(H),,,,,,EMPTY_NO_TABLE
314700,HANARO 농업융복합산업,1,033780,KT&G,648,21.36,OK
314700,HANARO 농업융복합산업,2,051910,LG화학,339,16.70,OK
314700,HANARO 농업융복합산업,3,006040,동원산업,"2,328",15.19,OK
314700,HANARO 농업융복합산업,4,001040,CJ,505,13.62,OK
314700,HANARO 농업융복합산업,5,006260,LS,154,8.84,OK
314700,HANARO 농업융복합산업,6,003380,하림지주,"4,381",8.44,OK
314700,HANARO 농업융복합산업,7,097950,CJ제일제당,178,6.46,OK
314700,HANARO 농업융복합산업,8,035810,이지홀딩스,"4,449",3.68,OK
314700,HANARO 농업융복합산업,9,007310,오뚜기,35,2.07,OK
314700,HANARO 농업융복합산업,10,004000,롯데정밀화학,197,1.71,OK
499150,SOL 미국S&P500엔화노출(H),,,,,,EMPTY_NO_TABLE
220130,SOL 차이나강소기업CSI500(합성 H),,,,,,EMPTY_NO_TABLE
139240,TIGER 200 철강소재,1,005490,POSCO홀딩스,143,23.20,OK
139240,TIGER 200 철강소재,2,004020,현대제철,"1,463",20.65,OK
139240,TIGER 200 철강소재,3,010130,고려아연,36,19.43,OK
139240,TIGER 200 철강소재,4,103140,풍산,530,17.53,OK
139240,TIGER 200 철강소재,5,001430,세아베스틸지주,384,6.12,OK
139240,TIGER 200 철강소재,6,000670,영풍,151,2.83,OK
139240,TIGER 200 철강소재,7,008730,율촌화학,328,2.41,OK
139240,TIGER 200 철강소재,8,003030,세아제강지주,43,2.35,OK
139240,TIGER 200 철강소재,9,002030,아세아,25,2.34,OK
139240,TIGER 200 철강소재,10,014820,동원시스템즈,173,1.82,OK
469530,RISE 미국달러선물인버스,,,,,,EMPTY_NO_TABLE
267450,RISE 미국장기국채선물인버스(H),1,455890,RISE 머니마켓액티브,"2,800",-,OK
267450,RISE 미국장기국채선물인버스(H),2,196230,RISE 단기통안채,"1,000",-,OK
267450,RISE 미국장기국채선물인버스(H),3,136340,RISE 중기우량회사채,560,-,OK
483030,KIWOOM 미국블록버스터바이오테크의약품+,,,,,,EMPTY_NO_TABLE
490330,KoAct 미국치매&뇌질환치료제액티브,,,,,,EMPTY_NO_TABLE
432600,RISE 국채선물3년,,,,,,EMPTY_NO_TABLE
474390,SOL 국고채30년액티브,,,,,,EMPTY_NO_TABLE
261920,ACE MSCI필리핀(합성),,,,,,EMPTY_NO_TABLE
0073X0,FOCUS 알리바바미국채커버드콜혼합,,,,,,EMPTY_NO_TABLE
483020,KIWOOM 의료AI,1,207940,삼성바이오로직스,76,23.04,OK
483020,KIWOOM 의료AI,2,068270,셀트리온,586,22.22,OK
483020,KIWOOM 의료AI,3,326030,SK바이오팜,"1,100",18.89,OK
483020,KIWOOM 의료AI,4,458870,씨어스,991,7.07,OK
483020,KIWOOM 의료AI,5,328130,루닛,"2,475",5.31,OK
483020,KIWOOM 의료AI,6,069620,대웅제약,159,4.56,OK
483020,KIWOOM 의료AI,7,085660,차바이오텍,"2,119",4.45,OK
483020,KIWOOM 의료AI,8,475960,토모큐브,352,2.53,OK
483020,KIWOOM 의료AI,9,468530,프로티나,302,1.50,OK
483020,KIWOOM 의료AI,10,376270,HEM파마,164,1.46,OK
0128D0,PLUS 차이나항셍테크위클리타겟커버드콜,,,,,,EMPTY_NO_TABLE
391600,ACE 미국친환경그린테마,,,,,,EMPTY_NO_TABLE
411860,KIWOOM 독일DAX,,,,,,EMPTY_NO_TABLE
321410,KODEX 멀티에셋하이인컴(H),,,,,,EMPTY_NO_TABLE
0015E0,KIWOOM 엔비디아미국30년국채혼합액티브(H),1,580061,KB 미국채 30년 ETN,"13,000",-,OK
0015E0,KIWOOM 엔비디아미국30년국채혼합액티브(H),2,610037,메리츠 미국채30년 ETN(H),"15,000",-,OK
0131A0,SOL 차이나소비트렌드,,,,,,EMPTY_NO_TABLE
252420,RISE 200선물인버스2X,1,252410,RISE 200선물인버스,890,14.39,OK
252420,RISE 200선물인버스2X,2,252710,TIGER 200선물인버스2X,"9,135",11.26,OK
307510,TIGER 의료기기,1,214450,파마리서치,271,13.54,OK
307510,TIGER 의료기기,2,214150,클래시스,"1,079",7.74,OK
307510,TIGER 의료기기,3,290650,엘앤씨바이오,736,7.73,OK
307510,TIGER 의료기기,4,458870,씨어스,"1,133",5.64,OK
307510,TIGER 의료기기,5,096530,씨젠,"1,295",5.57,OK
307510,TIGER 의료기기,6,328130,루닛,"2,829",4.24,OK
307510,TIGER 의료기기,7,445680,큐리옥스바이오시스템즈,583,3.83,OK
307510,TIGER 의료기기,8,491000,리브스메드,600,3.66,OK
307510,TIGER 의료기기,9,085660,차바이오텍,"2,422",3.55,OK
307510,TIGER 의료기기,10,041830,인바디,368,2.87,OK
0174J0,DAISHIN343 오피스리츠플러스,1,395400,SK리츠,"20,055",26.42,OK
0174J0,DAISHIN343 오피스리츠플러스,2,365550,ESR켄달스퀘어리츠,"18,325",13.70,OK
0174J0,DAISHIN343 오피스리츠플러스,3,330590,롯데리츠,"14,156",11.44,OK
0174J0,DAISHIN343 오피스리츠플러스,4,293940,신한알파리츠,"9,243",11.19,OK
0174J0,DAISHIN343 오피스리츠플러스,5,451800,한화리츠,"9,150",9.91,OK
0174J0,DAISHIN343 오피스리츠플러스,6,417310,코람코더원리츠,"3,206",7.49,OK
0174J0,DAISHIN343 오피스리츠플러스,7,448730,삼성FN리츠,"5,263",6.60,OK
0174J0,DAISHIN343 오피스리츠플러스,8,0030R0,대신밸류리츠,"4,744",4.24,OK
0174J0,DAISHIN343 오피스리츠플러스,9,400760,NH올원리츠,"4,413",2.97,OK
0174J0,DAISHIN343 오피스리츠플러스,10,432320,KB스타리츠,"5,687",1.85,OK
295000,RISE 국채선물10년,,,,,,EMPTY_NO_TABLE
498610,RISE 인도디지털성장,,,,,,EMPTY_NO_TABLE
0015K0,TIGER 미국소비트렌드액티브,,,,,,EMPTY_NO_TABLE
267440,RISE 미국장기국채선물(H),1,272560,RISE 단기국공채액티브,"1,167",-,OK
267440,RISE 미국장기국채선물(H),2,455890,RISE 머니마켓액티브,"2,333",-,OK
373790,KIWOOM 미국방어배당성장나스닥,,,,,,EMPTY_NO_TABLE
470310,UNICORN 생성형AI강소기업액티브,1,035720,카카오,"2,166",9.49,OK
470310,UNICORN 생성형AI강소기업액티브,2,066570,LG전자,405,9.48,OK
470310,UNICORN 생성형AI강소기업액티브,3,035420,NAVER,390,9.25,OK
470310,UNICORN 생성형AI강소기업액티브,4,064400,LG씨엔에스,"1,044",8.98,OK
470310,UNICORN 생성형AI강소기업액티브,5,018260,삼성에스디에스,369,8.85,OK
470310,UNICORN 생성형AI강소기업액티브,6,328130,루닛,"6,791",8.49,OK
470310,UNICORN 생성형AI강소기업액티브,7,181710,NHN,"1,714",8.27,OK
470310,UNICORN 생성형AI강소기업액티브,8,030520,한글과컴퓨터,"2,358",4.94,OK
470310,UNICORN 생성형AI강소기업액티브,9,031980,피에스케이홀딩스,180,3.18,OK
470310,UNICORN 생성형AI강소기업액티브,10,108860,셀바스AI,"3,566",2.98,OK
0050E0,PLUS 미국AI에이전트,,,,,,EMPTY_NO_TABLE
488210,KIWOOM K-반도체북미공급망,1,000660,SK하이닉스,204,32.61,OK
488210,KIWOOM K-반도체북미공급망,2,031980,피에스케이홀딩스,"1,166",14.15,OK
488210,KIWOOM K-반도체북미공급망,3,095340,ISC,"1,057",14.06,OK
488210,KIWOOM K-반도체북미공급망,4,064760,티씨케이,605,12.03,OK
488210,KIWOOM K-반도체북미공급망,5,093370,후성,"5,763",6.16,OK
488210,KIWOOM K-반도체북미공급망,6,083450,GST,990,3.91,OK
488210,KIWOOM K-반도체북미공급망,7,074600,원익QnC,"1,412",3.70,OK
488210,KIWOOM K-반도체북미공급망,8,052400,코나아이,782,2.82,OK
488210,KIWOOM K-반도체북미공급망,9,059090,미코,"1,795",2.43,OK
488210,KIWOOM K-반도체북미공급망,10,253590,네오셈,"2,357",2.02,OK
243890,TIGER 200에너지화학레버리지,1,034730,SK,163,44.70,OK
243890,TIGER 200에너지화학레버리지,2,051910,LG화학,210,25.76,OK
243890,TIGER 200에너지화학레버리지,3,267250,HD현대,206,19.23,OK
243890,TIGER 200에너지화학레버리지,4,096770,SK이노베이션,341,17.65,OK
243890,TIGER 200에너지화학레버리지,5,139250,TIGER 200 에너지화학,"1,839",14.37,OK
243890,TIGER 200에너지화학레버리지,6,010950,S-Oil,191,12.52,OK
243890,TIGER 200에너지화학레버리지,7,009830,한화솔루션,648,9.75,OK
243890,TIGER 200에너지화학레버리지,8,078930,GS,204,7.64,OK
243890,TIGER 200에너지화학레버리지,9,010060,OCI홀딩스,61,5.83,OK
243890,TIGER 200에너지화학레버리지,10,014680,한솔케미칼,45,5.46,OK
244660,KODEX 퀄리티Plus,1,000080,하이트진로,"2,686",4.37,OK
244660,KODEX 퀄리티Plus,2,214320,이노션,"2,042",4.09,OK
244660,KODEX 퀄리티Plus,3,030000,제일기획,"1,986",4.06,OK
244660,KODEX 퀄리티Plus,4,004370,농심,96,3.72,OK
244660,KODEX 퀄리티Plus,5,001680,대상,"1,914",3.65,OK
244660,KODEX 퀄리티Plus,6,005180,빙그레,506,3.64,OK
244660,KODEX 퀄리티Plus,7,081660,미스토홀딩스,707,3.48,OK
244660,KODEX 퀄리티Plus,8,185750,종근당,452,3.46,OK
244660,KODEX 퀄리티Plus,9,271560,오리온,230,3.35,OK
244660,KODEX 퀄리티Plus,10,005300,롯데칠성,294,3.25,OK
315270,TIGER 200커뮤니케이션서비스,1,035420,NAVER,421,20.43,OK
315270,TIGER 200커뮤니케이션서비스,2,017670,SK텔레콤,775,17.14,OK
315270,TIGER 200커뮤니케이션서비스,3,035720,카카오,"1,756",15.75,OK
315270,TIGER 200커뮤니케이션서비스,4,030200,KT,"1,147",15.60,OK
315270,TIGER 200커뮤니케이션서비스,5,259960,크래프톤,147,9.03,OK
315270,TIGER 200커뮤니케이션서비스,6,352820,하이브,131,7.20,OK
315270,TIGER 200커뮤니케이션서비스,7,036570,NC,89,5.52,OK
315270,TIGER 200커뮤니케이션서비스,8,032640,LG유플러스,"1,421",5.33,OK
315270,TIGER 200커뮤니케이션서비스,9,030000,제일기획,361,1.75,OK
315270,TIGER 200커뮤니케이션서비스,10,251270,넷마블,159,1.57,OK
205720,ACE 일본TOPIX인버스(합성 H),,,,,,EMPTY_NO_TABLE
266550,PLUS 중형주저변동50,1,139130,iM금융지주,"1,554",3.10,OK
266550,PLUS 중형주저변동50,2,161890,한국콜마,239,3.03,OK
266550,PLUS 중형주저변동50,3,271560,오리온,204,2.99,OK
266550,PLUS 중형주저변동50,4,097950,CJ제일제당,141,2.96,OK
266550,PLUS 중형주저변동50,5,035250,강원랜드,"1,837",2.95,OK
266550,PLUS 중형주저변동50,6,030000,제일기획,"1,396",2.87,OK
266550,PLUS 중형주저변동50,7,003690,코리안리,"1,859",2.84,OK
266550,PLUS 중형주저변동50,8,175330,JB금융지주,873,2.68,OK
266550,PLUS 중형주저변동50,9,214320,이노션,"1,318",2.66,OK
266550,PLUS 중형주저변동50,10,012750,에스원,337,2.65,OK
291630,KIWOOM 코스닥150선물레버리지,1,316670,KIWOOM 코스닥150,"1,226",20.66,OK
291680,RISE 차이나H선물인버스(H),,,,,,EMPTY_NO_TABLE
277650,TIGER 코스피중형주,1,000500,가온전선,88,2.14,OK
277650,TIGER 코스피중형주,2,047040,대우건설,"1,225",1.92,OK
277650,TIGER 코스피중형주,3,353200,대덕전자,147,1.64,OK
277650,TIGER 코스피중형주,4,004170,신세계,28,1.62,OK
277650,TIGER 코스피중형주,5,271560,오리온,118,1.55,OK
277650,TIGER 코스피중형주,6,062040,산일전기,91,1.52,OK
277650,TIGER 코스피중형주,7,036570,NC,64,1.51,OK
277650,TIGER 코스피중형주,8,000990,DB하이텍,130,1.41,OK
277650,TIGER 코스피중형주,9,011790,SKC,148,1.28,OK
277650,TIGER 코스피중형주,10,023530,롯데쇼핑,84,1.27,OK
238670,PLUS 스마트베타Quality채권혼합,1,298340,PLUS 국채선물3년,"3,100",-,OK
238670,PLUS 스마트베타Quality채권혼합,2,114260,KODEX 국고채3년,"1,000",-,OK
238670,PLUS 스마트베타Quality채권혼합,3,453010,PLUS KOFR금리,300,-,OK
238670,PLUS 스마트베타Quality채권혼합,4,073240,금호타이어,"2,318",-,OK
238670,PLUS 스마트베타Quality채권혼합,5,271560,오리온,123,-,OK
238670,PLUS 스마트베타Quality채권혼합,6,282330,BGF리테일,128,-,OK
238670,PLUS 스마트베타Quality채권혼합,7,069260,TKG휴켐스,"1,008",-,OK
238670,PLUS 스마트베타Quality채권혼합,8,028670,팬오션,"2,938",-,OK
238670,PLUS 스마트베타Quality채권혼합,9,036570,NC,62,-,OK
238670,PLUS 스마트베타Quality채권혼합,10,005300,롯데칠성,142,-,OK
145670,ACE 인버스,1,114800,KODEX 인버스,"19,589",17.13,OK
145670,ACE 인버스,2,123310,TIGER 인버스,143,0.14,OK
225030,TIGER 미국S&P500선물인버스(H),,,,,,EMPTY_NO_TABLE
226380,ACE Fn성장소비주도주,1,161890,한국콜마,130,2.65,OK
226380,ACE Fn성장소비주도주,2,090430,아모레퍼시픽,107,2.29,OK
226380,ACE Fn성장소비주도주,3,192820,코스맥스,69,2.23,OK
226380,ACE Fn성장소비주도주,4,462870,시프트업,368,2.21,OK
226380,ACE Fn성장소비주도주,5,280360,롯데웰푸드,113,2.14,OK
226380,ACE Fn성장소비주도주,6,006040,동원산업,351,2.13,OK
226380,ACE Fn성장소비주도주,7,194480,데브시스터즈,683,2.11,OK
226380,ACE Fn성장소비주도주,8,001800,오리온홀딩스,446,2.10,OK
226380,ACE Fn성장소비주도주,9,051900,LG생활건강,48,2.10,OK
226380,ACE Fn성장소비주도주,10,002790,아모레퍼시픽홀딩스,491,2.07,OK
334690,RISE 팔라듐선물(H),1,455890,RISE 머니마켓액티브,923,-,OK
227550,TIGER 200 산업재,1,012450,한화에어로스페이스,42,17.40,OK
227550,TIGER 200 산업재,2,373220,LG에너지솔루션,88,12.80,OK
227550,TIGER 200 산업재,3,010120,LS ELECTRIC,140,11.43,OK
227550,TIGER 200 산업재,4,047810,한국항공우주,126,8.00,OK
227550,TIGER 200 산업재,5,079550,LIG디펜스앤에어로스페이스,24,7.70,OK
227550,TIGER 200 산업재,6,086280,현대글로비스,66,5.49,OK
227550,TIGER 200 산업재,7,003490,대한항공,455,5.21,OK
227550,TIGER 200 산업재,8,011200,HMM,557,4.82,OK
227550,TIGER 200 산업재,9,003670,포스코퓨처엠,64,4.27,OK
227550,TIGER 200 산업재,10,006260,LS,30,4.03,OK
0079X0,ACE BYD밸류체인액티브,,,,,,EMPTY_NO_TABLE
267490,RISE 미국장기국채선물레버리지(합성 H),1,455890,RISE 머니마켓액티브,857,-,OK
267490,RISE 미국장기국채선물레버리지(합성 H),2,272560,RISE 단기국공채액티브,214,-,OK
267490,RISE 미국장기국채선물레버리지(합성 H),3,196230,RISE 단기통안채,143,-,OK
267490,RISE 미국장기국채선물레버리지(합성 H),4,267440,RISE 미국장기국채선물(H),"1,000",-,OK
253230,KIWOOM 200선물인버스2X,1,252670,KODEX 200선물인버스2X,"9,334",11.39,OK
253230,KIWOOM 200선물인버스2X,2,253240,KIWOOM 200선물인버스,139,2.32,OK
489010,PLUS 글로벌AI인프라,,,,,,EMPTY_NO_TABLE
424460,HANARO 글로벌워터MSCI(합성),,,,,,EMPTY_NO_TABLE
227560,TIGER 200 생활소비재,1,033780,KT&G,295,20.78,OK
227560,TIGER 200 생활소비재,2,015760,한국전력,"1,162",16.08,OK
227560,TIGER 200 생활소비재,3,278470,에이피알,90,13.82,OK
227560,TIGER 200 생활소비재,4,003230,삼양식품,14,6.28,OK
227560,TIGER 200 생활소비재,5,090430,아모레퍼시픽,114,5.60,OK
227560,TIGER 200 생활소비재,6,271560,오리온,80,4.32,OK
227560,TIGER 200 생활소비재,7,051900,LG생활건강,34,3.41,OK
227560,TIGER 200 생활소비재,8,483650,달바글로벌,37,2.98,OK
227560,TIGER 200 생활소비재,9,161890,한국콜마,63,2.95,OK
227560,TIGER 200 생활소비재,10,001040,CJ,51,2.94,OK
454180,KIWOOM 차이나내수소비TOP CSI,,,,,,EMPTY_NO_TABLE
397420,RISE 국채선물5년추종,,,,,,EMPTY_NO_TABLE
476000,UNICORN 포스트IPO액티브,1,458870,씨어스,"1,283",15.01,OK
476000,UNICORN 포스트IPO액티브,2,394420,리센스메디컬,"1,906",9.45,OK
476000,UNICORN 포스트IPO액티브,3,439960,코스모로보틱스,"2,200",9.14,OK
476000,UNICORN 포스트IPO액티브,4,0017J0,세미티에스,"7,000",7.91,OK
476000,UNICORN 포스트IPO액티브,5,477850,마키나락스,780,6.81,OK
476000,UNICORN 포스트IPO액티브,6,279570,케이뱅크,"2,700",5.42,OK
476000,UNICORN 포스트IPO액티브,7,0011A0,액스비스,"1,600",5.32,OK
476000,UNICORN 포스트IPO액티브,8,493280,아이엠바이오로직스,750,5.30,OK
476000,UNICORN 포스트IPO액티브,9,0082N0,카나프테라퓨틱스,800,3.52,OK
476000,UNICORN 포스트IPO액티브,10,476830,알지노믹스,300,3.24,OK
427120,RISE AI플랫폼,1,067160,SOOP,193,9.75,OK
427120,RISE AI플랫폼,2,181710,NHN,219,8.82,OK
427120,RISE AI플랫폼,3,030190,NICE평가정보,595,8.56,OK
427120,RISE AI플랫폼,4,035720,카카오,223,8.16,OK
427120,RISE AI플랫폼,5,035420,NAVER,39,7.72,OK
427120,RISE AI플랫폼,6,052400,코나아이,176,7.72,OK
427120,RISE AI플랫폼,7,042000,카페24,428,7.48,OK
427120,RISE AI플랫폼,8,376300,디어유,282,6.55,OK
427120,RISE AI플랫폼,9,030520,한글과컴퓨터,369,6.45,OK
427120,RISE AI플랫폼,10,486990,노타,321,5.94,OK
252410,RISE 200선물인버스,1,252420,RISE 200선물인버스2X,"7,895",0.64,OK
280940,KODEX 골드선물인버스(H),,,,,,EMPTY_NO_TABLE
306530,HANARO 코스닥150선물레버리지,1,304770,HANARO 코스닥150,"2,031",17.25,OK
306530,HANARO 코스닥150선물레버리지,2,233740,KODEX 코스닥150레버리지,450,2.03,OK
291620,KIWOOM 코스닥150선물인버스,,,,,,EMPTY_NO_TABLE
275750,RISE 코스닥150선물인버스,,,,,,EMPTY_NO_TABLE
491630,RISE 미국반도체인버스(합성 H),,,,,,EMPTY_NO_TABLE
253160,PLUS 200선물인버스2X,1,252670,KODEX 200선물인버스2X,"11,298",13.35,OK
253160,PLUS 200선물인버스2X,2,252710,TIGER 200선물인버스2X,"5,096",6.37,OK
334700,RISE 팔라듐선물인버스(H),1,455890,RISE 머니마켓액티브,333,-,OK
253240,KIWOOM 200선물인버스,1,114800,KODEX 인버스,"1,483",6.36,OK
465620,ACE 미국빅테크TOP7 Plus인버스(합성),,,,,,EMPTY_NO_TABLE
306520,HANARO 200선물인버스,,,,,,EMPTY_NO_TABLE
412560,TIGER BBIG레버리지,1,036570,NC,33,9.24,OK
412560,TIGER BBIG레버리지,2,006400,삼성SDI,17,8.99,OK
412560,TIGER BBIG레버리지,3,259960,크래프톤,30,8.37,OK
412560,TIGER BBIG레버리지,4,196170,알테오젠,19,7.24,OK
412560,TIGER BBIG레버리지,5,068270,셀트리온,35,7.21,OK
412560,TIGER BBIG레버리지,6,373220,LG에너지솔루션,18,7.16,OK
412560,TIGER BBIG레버리지,7,005490,POSCO홀딩스,20,7.14,OK
412560,TIGER BBIG레버리지,8,207940,삼성바이오로직스,4,6.86,OK
412560,TIGER BBIG레버리지,9,364960,TIGER BBIG,932,6.83,OK
412560,TIGER BBIG레버리지,10,035420,NAVER,31,6.81,OK
